/*******************************************************************************
 * Size: 16 px
 * Bpp: 1
 * Opts: --bpp 1 --size 16 --no-compress --font ..\..\NotoSansJP-Regular.ttf --symbols 一右雨円王音下火花貝学気休吸金九空月犬見口校左三山子四糸字耳七車手十出女小上森人水正生青赤先千川早草足村大竹中虫町天田土二日入年白八本文名目立力林六引羽雲園遠何科夏家歌画回会海絵外角楽活間丸岩顔汽記帰弓牛魚京強教近兄形計元言原戸古午後語工公広交光考行高黄合谷国黒今才細作算止市思指止自時室社弱首秋週春書少場色食心新親図数星晴切雪船線前組走多太体台地池知茶昼長鳥朝直通弟店点電刀冬当東答頭同道読内南肉馬売買麦半番父風分聞米歩母方北毎妹万明鳴門夜野友用曜羊葉陽様落流旅力礼和愛案以衣位囲胃印英栄塩億加果貨課芽改械害街各覚完官管関観願希季紀喜旗器機議求泣救給挙漁共協鏡競極区軍郡径型景芸欠結血決結月件健験庫湖個呼固候航康告差最祭細宰才砦際在材罪財坂昨策咲察刷殺札察参産散残士氏史司試詩誌磁事似持辞次治児実質写舎謝煮社車捨若借尺若主取守手種酒首受授樹収周宗就衆従住重宿祝術述術準序除傷勝商照焼障賞乗場浄状畳譲植飾触嘱身神真深進世瀬成整盛誠正清静西誓静青斉税隻席惜斥石赤跡切折絶雪設舌切接摂節説先戦宣専泉浅洗染線選船鮮前全然膳組礎層燥想捜掃窓操創装層総早走草送相霜騒像増造蔵贈側則促速族存損村太陽袋待貸退代台大第題滝宅択卓託拓諾託濁諾宅託択諾 --range 0x3040-0x309F,0x30A0-0x30FF --format lvgl
 ******************************************************************************/

#ifdef __has_include
    #if __has_include("lvgl.h")
        #ifndef LV_LVGL_H_INCLUDE_SIMPLE
            #define LV_LVGL_H_INCLUDE_SIMPLE
        #endif
    #endif
#endif

#ifdef LV_LVGL_H_INCLUDE_SIMPLE
    #include "lvgl.h"
#else
    #include "lvgl/lvgl.h"
#endif

#ifndef UI_FONT_FONT_JP_16
#define UI_FONT_FONT_JP_16 1
#endif

#if UI_FONT_FONT_JP_16

/*-----------------
 *    BITMAPS
 *----------------*/

/*Store the image of the glyphs*/
static LV_ATTRIBUTE_LARGE_CONST const uint8_t glyph_bitmap[] = {
    /* U+3041 "ぁ" */
    0x18, 0x2, 0x1b, 0xfc, 0x8, 0x1, 0xf8, 0x62,
    0x9c, 0x8e, 0xb1, 0x94, 0x33, 0xb, 0xe7, 0x1,
    0x0,

    /* U+3042 "あ" */
    0xc, 0x0, 0x40, 0x3f, 0xf8, 0x10, 0x0, 0x8c,
    0x7, 0xf0, 0x62, 0xc5, 0x31, 0x49, 0xc, 0x50,
    0x63, 0x83, 0x18, 0x2f, 0x46, 0x0, 0xc0,

    /* U+3043 "ぃ" */
    0x81, 0x20, 0x68, 0xa, 0x3, 0x80, 0x62, 0x1c,
    0x85, 0x60, 0x30, 0x0,

    /* U+3044 "い" */
    0x80, 0x8, 0x4, 0x80, 0x68, 0x2, 0x80, 0x28,
    0x3, 0x80, 0x18, 0x41, 0x44, 0x14, 0x80, 0x38,
    0x0,

    /* U+3045 "ぅ" */
    0x40, 0x3e, 0x0, 0x0, 0x7e, 0xc3, 0x1, 0x1,
    0x1, 0x2, 0x1c, 0x30,

    /* U+3046 "う" */
    0x20, 0xf, 0xe0, 0x0, 0x0, 0x3f, 0x38, 0x20,
    0x4, 0x1, 0x0, 0x40, 0x30, 0x18, 0x1c, 0x1c,
    0x0,

    /* U+3047 "ぇ" */
    0x3f, 0x0, 0x0, 0x1, 0xfc, 0x6, 0x3, 0x0,
    0xc0, 0x50, 0x22, 0x10, 0x8c, 0x3c,

    /* U+3048 "え" */
    0x1f, 0x0, 0x38, 0x0, 0x0, 0x0, 0x7f, 0x80,
    0x30, 0x6, 0x0, 0xc0, 0x1b, 0x3, 0x10, 0x61,
    0xc, 0xf,

    /* U+3049 "ぉ" */
    0x10, 0x2, 0x13, 0xf1, 0x88, 0x11, 0x0, 0x3f,
    0xc, 0x32, 0x82, 0x90, 0x52, 0x11, 0xdc, 0x0,

    /* U+304A "お" */
    0x8, 0x0, 0x40, 0x2, 0x48, 0xfe, 0x30, 0x80,
    0x84, 0x0, 0x3f, 0x7, 0x4, 0x68, 0x16, 0x40,
    0xa2, 0x5, 0x90, 0xc3, 0x9c, 0x0,

    /* U+304B "か" */
    0x8, 0x0, 0x20, 0x0, 0x82, 0x3f, 0xc4, 0x90,
    0x90, 0x42, 0x21, 0x8, 0x88, 0x22, 0x20, 0x81,
    0x86, 0x4, 0x10, 0x33, 0xc0,

    /* U+304C "が" */
    0x0, 0x8, 0x20, 0xd0, 0x81, 0x2, 0x8, 0xff,
    0x32, 0x42, 0x41, 0x8, 0x8c, 0x22, 0x20, 0x88,
    0x82, 0x6, 0x18, 0x10, 0x40, 0xcf, 0x0,

    /* U+304D "き" */
    0xc, 0x0, 0x93, 0xfe, 0x3, 0x0, 0x20, 0x5,
    0xbf, 0xf0, 0x8, 0x1, 0x98, 0xf2, 0x0, 0x40,
    0xc, 0x0, 0x7e, 0x0,

    /* U+304E "ぎ" */
    0x0, 0x0, 0x62, 0x81, 0x29, 0xff, 0x0, 0x60,
    0x1, 0x0, 0xb, 0x1f, 0xf8, 0x1, 0x0, 0xc,
    0x21, 0xe1, 0x0, 0x8, 0x0, 0x60, 0x0, 0xfc,
    0x0,

    /* U+304F "く" */
    0x0, 0x1, 0x81, 0x81, 0x83, 0x3, 0x3, 0x1,
    0x80, 0x60, 0xc, 0x3, 0x0, 0xc0, 0x30, 0x8,

    /* U+3050 "ぐ" */
    0x0, 0x0, 0x60, 0x10, 0xc, 0x43, 0x14, 0xc2,
    0xb0, 0x6, 0x0, 0x60, 0x6, 0x0, 0x30, 0x3,
    0x0, 0x30, 0x2, 0x0,

    /* U+3051 "け" */
    0x40, 0x42, 0x2, 0x30, 0x11, 0x0, 0x88, 0xff,
    0xc0, 0x22, 0x1, 0x10, 0x8, 0xa0, 0x46, 0x2,
    0x30, 0x31, 0x81, 0x4, 0x30, 0x0, 0x0,

    /* U+3052 "げ" */
    0x0, 0x9, 0x1, 0x5c, 0x5, 0x20, 0x10, 0x87,
    0xfa, 0x1, 0x8, 0x4, 0x20, 0x10, 0xa0, 0x43,
    0x81, 0xc, 0xc, 0x30, 0x20, 0x43, 0x0, 0x0,
    0x0,

    /* U+3053 "こ" */
    0x7f, 0x80, 0x0, 0x0, 0x0, 0x0, 0x0, 0x8,
    0x2, 0x0, 0x80, 0x30, 0x3, 0xfc,

    /* U+3054 "ご" */
    0x0, 0x0, 0x2, 0x80, 0xa, 0xff, 0x0, 0x0,
    0x0, 0x0, 0x0, 0x0, 0x0, 0x0, 0x4, 0x0,
    0x20, 0x1, 0x0, 0xc, 0x0, 0x1f, 0xe0,

    /* U+3055 "さ" */
    0x4, 0x0, 0x80, 0x19, 0x7f, 0xc0, 0x20, 0x2,
    0x0, 0x40, 0x4, 0xc7, 0xd0, 0x2, 0x0, 0x40,
    0x4, 0x0, 0x7f, 0x0,

    /* U+3056 "ざ" */
    0x0, 0x20, 0x45, 0x4, 0x40, 0x64, 0xff, 0x80,
    0x20, 0x3, 0x0, 0x10, 0x1, 0x80, 0x7c, 0x80,
    0x88, 0x0, 0x80, 0x4, 0x0, 0x3f, 0x80,

    /* U+3057 "し" */
    0x80, 0x20, 0x8, 0x2, 0x0, 0x80, 0x20, 0x8,
    0x2, 0x0, 0x80, 0x20, 0x8, 0xe, 0x2, 0x43,
    0xf, 0x0,

    /* U+3058 "じ" */
    0x80, 0x21, 0x48, 0x4a, 0x8, 0x80, 0x20, 0x8,
    0x2, 0x0, 0x80, 0x20, 0x18, 0xf, 0xc, 0x3e,
    0x0,

    /* U+3059 "す" */
    0x1, 0x0, 0x8, 0x0, 0x41, 0xff, 0xf0, 0x10,
    0x7, 0x80, 0x44, 0x2, 0x20, 0x11, 0x80, 0x78,
    0x0, 0x40, 0xc, 0x1, 0xc0, 0x0,

    /* U+305A "ず" */
    0x0, 0x0, 0x9, 0x40, 0x4a, 0x2, 0x4f, 0xff,
    0x80, 0x80, 0x3c, 0x3, 0x20, 0x11, 0x0, 0x8c,
    0x6, 0x40, 0x1e, 0x0, 0x30, 0x3, 0x0, 0x70,
    0x0,

    /* U+305B "せ" */
    0x10, 0x40, 0x82, 0x4, 0x10, 0x3f, 0xff, 0x4,
    0x8, 0x20, 0x41, 0x2, 0x38, 0x10, 0x0, 0x80,
    0x4, 0x0, 0x1f, 0xc0,

    /* U+305C "ぜ" */
    0x0, 0x8, 0x41, 0x51, 0x5, 0x44, 0x10, 0x17,
    0xfb, 0xf1, 0x1, 0x4, 0x4, 0x10, 0x10, 0x40,
    0x47, 0x1, 0x0, 0x4, 0x0, 0xf, 0xe0,

    /* U+305D "そ" */
    0x1f, 0xc0, 0x18, 0x3, 0x0, 0x60, 0xc, 0x1,
    0xff, 0xf6, 0x0, 0x40, 0x8, 0x0, 0x80, 0x8,
    0x0, 0x40, 0x3, 0xc0,

    /* U+305E "ぞ" */
    0x1f, 0xc0, 0xc, 0x80, 0xca, 0xc, 0x50, 0xc0,
    0xf, 0xfb, 0xd8, 0x0, 0x80, 0x8, 0x0, 0x40,
    0x2, 0x0, 0x8, 0x0, 0x3c, 0x0,

    /* U+305F "た" */
    0x8, 0x0, 0x40, 0x2, 0xc1, 0xfc, 0x1, 0x80,
    0x8, 0xf8, 0x40, 0x6, 0x0, 0x20, 0x1, 0x10,
    0x18, 0x80, 0x86, 0xc, 0x1f, 0x80,

    /* U+3060 "だ" */
    0x8, 0x8, 0x20, 0xd0, 0xb1, 0x7f, 0x80, 0x18,
    0x0, 0x47, 0xe1, 0x0, 0xc, 0x0, 0x20, 0x0,
    0x88, 0x6, 0x20, 0x10, 0xc0, 0xc1, 0xf8,

    /* U+3061 "ち" */
    0x8, 0x0, 0x80, 0x18, 0x6f, 0xfe, 0x10, 0x1,
    0x0, 0x37, 0xc3, 0x83, 0x20, 0x12, 0x1, 0x0,
    0x30, 0x6, 0x1f, 0xc0,

    /* U+3062 "ぢ" */
    0x0, 0x14, 0x10, 0x28, 0x20, 0xa7, 0xff, 0x1,
    0x0, 0x2, 0x0, 0x4, 0x0, 0x1b, 0xe0, 0x38,
    0x30, 0x40, 0x20, 0x80, 0x40, 0x1, 0x80, 0x6,
    0x3, 0xf8, 0x0,

    /* U+3063 "っ" */
    0xf, 0x8f, 0x9, 0x0, 0x80, 0x10, 0x2, 0x0,
    0x80, 0x60, 0x70,

    /* U+3064 "つ" */
    0x7, 0xe1, 0xe0, 0xb8, 0x2, 0x0, 0x10, 0x0,
    0x80, 0x4, 0x0, 0x40, 0x6, 0x0, 0xe0, 0x78,
    0x0,

    /* U+3065 "づ" */
    0x0, 0x8, 0x0, 0x50, 0x1, 0x1, 0xf8, 0x3c,
    0x13, 0x80, 0x20, 0x0, 0x80, 0x2, 0x0, 0x8,
    0x0, 0x40, 0x3, 0x0, 0x38, 0xf, 0x0,

    /* U+3066 "て" */
    0xf, 0xff, 0xcc, 0x0, 0xc0, 0x4, 0x0, 0x40,
    0x2, 0x0, 0x10, 0x0, 0x80, 0x2, 0x0, 0xc,
    0x0, 0x38,

    /* U+3067 "で" */
    0xf, 0xfb, 0xe6, 0x0, 0x30, 0x0, 0x8a, 0x4,
    0x10, 0x10, 0x0, 0x40, 0x1, 0x0, 0x2, 0x0,
    0x6, 0x0, 0xe, 0x0,

    /* U+3068 "と" */
    0x40, 0x10, 0x4, 0x9, 0x8e, 0x26, 0xe, 0x3,
    0x1, 0x0, 0x80, 0x20, 0x8, 0x1, 0x0, 0x3f,
    0xc0,

    /* U+3069 "ど" */
    0x40, 0x54, 0x5, 0x40, 0x86, 0x18, 0x26, 0x3,
    0x80, 0x30, 0x4, 0x0, 0x80, 0x8, 0x0, 0x80,
    0x4, 0x0, 0x3f, 0xc0,

    /* U+306A "な" */
    0xc, 0x0, 0x30, 0x0, 0x90, 0x3f, 0x8c, 0x18,
    0xc, 0x41, 0x3, 0x4, 0x8, 0x10, 0x60, 0x43,
    0x1f, 0x0, 0xc7, 0x2, 0x16, 0x8, 0xc8, 0x1e,
    0x0,

    /* U+306B "に" */
    0x0, 0x2, 0x0, 0x30, 0xfd, 0x0, 0x8, 0x0,
    0x40, 0x2, 0x0, 0x10, 0x0, 0xa0, 0x5, 0x20,
    0x31, 0x1, 0x8c, 0xc, 0x3f, 0xe0, 0x0,

    /* U+306C "ぬ" */
    0x1, 0x0, 0x4, 0x4, 0x10, 0x11, 0xf0, 0x3d,
    0x30, 0xcc, 0x67, 0x20, 0x94, 0x82, 0x9e, 0xa,
    0x33, 0xe8, 0x91, 0xbc, 0x47, 0x20, 0xe4,

    /* U+306D "ね" */
    0x1c, 0x0, 0x30, 0x0, 0x60, 0x0, 0xe7, 0xf,
    0xb1, 0x3, 0x81, 0x6, 0x2, 0x1c, 0x4, 0x38,
    0x8, 0xb1, 0xf3, 0x64, 0x34, 0xc8, 0xb1, 0x8e,
    0x0,

    /* U+306E "の" */
    0x2, 0x0, 0xff, 0xc, 0x9c, 0xc4, 0x2c, 0x20,
    0xc3, 0x6, 0x10, 0x30, 0x81, 0x8c, 0x1a, 0x40,
    0x9c, 0x18, 0x3, 0x80,

    /* U+306F "は" */
    0x40, 0x42, 0x2, 0x30, 0x11, 0xf, 0xf8, 0x4,
    0x40, 0x22, 0x1, 0x10, 0x8, 0xc7, 0xc6, 0x43,
    0xb2, 0x13, 0x8f, 0x0,

    /* U+3070 "ば" */
    0x0, 0x9, 0x1, 0x54, 0x5, 0x30, 0x10, 0x87,
    0xfa, 0x1, 0x8, 0x4, 0x20, 0x10, 0x80, 0x42,
    0x9f, 0xc, 0xc7, 0x32, 0x16, 0xc8, 0x4b, 0x1e,
    0x0,

    /* U+3071 "ぱ" */
    0x0, 0x1f, 0x1, 0x9c, 0x5, 0xf0, 0x10, 0x87,
    0xfa, 0x1, 0x8, 0x4, 0x20, 0x10, 0x80, 0x42,
    0x9f, 0xc, 0xc6, 0x32, 0x16, 0xc8, 0x4b, 0x1e,
    0x0,

    /* U+3072 "ひ" */
    0x3c, 0x47, 0x42, 0x4, 0x18, 0x40, 0xc2, 0x7,
    0x20, 0x29, 0x1, 0x28, 0x9, 0x40, 0x42, 0x6,
    0x8, 0x60, 0x3e, 0x0,

    /* U+3073 "び" */
    0x0, 0x8, 0x0, 0x53, 0xc5, 0x7a, 0x10, 0x10,
    0x60, 0x81, 0x82, 0x7, 0x10, 0x14, 0x40, 0x49,
    0x1, 0x24, 0x4, 0x10, 0x30, 0x21, 0x80, 0x7c,
    0x0,

    /* U+3074 "ぴ" */
    0x0, 0xc, 0x0, 0x24, 0x71, 0x4f, 0xc3, 0x61,
    0x6, 0x4, 0x4, 0x8, 0xc, 0x20, 0x1c, 0x40,
    0x2c, 0x80, 0x81, 0x1, 0x2, 0x6, 0x2, 0x18,
    0x3, 0xe0, 0x0,

    /* U+3075 "ふ" */
    0x2, 0x0, 0x6, 0x0, 0x3, 0x0, 0x2, 0x0,
    0x8, 0x0, 0x40, 0x0, 0xc0, 0x0, 0xcc, 0x8,
    0x88, 0x30, 0x88, 0xc1, 0x13, 0x2, 0x30, 0x78,
    0x0,

    /* U+3076 "ぶ" */
    0x2, 0x0, 0x6, 0x8, 0x3, 0x48, 0x2, 0x50,
    0x8, 0x80, 0x40, 0x0, 0xc0, 0x0, 0xcc, 0x8,
    0x88, 0x30, 0x88, 0xc1, 0x13, 0x2, 0x30, 0x78,
    0x0,

    /* U+3077 "ぷ" */
    0x2, 0x0, 0x3, 0x86, 0x0, 0xc9, 0x0, 0x49,
    0x0, 0x86, 0x2, 0x0, 0x3, 0x0, 0x1, 0x98,
    0x8, 0x8c, 0x18, 0x46, 0x30, 0x42, 0x60, 0x43,
    0x7, 0x80,

    /* U+3078 "へ" */
    0xe, 0x0, 0x2c, 0x1, 0x18, 0xc, 0x30, 0x60,
    0x43, 0x0, 0x80, 0x3, 0x0, 0x6, 0x0, 0xc,

    /* U+3079 "べ" */
    0x0, 0x0, 0x1, 0x20, 0x42, 0xc3, 0x88, 0x19,
    0x0, 0xc6, 0x6, 0xc, 0x30, 0x18, 0x80, 0x30,
    0x0, 0x60, 0x0, 0xc0, 0x0,

    /* U+307A "ぺ" */
    0x0, 0x18, 0x0, 0x48, 0x0, 0x90, 0x39, 0x20,
    0xd1, 0x83, 0x10, 0xc, 0x30, 0x30, 0x30, 0xc0,
    0x30, 0x80, 0x30, 0x0, 0x30, 0x0, 0x20,

    /* U+307B "ほ" */
    0x47, 0xfe, 0x3f, 0xe0, 0x11, 0x0, 0x88, 0x7f,
    0xc0, 0x22, 0x1, 0x10, 0x8, 0xc7, 0xc6, 0x43,
    0xb2, 0x13, 0x8f, 0x0,

    /* U+307C "ぼ" */
    0x0, 0x15, 0x1f, 0xd4, 0x7f, 0xa0, 0x10, 0x80,
    0x42, 0x1, 0x8, 0x7f, 0xa0, 0x10, 0x80, 0x43,
    0x1f, 0xc, 0xc7, 0x32, 0x16, 0xcc, 0x4b, 0x1e,
    0x0,

    /* U+307D "ぽ" */
    0x0, 0x1e, 0x8f, 0xfd, 0x1f, 0xc6, 0x2, 0x8,
    0x4, 0x10, 0x8, 0x21, 0xfe, 0x40, 0x20, 0x80,
    0x41, 0x8f, 0x83, 0x31, 0xc6, 0x42, 0xcc, 0xc4,
    0x98, 0xf0, 0x0,

    /* U+307E "ま" */
    0x4, 0x0, 0x83, 0xff, 0x2, 0x0, 0x40, 0x8,
    0x3f, 0xf0, 0x20, 0x4, 0xf, 0x83, 0x1e, 0x42,
    0x68, 0x44, 0xf0, 0x0,

    /* U+307F "み" */
    0x3f, 0x80, 0x4, 0x0, 0x20, 0x0, 0x80, 0x6,
    0x10, 0x7e, 0x46, 0xcf, 0x32, 0xe, 0x98, 0x2a,
    0x41, 0x86, 0xc, 0x0, 0x60, 0x1, 0x0,

    /* U+3080 "む" */
    0x8, 0x0, 0x40, 0x2, 0x49, 0xfe, 0x60, 0x80,
    0x9c, 0x1, 0x90, 0x8, 0x80, 0x44, 0x2, 0x40,
    0x8e, 0x4, 0x10, 0x20, 0x83, 0x3, 0xf0,

    /* U+3081 "め" */
    0x0, 0x81, 0x4, 0x9, 0xf0, 0x72, 0x63, 0x11,
    0x29, 0x87, 0x28, 0x31, 0xc1, 0x8c, 0xc, 0xd0,
    0x9c, 0x18, 0x3, 0x80,

    /* U+3082 "も" */
    0x8, 0x0, 0x80, 0x88, 0xf, 0xf0, 0x8, 0x0,
    0x80, 0x98, 0x6f, 0xf2, 0x10, 0x11, 0x1, 0x10,
    0x11, 0x1, 0x8, 0x60, 0x7c,

    /* U+3083 "ゃ" */
    0xc, 0x8, 0xc0, 0x8f, 0x1e, 0x17, 0x3, 0x20,
    0x42, 0xf0, 0x40, 0xc, 0x0, 0x80, 0x10, 0x0,

    /* U+3084 "や" */
    0x0, 0x0, 0x10, 0x18, 0x40, 0x43, 0xe3, 0xe1,
    0x9c, 0x7, 0xe0, 0x31, 0x3, 0xd, 0xf0, 0x20,
    0x1, 0x0, 0xc, 0x0, 0x20, 0x1, 0x0,

    /* U+3085 "ゅ" */
    0x6, 0x20, 0x88, 0xf2, 0xca, 0xe2, 0x70, 0x99,
    0x26, 0x6a, 0x8f, 0x3, 0x1, 0x80,

    /* U+3086 "ゆ" */
    0x3, 0x0, 0x10, 0x81, 0x8, 0x7c, 0x99, 0x2a,
    0x11, 0xc1, 0x1c, 0x11, 0x91, 0x18, 0xb2, 0x87,
    0xc0, 0x60, 0xc, 0x0, 0x0,

    /* U+3087 "ょ" */
    0xc, 0x3, 0x0, 0xfc, 0x30, 0xc, 0x3, 0x7,
    0xe2, 0x3e, 0x8c, 0xde, 0x0,

    /* U+3088 "よ" */
    0x6, 0x0, 0x60, 0x6, 0x0, 0x60, 0x7, 0xf0,
    0x60, 0x6, 0x0, 0x60, 0x6, 0x7, 0xe0, 0xc7,
    0xc8, 0x66, 0xc6, 0x37, 0xc0,

    /* U+3089 "ら" */
    0x3c, 0x1, 0xcc, 0x3, 0x0, 0x80, 0x27, 0xcf,
    0xb, 0x1, 0x80, 0x40, 0x10, 0x8, 0xfc, 0x38,
    0x0,

    /* U+308A "り" */
    0x40, 0x67, 0x34, 0x54, 0x3c, 0xe, 0x6, 0x3,
    0x1, 0x80, 0x80, 0x80, 0xc0, 0xc3, 0xc0,

    /* U+308B "る" */
    0x3f, 0xe0, 0x8, 0x1, 0x0, 0x60, 0xc, 0x1,
    0xfc, 0x30, 0x6c, 0x1, 0xe, 0x11, 0x11, 0x10,
    0xb1, 0x8e, 0xf, 0x80,

    /* U+308C "れ" */
    0xc, 0x0, 0x20, 0x0, 0x80, 0xf, 0x38, 0xeb,
    0x30, 0x30, 0xc1, 0x83, 0xe, 0x8, 0x28, 0x21,
    0xa0, 0x8c, 0x82, 0x22, 0x9, 0x8, 0x3c,

    /* U+308D "ろ" */
    0x3f, 0xe0, 0xc, 0x1, 0x80, 0x30, 0x6, 0x0,
    0xfc, 0x18, 0x26, 0x1, 0x40, 0x10, 0x1, 0x0,
    0x30, 0xe, 0xf, 0x80,

    /* U+308E "ゎ" */
    0x18, 0x2, 0x0, 0x40, 0x7b, 0xc3, 0x84, 0x60,
    0x5c, 0xb, 0x81, 0xb0, 0x76, 0x18, 0xcc, 0x0,

    /* U+308F "わ" */
    0x1c, 0x0, 0x60, 0x1, 0x80, 0x7, 0x0, 0xf9,
    0xf0, 0x78, 0x21, 0x80, 0x4e, 0x1, 0x78, 0x5,
    0x60, 0x39, 0x81, 0x86, 0x3c, 0x18, 0x0,

    /* U+3090 "ゐ" */
    0x3f, 0x0, 0x10, 0x0, 0x80, 0xf, 0x81, 0xc3,
    0x1a, 0x9, 0x30, 0x29, 0x1, 0x8b, 0x8c, 0xe2,
    0x7d, 0x1d, 0xc8, 0x60, 0x3c, 0x0,

    /* U+3091 "ゑ" */
    0x1f, 0xe0, 0x6, 0x0, 0x7c, 0x6, 0xc, 0x67,
    0x10, 0x22, 0x40, 0x8b, 0x1, 0xf0, 0xc, 0x0,
    0x71, 0xc3, 0x69, 0x90, 0xc3, 0x41, 0x0,

    /* U+3092 "を" */
    0x8, 0x0, 0x80, 0xff, 0xc1, 0x0, 0x10, 0x3,
    0xe3, 0x63, 0xcc, 0x30, 0x8f, 0x1, 0xb0, 0x13,
    0x1, 0x0, 0x10, 0x0, 0xfe,

    /* U+3093 "ん" */
    0x2, 0x0, 0x18, 0x0, 0x40, 0x3, 0x0, 0x8,
    0x0, 0x60, 0x1, 0xf0, 0xc, 0x40, 0x21, 0x9,
    0x84, 0x24, 0x10, 0xb0, 0x44, 0x80, 0xe0,

    /* U+3094 "ゔ" */
    0x20, 0x1, 0xfc, 0x80, 0x14, 0x0, 0x53, 0xf0,
    0x70, 0x40, 0x1, 0x0, 0x8, 0x0, 0x40, 0x6,
    0x0, 0x60, 0xe, 0x1, 0xc0, 0x0,

    /* U+3095 "ゕ" */
    0x8, 0x0, 0x84, 0x18, 0x4f, 0xf6, 0x11, 0x21,
    0x13, 0x31, 0x12, 0x10, 0x61, 0x4, 0x20, 0xce,
    0x0,

    /* U+3096 "ゖ" */
    0xc1, 0x30, 0x48, 0x12, 0x7f, 0x81, 0x20, 0x48,
    0x13, 0x4, 0xc3, 0x30, 0x88, 0xc0,

    /* U+3099 "゙" */
    0x2a, 0x40,

    /* U+309A "゚" */
    0x69, 0x96,

    /* U+309B "゛" */
    0x12, 0x90,

    /* U+309C "゜" */
    0x69, 0x96,

    /* U+309D "ゝ" */
    0xc0, 0xc0, 0xc0, 0xc0, 0xc0, 0xc3, 0x9c, 0x20,

    /* U+309E "ゞ" */
    0x6, 0xa, 0x89, 0xc0, 0x60, 0x30, 0x18, 0xc,
    0x4, 0x3c, 0x60,

    /* U+309F "ゟ" */
    0x1, 0x80, 0xc, 0x0, 0x40, 0x7, 0x80, 0x27,
    0x83, 0x0, 0x10, 0x1, 0xf8, 0xc, 0x60, 0xc1,
    0xc, 0x18, 0xc0, 0x84, 0x8c, 0x27, 0x80,

    /* U+30A0 "゠" */
    0xfe, 0x0, 0x7, 0xf0,

    /* U+30A1 "ァ" */
    0xff, 0xc0, 0x30, 0x98, 0x2c, 0x8, 0x2, 0x1,
    0x0, 0x40, 0x60, 0x10, 0x0,

    /* U+30A2 "ア" */
    0xff, 0xf0, 0x3, 0x0, 0x60, 0x4c, 0x5, 0x80,
    0x40, 0x4, 0x0, 0xc0, 0x8, 0x1, 0x80, 0x30,
    0x6, 0x0,

    /* U+30A3 "ィ" */
    0x0, 0x40, 0x18, 0x6, 0x3, 0x80, 0xe0, 0xe4,
    0x10, 0x80, 0x10, 0x2, 0x0, 0x40, 0x8, 0x0,

    /* U+30A4 "イ" */
    0x0, 0x0, 0x3, 0x0, 0x60, 0xc, 0x1, 0x80,
    0x70, 0x3d, 0xf, 0x10, 0x1, 0x0, 0x10, 0x1,
    0x0, 0x10, 0x1, 0x0, 0x10,

    /* U+30A5 "ゥ" */
    0x8, 0x2, 0xf, 0xfe, 0x3, 0x80, 0xe0, 0x20,
    0x18, 0x6, 0x3, 0x3, 0x83, 0x80,

    /* U+30A6 "ウ" */
    0x4, 0x0, 0x40, 0x4, 0xf, 0xff, 0xff, 0xe8,
    0x2, 0x80, 0x68, 0x6, 0x0, 0x40, 0xc, 0x1,
    0x80, 0x30, 0xe, 0x1, 0x80,

    /* U+30A7 "ェ" */
    0x7f, 0xcf, 0xf8, 0x10, 0x2, 0x0, 0x40, 0x8,
    0x1, 0x0, 0x20, 0xff, 0xff, 0xfc,

    /* U+30A8 "エ" */
    0x7f, 0xf3, 0xff, 0x80, 0x80, 0x4, 0x0, 0x20,
    0x1, 0x0, 0x8, 0x0, 0x40, 0x2, 0x7, 0xff,
    0xff, 0xfe,

    /* U+30A9 "ォ" */
    0x3, 0x0, 0x63, 0xff, 0xff, 0xf0, 0x70, 0x1e,
    0x6, 0xc3, 0x98, 0xe3, 0x10, 0x60, 0x3c, 0x0,

    /* U+30AA "オ" */
    0x0, 0xc0, 0x3, 0x0, 0xc, 0x1f, 0xff, 0x7f,
    0xfc, 0xf, 0x0, 0x3c, 0x1, 0xb0, 0x1c, 0xc0,
    0xe3, 0xe, 0xc, 0x0, 0x30, 0x7, 0xc0,

    /* U+30AB "カ" */
    0x4, 0x0, 0x40, 0x4, 0xf, 0xff, 0x4, 0x10,
    0x41, 0x8, 0x10, 0x81, 0x8, 0x11, 0x1, 0x30,
    0x36, 0x2, 0xc3, 0xe0,

    /* U+30AC "ガ" */
    0x0, 0x8, 0x10, 0xa0, 0x41, 0x41, 0x4, 0x4,
    0x3, 0xff, 0xc0, 0x41, 0x2, 0x4, 0x8, 0x10,
    0x20, 0x41, 0x1, 0xc, 0xc, 0x60, 0x23, 0xf,
    0x80,

    /* U+30AD "キ" */
    0x8, 0x0, 0xc0, 0xc, 0x20, 0xfe, 0xfc, 0x0,
    0x40, 0x6, 0x0, 0x7f, 0x7f, 0x8e, 0x20, 0x2,
    0x0, 0x30, 0x3, 0x0, 0x10,

    /* U+30AE "ギ" */
    0x0, 0x8, 0x0, 0xb0, 0x41, 0x41, 0x4, 0x7,
    0xf3, 0xfc, 0x4, 0x20, 0x0, 0x80, 0x2, 0x38,
    0x3f, 0x87, 0xb0, 0x0, 0x40, 0x1, 0x0, 0x4,
    0x0, 0x18, 0x0,

    /* U+30AF "ク" */
    0x4, 0x0, 0xc0, 0xf, 0xf1, 0x3, 0x30, 0x26,
    0x6, 0x80, 0x40, 0xc, 0x1, 0x80, 0x30, 0x6,
    0x1, 0xc0, 0x30, 0x0,

    /* U+30B0 "グ" */
    0x0, 0xc, 0x18, 0x50, 0x41, 0x83, 0xfc, 0x18,
    0x30, 0xc0, 0xc6, 0x2, 0x30, 0x18, 0x0, 0xc0,
    0x6, 0x0, 0x30, 0x1, 0x80, 0x1c, 0x0, 0xc0,
    0x0,

    /* U+30B1 "ケ" */
    0x8, 0x0, 0x40, 0x6, 0x0, 0x3f, 0xf1, 0xff,
    0x90, 0x41, 0x82, 0x18, 0x10, 0x1, 0x0, 0x8,
    0x0, 0xc0, 0xc, 0x0, 0xc0, 0x4, 0x0,

    /* U+30B2 "ゲ" */
    0x0, 0x8, 0x20, 0xa0, 0x81, 0x46, 0x4, 0x1f,
    0xf8, 0x7f, 0xe2, 0x8, 0x18, 0x20, 0xc0, 0x80,
    0x4, 0x0, 0x10, 0x0, 0xc0, 0x6, 0x0, 0x30,
    0x0, 0x80, 0x0,

    /* U+30B3 "コ" */
    0x7f, 0xf0, 0x3, 0x0, 0x30, 0x3, 0x0, 0x30,
    0x3, 0x0, 0x30, 0x3, 0x0, 0x3f, 0xff, 0x0,
    0x30,

    /* U+30B4 "ゴ" */
    0x0, 0x48, 0x0, 0xa0, 0x2, 0x1f, 0xfc, 0x0,
    0x30, 0x0, 0xc0, 0x3, 0x0, 0xc, 0x0, 0x30,
    0x0, 0xc0, 0x3, 0x0, 0xc, 0xff, 0xf0, 0x0,
    0xc0,

    /* U+30B5 "サ" */
    0x10, 0x40, 0x82, 0x4, 0x11, 0xff, 0xf1, 0x4,
    0x8, 0x20, 0x41, 0x2, 0x8, 0x0, 0xc0, 0x4,
    0x0, 0x40, 0x1c, 0x0, 0x40, 0x0,

    /* U+30B6 "ザ" */
    0x0, 0x8, 0x41, 0x51, 0x5, 0x44, 0x10, 0xff,
    0xf8, 0x41, 0x1, 0x4, 0x4, 0x10, 0x10, 0x40,
    0x3, 0x0, 0x8, 0x0, 0x40, 0xe, 0x0, 0x10,
    0x0,

    /* U+30B7 "シ" */
    0x30, 0x0, 0xe0, 0x1, 0x1, 0x0, 0xc, 0x1,
    0x18, 0x18, 0x1, 0x80, 0x18, 0x1, 0x80, 0x38,
    0x7, 0x0, 0xe0, 0x0,

    /* U+30B8 "ジ" */
    0x0, 0x8, 0x60, 0xa0, 0xc2, 0x41, 0x84, 0x0,
    0x3, 0x80, 0x23, 0x81, 0x80, 0xc, 0x0, 0x60,
    0x3, 0x0, 0x38, 0x3, 0x80, 0x78, 0x0, 0x0,
    0x0,

    /* U+30B9 "ス" */
    0x7f, 0xe0, 0x4, 0x0, 0xc0, 0x8, 0x1, 0x80,
    0x30, 0x7, 0x80, 0xcc, 0x18, 0x67, 0x3, 0xc0,
    0x10,

    /* U+30BA "ズ" */
    0x0, 0x0, 0x0, 0x90, 0x1, 0x4f, 0xfc, 0x0,
    0x60, 0x1, 0x80, 0xc, 0x0, 0x20, 0x1, 0x80,
    0xe, 0x0, 0x64, 0x7, 0x8, 0x30, 0x31, 0x80,
    0x60,

    /* U+30BB "セ" */
    0x8, 0x0, 0x40, 0x2, 0xe, 0x17, 0xff, 0xe1,
    0x64, 0x10, 0x21, 0x81, 0x18, 0x8, 0x0, 0x40,
    0x2, 0x0, 0xf, 0xe0,

    /* U+30BC "ゼ" */
    0x0, 0x0, 0x0, 0xd0, 0x81, 0x42, 0x0, 0x8,
    0x38, 0x2f, 0xef, 0xe1, 0x32, 0x8, 0x8, 0x60,
    0x23, 0x0, 0x80, 0x2, 0x0, 0x8, 0x0, 0x1f,
    0xc0,

    /* U+30BD "ソ" */
    0x0, 0x2c, 0x2, 0x40, 0x26, 0x6, 0x30, 0x60,
    0x4, 0x0, 0xc0, 0x18, 0x1, 0x0, 0x60, 0xc,
    0x3, 0x80,

    /* U+30BE "ゾ" */
    0x0, 0x10, 0x2, 0xc0, 0xb, 0x0, 0xc, 0x6,
    0x30, 0x30, 0x81, 0x6, 0x8, 0x0, 0xc0, 0xc,
    0x0, 0x40, 0x6, 0x0, 0xe0, 0xc, 0x0, 0xc0,
    0x0,

    /* U+30BF "タ" */
    0x2, 0x0, 0x30, 0x1, 0xfe, 0x10, 0x31, 0x81,
    0x1a, 0x19, 0x9c, 0x80, 0x3c, 0x0, 0xe0, 0xd,
    0x80, 0xc0, 0x1c, 0x3, 0x80, 0x0,

    /* U+30C0 "ダ" */
    0x0, 0x8, 0x18, 0x50, 0x41, 0x3, 0xfc, 0x18,
    0x10, 0xc0, 0xc6, 0x42, 0x31, 0x98, 0x3, 0xc0,
    0x3, 0x0, 0x1e, 0x1, 0xc8, 0xc, 0x0, 0xe0,
    0x0,

    /* U+30C1 "チ" */
    0x0, 0xe3, 0xfc, 0x0, 0x80, 0x4, 0x0, 0x20,
    0x7f, 0xfc, 0x8, 0x0, 0x40, 0x6, 0x0, 0x20,
    0x3, 0x0, 0x30, 0x3, 0x0, 0x0,

    /* U+30C2 "ヂ" */
    0x0, 0xe1, 0xfe, 0x20, 0x22, 0x80, 0x84, 0x2,
    0x3, 0xff, 0xe0, 0x20, 0x0, 0x80, 0x6, 0x0,
    0x10, 0x0, 0xc0, 0x6, 0x0, 0x20, 0x0,

    /* U+30C3 "ッ" */
    0x8, 0x51, 0xb, 0x31, 0x20, 0x64, 0x8, 0x3,
    0x0, 0xc0, 0x30, 0x1c, 0x6, 0x0,

    /* U+30C4 "ツ" */
    0xc, 0x8, 0x41, 0xc4, 0x1c, 0x63, 0x40, 0x24,
    0x6, 0x0, 0x40, 0xc, 0x1, 0x80, 0x30, 0xe,
    0x3, 0x80, 0x0, 0x0,

    /* U+30C5 "ヅ" */
    0x0, 0x0, 0x0, 0x90, 0x1, 0x51, 0x0, 0x46,
    0x19, 0x8, 0x66, 0x31, 0x8, 0xc, 0x0, 0x20,
    0x1, 0x80, 0xc, 0x0, 0x60, 0x3, 0x0, 0x38,
    0x1, 0x80, 0x0,

    /* U+30C6 "テ" */
    0x3f, 0xe0, 0x0, 0x0, 0x0, 0x0, 0xf, 0xff,
    0xff, 0xfc, 0x8, 0x0, 0x40, 0x2, 0x0, 0x30,
    0x1, 0x0, 0x18, 0x3, 0x80, 0x0,

    /* U+30C7 "デ" */
    0x0, 0xc, 0x0, 0x68, 0xff, 0x60, 0x0, 0x0,
    0x0, 0x0, 0x0, 0x3f, 0xfe, 0x7f, 0xfc, 0x2,
    0x0, 0x4, 0x0, 0x8, 0x0, 0x30, 0x0, 0x40,
    0x1, 0x80, 0xe, 0x0, 0x0,

    /* U+30C8 "ト" */
    0xc0, 0x60, 0x30, 0x18, 0xc, 0x7, 0xc3, 0x3d,
    0x87, 0xc0, 0x60, 0x30, 0x18, 0xc, 0x0,

    /* U+30C9 "ド" */
    0xc1, 0xb0, 0xac, 0x23, 0x0, 0xc0, 0x3e, 0xc,
    0xf3, 0xe, 0xc0, 0x30, 0xc, 0x3, 0x0, 0xc0,
    0x0,

    /* U+30CA "ナ" */
    0x2, 0x0, 0x10, 0x0, 0x80, 0x4, 0xf, 0xff,
    0x81, 0x0, 0x8, 0x0, 0x40, 0x4, 0x0, 0x20,
    0x3, 0x0, 0x30, 0x3, 0x0, 0x0,

    /* U+30CB "ニ" */
    0x7f, 0xf0, 0x0, 0x0, 0x0, 0x0, 0x0, 0x0,
    0x0, 0x0, 0x0, 0x0, 0x0, 0xff, 0xf8,

    /* U+30CC "ヌ" */
    0x7f, 0xe0, 0xc, 0x1, 0x10, 0x63, 0x88, 0x1b,
    0x0, 0xc0, 0x3c, 0xc, 0xc3, 0xf, 0xc0, 0x20,
    0x0,

    /* U+30CD "ネ" */
    0x2, 0x0, 0x10, 0x1f, 0xfc, 0xff, 0xc0, 0x4,
    0x0, 0xc0, 0xc, 0x0, 0xc8, 0x3a, 0x67, 0x11,
    0xc0, 0x80, 0x4, 0x0, 0x20, 0x1, 0x0,

    /* U+30CE "ノ" */
    0x0, 0x60, 0x8, 0x1, 0x0, 0x60, 0x8, 0x3,
    0x0, 0x40, 0x18, 0x6, 0x3, 0x80, 0xc0, 0x30,
    0x0,

    /* U+30CF "ハ" */
    0xc, 0xc0, 0x21, 0x0, 0x86, 0x6, 0x8, 0x18,
    0x30, 0x40, 0x43, 0x1, 0x8, 0x6, 0x60, 0x9,
    0x0, 0x34, 0x0, 0x80,

    /* U+30D0 "バ" */
    0x0, 0x8, 0x0, 0x50, 0x8d, 0x2, 0x10, 0x8,
    0x60, 0x61, 0x81, 0x2, 0x4, 0xc, 0x30, 0x10,
    0x80, 0x66, 0x1, 0x90, 0x2, 0xc0, 0xc,

    /* U+30D1 "パ" */
    0x0, 0xc, 0x0, 0x24, 0x21, 0x48, 0x42, 0x60,
    0x86, 0x1, 0x4, 0x6, 0xc, 0x8, 0x8, 0x10,
    0x10, 0x60, 0x30, 0x80, 0x23, 0x0, 0x4c, 0x0,
    0xc0,

    /* U+30D2 "ヒ" */
    0xc0, 0x18, 0x3, 0x1, 0x61, 0xed, 0xe1, 0xe0,
    0x30, 0x6, 0x0, 0xc0, 0x18, 0x3, 0x0, 0x3f,
    0xf0,

    /* U+30D3 "ビ" */
    0x0, 0x2c, 0x5, 0xc0, 0x6c, 0x4, 0xc3, 0xcd,
    0xe0, 0xf0, 0xc, 0x0, 0xc0, 0xc, 0x0, 0xc0,
    0xc, 0x0, 0x7f, 0xe0,

    /* U+30D4 "ピ" */
    0x0, 0x36, 0x2, 0x70, 0x13, 0x80, 0x6c, 0x1c,
    0x67, 0x83, 0xe0, 0x18, 0x0, 0xc0, 0x6, 0x0,
    0x30, 0x1, 0x80, 0x7, 0xfe, 0x0,

    /* U+30D5 "フ" */
    0xff, 0xf0, 0x3, 0x0, 0x20, 0x6, 0x0, 0x60,
    0xc, 0x0, 0xc0, 0x18, 0x7, 0x1, 0xe0, 0x38,
    0x0,

    /* U+30D6 "ブ" */
    0x0, 0x0, 0x1, 0x40, 0xb, 0xff, 0xe0, 0x2,
    0x0, 0x10, 0x1, 0x80, 0x8, 0x0, 0xc0, 0xc,
    0x0, 0x60, 0xe, 0x1, 0xc0, 0x18, 0x0,

    /* U+30D7 "プ" */
    0x0, 0x18, 0x0, 0x9f, 0xff, 0x80, 0x8, 0x0,
    0x60, 0x1, 0x80, 0x4, 0x0, 0x30, 0x1, 0x80,
    0xc, 0x0, 0x70, 0x7, 0x0, 0x38, 0x0,

    /* U+30D8 "ヘ" */
    0xe, 0x0, 0x2c, 0x1, 0x18, 0xc, 0x30, 0x60,
    0x63, 0x0, 0xc0, 0x1, 0x80, 0x3, 0x0, 0xc,

    /* U+30D9 "ベ" */
    0x0, 0x0, 0x1, 0x20, 0x42, 0x83, 0xc8, 0x19,
    0x80, 0xc2, 0x6, 0x4, 0x30, 0x18, 0x80, 0x30,
    0x0, 0x60, 0x0, 0xc0, 0x0,

    /* U+30DA "ペ" */
    0x0, 0x18, 0x0, 0x48, 0x18, 0x90, 0x78, 0xc1,
    0x98, 0x6, 0x18, 0x18, 0x18, 0x60, 0x18, 0x40,
    0x18, 0x0, 0x18, 0x0, 0x10,

    /* U+30DB "ホ" */
    0x2, 0x0, 0x10, 0x0, 0x81, 0xff, 0xf0, 0x20,
    0x1, 0x0, 0xc9, 0x84, 0x44, 0x62, 0x36, 0x10,
    0xe0, 0x82, 0x4, 0x0, 0xe0, 0x0,

    /* U+30DC "ボ" */
    0x0, 0x0, 0x8, 0xa0, 0x22, 0x40, 0x80, 0xff,
    0xf8, 0x8, 0x0, 0x20, 0xc, 0x98, 0x22, 0x21,
    0x88, 0xcc, 0x21, 0xa0, 0x82, 0x2, 0x0, 0x38,
    0x0,

    /* U+30DD "ポ" */
    0x0, 0x18, 0x8, 0x90, 0x21, 0xc0, 0x80, 0xff,
    0xf8, 0x8, 0x0, 0x20, 0xc, 0x98, 0x22, 0x31,
    0x88, 0x6c, 0x21, 0xa0, 0x82, 0x2, 0x0, 0x38,
    0x0,

    /* U+30DE "マ" */
    0xff, 0xf8, 0x1, 0x80, 0xc, 0x0, 0xc2, 0xc,
    0x1c, 0xc0, 0x3c, 0x0, 0xc0, 0x3, 0x0, 0xc,
    0x0, 0x20,

    /* U+30DF "ミ" */
    0x3c, 0x0, 0xf8, 0x1, 0x80, 0x3, 0x0, 0x7e,
    0x0, 0x70, 0x0, 0x0, 0xf, 0x0, 0x7e, 0x0,
    0xe0,

    /* U+30E0 "ム" */
    0x2, 0x0, 0x18, 0x0, 0x60, 0x1, 0x0, 0xc,
    0x0, 0x30, 0x0, 0x82, 0x6, 0xc, 0x18, 0x10,
    0x41, 0xef, 0xfe, 0xb0, 0x3, 0x0, 0x0,

    /* U+30E1 "メ" */
    0x0, 0x60, 0x4, 0x20, 0x43, 0xc, 0xc, 0x80,
    0x78, 0x3, 0x0, 0x7c, 0xc, 0xe1, 0x83, 0x30,
    0x2e, 0x0, 0x0, 0x0,

    /* U+30E2 "モ" */
    0x7f, 0xe3, 0xff, 0x1, 0x0, 0x8, 0x0, 0x40,
    0x7f, 0xfc, 0x10, 0x0, 0x80, 0x4, 0x0, 0x20,
    0x1, 0x0, 0x7, 0xe0,

    /* U+30E3 "ャ" */
    0x10, 0x1, 0x0, 0x18, 0xf1, 0xfa, 0x78, 0x60,
    0xcc, 0x5, 0x80, 0x40, 0x4, 0x0, 0x60, 0x2,
    0x0,

    /* U+30E4 "ヤ" */
    0x0, 0x0, 0x60, 0x0, 0x80, 0x82, 0x7e, 0x7f,
    0x1b, 0xb0, 0xc0, 0x42, 0x1, 0x10, 0x6, 0x0,
    0x18, 0x0, 0x20, 0x0, 0x80, 0x3, 0x0, 0x0,
    0x0,

    /* U+30E5 "ュ" */
    0x7f, 0x80, 0x10, 0x6, 0x0, 0xc0, 0x18, 0x2,
    0x3f, 0xff, 0xff,

    /* U+30E6 "ユ" */
    0x3f, 0xf0, 0x0, 0x80, 0x2, 0x0, 0x8, 0x0,
    0x20, 0x1, 0x80, 0x6, 0x0, 0x18, 0xff, 0xff,
    0xff, 0xf0,

    /* U+30E7 "ョ" */
    0xff, 0xc0, 0x30, 0xc, 0x3, 0x7f, 0xc0, 0x30,
    0xc, 0x3, 0xff, 0xc0, 0x30,

    /* U+30E8 "ヨ" */
    0xff, 0xe0, 0xc, 0x1, 0x80, 0x30, 0x7, 0xff,
    0xc0, 0x18, 0x3, 0x0, 0x7f, 0xfc, 0x1, 0x80,

    /* U+30E9 "ラ" */
    0x7f, 0xc0, 0x0, 0x0, 0x0, 0xf, 0xfe, 0x0,
    0xc0, 0x10, 0x6, 0x0, 0x80, 0x60, 0x18, 0x1e,
    0x0, 0x0,

    /* U+30EA "リ" */
    0x81, 0x81, 0x81, 0x81, 0x81, 0x81, 0x81, 0x1,
    0x2, 0x6, 0x1c, 0x30,

    /* U+30EB "ル" */
    0x11, 0x0, 0x88, 0x4, 0x40, 0x22, 0x1, 0x10,
    0x8, 0x80, 0x44, 0x2, 0x21, 0x31, 0x19, 0x9,
    0x98, 0x79, 0x83, 0x0,

    /* U+30EC "レ" */
    0x80, 0x20, 0x8, 0x2, 0x0, 0x80, 0x20, 0x18,
    0x6, 0x6, 0x83, 0x23, 0x8f, 0x83, 0x80,

    /* U+30ED "ロ" */
    0xff, 0xfc, 0x3, 0xc0, 0x3c, 0x3, 0xc0, 0x3c,
    0x3, 0xc0, 0x3c, 0x3, 0xc0, 0x3f, 0xff, 0xc0,
    0x30,

    /* U+30EE "ヮ" */
    0xff, 0xe0, 0x38, 0xa, 0x2, 0x1, 0x80, 0x40,
    0x30, 0x18, 0x3c, 0x0, 0x0,

    /* U+30EF "ワ" */
    0xff, 0xe8, 0x2, 0x80, 0x28, 0x6, 0x80, 0x60,
    0x4, 0x0, 0xc0, 0x18, 0x3, 0x0, 0x60, 0x3c,
    0x1, 0x0,

    /* U+30F0 "ヰ" */
    0x0, 0x80, 0x8, 0xff, 0xff, 0xff, 0x10, 0x81,
    0x8, 0x10, 0x81, 0x8, 0xff, 0xff, 0xff, 0x0,
    0x80, 0x8, 0x0, 0x80,

    /* U+30F1 "ヱ" */
    0x7f, 0xf8, 0x0, 0x80, 0x8c, 0x4, 0xc0, 0x2c,
    0x1, 0x0, 0x8, 0x0, 0x40, 0x2, 0x7, 0xff,
    0xff, 0xfe,

    /* U+30F2 "ヲ" */
    0xff, 0xe0, 0xc, 0x1, 0x80, 0x2f, 0xfc, 0x1,
    0x80, 0x20, 0xc, 0x3, 0x1, 0xc0, 0xe0, 0x10,
    0x0,

    /* U+30F3 "ン" */
    0x40, 0x3, 0x0, 0xe, 0x0, 0x18, 0x20, 0x1,
    0x80, 0x18, 0x1, 0x80, 0x18, 0x1, 0x80, 0x38,
    0x7, 0x0, 0xe0, 0x0,

    /* U+30F4 "ヴ" */
    0x0, 0x10, 0x22, 0x81, 0xa, 0x8, 0xf, 0xff,
    0x7f, 0xf2, 0x0, 0x90, 0x4, 0x80, 0x60, 0x2,
    0x0, 0x30, 0x3, 0x0, 0x30, 0x7, 0x0, 0x60,
    0x0,

    /* U+30F5 "ヵ" */
    0x8, 0x2, 0xf, 0xfc, 0x21, 0x8, 0x44, 0x11,
    0x4, 0xc1, 0x60, 0xb1, 0xe0,

    /* U+30F6 "ヶ" */
    0x8, 0x1, 0x80, 0x1f, 0xf3, 0xff, 0x21, 0x4,
    0x10, 0x43, 0x0, 0x20, 0x6, 0x0, 0xc0, 0x18,
    0x0,

    /* U+30F7 "ヷ" */
    0x0, 0x10, 0x2, 0xc0, 0x1, 0xff, 0xc8, 0x2,
    0x40, 0x12, 0x1, 0x90, 0xc, 0x0, 0x40, 0x6,
    0x0, 0x60, 0x6, 0x0, 0x60, 0x1e, 0x0, 0x40,
    0x0,

    /* U+30F8 "ヸ" */
    0x0, 0x28, 0x5, 0x40, 0x25, 0xff, 0xef, 0xff,
    0x8, 0x40, 0x42, 0x2, 0x10, 0x10, 0x87, 0xff,
    0xbf, 0xfc, 0x1, 0x0, 0x8, 0x0, 0x40,

    /* U+30F9 "ヹ" */
    0x0, 0x8, 0x0, 0xb0, 0x0, 0x1f, 0xfe, 0x2,
    0x10, 0x9, 0x80, 0x2c, 0x0, 0x80, 0x2, 0x0,
    0x8, 0x0, 0x20, 0x3f, 0xfe, 0xff, 0xf8,

    /* U+30FA "ヺ" */
    0x0, 0x10, 0x2, 0x40, 0x9, 0xff, 0xc0, 0x2,
    0x0, 0x10, 0x1, 0x9f, 0xf8, 0x0, 0x40, 0x6,
    0x0, 0x60, 0x6, 0x0, 0x60, 0x1e, 0x0, 0x0,
    0x0,

    /* U+30FB "・" */
    0xff, 0x80,

    /* U+30FC "ー" */
    0xff, 0xf8,

    /* U+30FD "ヽ" */
    0xc0, 0xc0, 0xc0, 0xc0, 0x81, 0x81, 0x80,

    /* U+30FE "ヾ" */
    0x0, 0x6, 0x81, 0x38, 0x46, 0x1, 0x80, 0x60,
    0x18, 0x6, 0x1, 0x0,

    /* U+30FF "ヿ" */
    0xff, 0x80, 0x40, 0x20, 0x10, 0x8, 0x4, 0x2,
    0x1, 0x0, 0x80, 0x40, 0x20, 0x10, 0x8,

    /* U+4E00 "一" */
    0xff, 0xfe,

    /* U+4E03 "七" */
    0x4, 0x0, 0x8, 0x0, 0x10, 0x0, 0x20, 0x0,
    0x41, 0xc0, 0xfe, 0x3f, 0x0, 0x2, 0x0, 0x4,
    0x0, 0x8, 0x0, 0x10, 0x10, 0x20, 0x20, 0x40,
    0xc0, 0x7f, 0x0,

    /* U+4E07 "万" */
    0x7f, 0xfd, 0xff, 0xf0, 0x40, 0x1, 0x0, 0x4,
    0x0, 0x1f, 0xf0, 0x40, 0xc2, 0x3, 0x8, 0xc,
    0x20, 0x31, 0x0, 0x84, 0x2, 0x20, 0x19, 0x3,
    0xc0,

    /* U+4E09 "三" */
    0x7f, 0xf8, 0x0, 0x0, 0x0, 0x0, 0x0, 0x0,
    0x0, 0xff, 0xc0, 0x0, 0x0, 0x0, 0x0, 0x0,
    0x0, 0x0, 0x0, 0x3f, 0xff,

    /* U+4E0A "上" */
    0x3, 0x0, 0x6, 0x0, 0xc, 0x0, 0x18, 0x0,
    0x30, 0x0, 0x7f, 0x80, 0xc0, 0x1, 0x80, 0x3,
    0x0, 0x6, 0x0, 0xc, 0x0, 0x18, 0xf, 0xff,
    0xff, 0xff, 0xc0,

    /* U+4E0B "下" */
    0xff, 0xff, 0xff, 0xf0, 0x20, 0x0, 0x80, 0x2,
    0x0, 0xe, 0x0, 0x2e, 0x0, 0x8e, 0x2, 0x0,
    0x8, 0x0, 0x20, 0x0, 0x80, 0x2, 0x0, 0x8,
    0x0,

    /* U+4E16 "世" */
    0x33, 0x18, 0x66, 0x30, 0xcc, 0x61, 0x98, 0xcf,
    0xff, 0xe6, 0x63, 0xc, 0xc6, 0x19, 0x8c, 0x33,
    0xf8, 0x66, 0x30, 0xc0, 0x1, 0x80, 0x3, 0xff,
    0xc6, 0x0, 0x0,

    /* U+4E2D "中" */
    0x1, 0x0, 0x4, 0x0, 0x10, 0x3f, 0xff, 0xc1,
    0xf, 0x4, 0x3c, 0x10, 0xf0, 0x43, 0xff, 0xff,
    0x4, 0x30, 0x10, 0x0, 0x40, 0x1, 0x0, 0x4,
    0x0,

    /* U+4E38 "丸" */
    0x4, 0x0, 0x8, 0x0, 0x10, 0x7, 0xff, 0x80,
    0x43, 0x0, 0x86, 0x19, 0xc, 0x1e, 0x18, 0xc,
    0x30, 0x1c, 0x60, 0x4c, 0xc9, 0x81, 0x96, 0x3,
    0x38, 0x7, 0x80,

    /* U+4E3B "主" */
    0x4, 0x0, 0x8, 0x0, 0x10, 0x3f, 0xfe, 0xff,
    0xf8, 0x8, 0x0, 0x20, 0x0, 0x80, 0x2, 0x1,
    0xff, 0xc0, 0x20, 0x0, 0x80, 0x2, 0x3, 0xff,
    0xff, 0xff, 0xc0,

    /* U+4E57 "乗" */
    0x0, 0x31, 0xff, 0x0, 0x20, 0x1f, 0xfe, 0x12,
    0x20, 0x48, 0x8f, 0xff, 0xc4, 0x88, 0x7f, 0xf9,
    0xff, 0xe0, 0xe8, 0xc, 0x98, 0xe2, 0x1e, 0x8,
    0x10,

    /* U+4E5D "九" */
    0x4, 0x0, 0x8, 0x0, 0x10, 0x0, 0x20, 0x7,
    0xff, 0x0, 0x86, 0x1, 0xc, 0x2, 0x18, 0x8,
    0x30, 0x10, 0x60, 0x60, 0xc1, 0x81, 0x96, 0x3,
    0x38, 0x7, 0xc0,

    /* U+4E8B "事" */
    0x1, 0x0, 0xff, 0xf8, 0x4, 0x1, 0xff, 0x82,
    0x11, 0x7, 0xfe, 0x0, 0x40, 0x1f, 0xf8, 0x1,
    0x11, 0xff, 0xfc, 0x4, 0x41, 0xff, 0x80, 0x11,
    0x1, 0xe0, 0x0,

    /* U+4E8C "二" */
    0x7f, 0xf8, 0x0, 0x0, 0x0, 0x0, 0x0, 0x0,
    0x0, 0x0, 0x0, 0x0, 0x0, 0x0, 0x0, 0x0,
    0x0, 0xf, 0xff, 0xc0,

    /* U+4EA4 "交" */
    0x1, 0x0, 0x2, 0x1, 0xff, 0xf0, 0x0, 0x0,
    0xc6, 0x3, 0x3, 0xc, 0x3, 0x36, 0x33, 0x4,
    0x40, 0xd, 0x80, 0xe, 0x0, 0x1c, 0x0, 0xee,
    0x7, 0x7, 0x98, 0x3, 0x0,

    /* U+4EAC "京" */
    0x1, 0x0, 0xff, 0xf9, 0xff, 0xf0, 0x0, 0x1,
    0xff, 0x82, 0x1, 0x4, 0x2, 0xf, 0xfc, 0x1f,
    0xf8, 0x2, 0x0, 0x44, 0x61, 0x88, 0x46, 0x10,
    0x40, 0xe0, 0x0,

    /* U+4EBA "人" */
    0x1, 0x0, 0x2, 0x0, 0x4, 0x0, 0x8, 0x0,
    0x38, 0x0, 0x50, 0x0, 0xa0, 0x3, 0x60, 0x4,
    0x40, 0x18, 0xc0, 0x20, 0xc0, 0x80, 0xc6, 0x0,
    0xc8, 0x0, 0xc0,

    /* U+4ECA "今" */
    0x6, 0x0, 0x14, 0x0, 0xc8, 0x6, 0x10, 0x30,
    0x31, 0xff, 0x68, 0x0, 0xc0, 0x0, 0x7f, 0xf0,
    0x0, 0x80, 0x6, 0x0, 0x10, 0x0, 0xc0, 0x2,
    0x0,

    /* U+4EE3 "代" */
    0x4, 0x48, 0x8, 0x4c, 0x18, 0x46, 0x10, 0x40,
    0x30, 0x7e, 0x77, 0xe0, 0xd0, 0x40, 0x10, 0x20,
    0x10, 0x20, 0x10, 0x20, 0x10, 0x32, 0x10, 0x12,
    0x10, 0x1a, 0x10, 0xe,

    /* U+4EE5 "以" */
    0x20, 0x18, 0x48, 0x30, 0x88, 0x41, 0x18, 0x82,
    0x11, 0x4, 0x6, 0x8, 0x8, 0x10, 0x10, 0x2c,
    0x60, 0x71, 0xe3, 0x86, 0x60, 0x18, 0x60, 0xc0,
    0x40,

    /* U+4EF6 "件" */
    0x18, 0x40, 0x49, 0x3, 0x24, 0x9, 0xff, 0x64,
    0x41, 0x91, 0xa, 0x4, 0x28, 0x10, 0x2f, 0xfc,
    0x81, 0x2, 0x4, 0x8, 0x10, 0x20, 0x40, 0x81,
    0x0,

    /* U+4F11 "休" */
    0x8, 0x40, 0x10, 0x80, 0x61, 0x0, 0x82, 0x3,
    0xff, 0xee, 0x1c, 0x14, 0x38, 0x8, 0xa8, 0x11,
    0x58, 0x24, 0x90, 0x51, 0x10, 0xc2, 0x11, 0x4,
    0x2, 0x8, 0x0,

    /* U+4F1A "会" */
    0x3, 0x0, 0x5, 0x0, 0x11, 0x0, 0x41, 0x3,
    0x1, 0x9d, 0xfd, 0xc0, 0x0, 0x0, 0x0, 0x7f,
    0xfc, 0x8, 0x0, 0x31, 0x80, 0x40, 0x87, 0xff,
    0x80, 0x1, 0x0,

    /* U+4F3C "似" */
    0x0, 0x0, 0x34, 0x8, 0x4a, 0x11, 0x92, 0x22,
    0x26, 0x4c, 0x44, 0xb8, 0x81, 0x51, 0x4, 0x22,
    0x8, 0x44, 0x90, 0x8f, 0x41, 0x71, 0xc2, 0x6,
    0x44, 0x18, 0xc8, 0xc0, 0x80,

    /* U+4F4D "位" */
    0x8, 0x40, 0x30, 0x80, 0x41, 0x1, 0x3f, 0xe6,
    0x0, 0x1c, 0x1, 0x28, 0xc2, 0x10, 0x8c, 0x21,
    0x10, 0x42, 0x20, 0x84, 0xc1, 0x1, 0x2, 0xff,
    0xe4, 0x0, 0x0,

    /* U+4F4F "住" */
    0x0, 0x0, 0x33, 0x0, 0x41, 0x81, 0x81, 0x6,
    0x7f, 0xcc, 0x8, 0x28, 0x10, 0x10, 0x20, 0x27,
    0xfc, 0x40, 0x80, 0x81, 0x1, 0x2, 0x2, 0x4,
    0x5, 0xff, 0xc8, 0x0, 0x0,

    /* U+4F53 "体" */
    0x18, 0x40, 0x20, 0x80, 0xc1, 0x1, 0x7f, 0xf6,
    0xe, 0x1c, 0x3c, 0x28, 0x54, 0x11, 0xac, 0x22,
    0x48, 0x48, 0x88, 0xbf, 0xf9, 0x2, 0x2, 0x4,
    0x4, 0x8, 0x0,

    /* U+4F55 "何" */
    0x10, 0x0, 0x40, 0x2, 0xff, 0xc8, 0x2, 0x60,
    0x9, 0x80, 0x2e, 0xfc, 0xab, 0x12, 0x2c, 0x48,
    0xb1, 0x22, 0xfc, 0x8b, 0x2, 0x20, 0x8, 0x80,
    0x22, 0x7, 0x80,

    /* U+4F5C "作" */
    0x19, 0x80, 0x22, 0x0, 0x44, 0x1, 0x1f, 0xf2,
    0x2c, 0xc, 0xd8, 0x3b, 0x30, 0x54, 0x7f, 0x20,
    0xc0, 0x41, 0x80, 0x83, 0xf9, 0x6, 0x2, 0xc,
    0x4, 0x18, 0x8, 0x30, 0x0,

    /* U+4FC3 "促" */
    0x10, 0x0, 0x27, 0xf8, 0x48, 0x11, 0x10, 0x22,
    0x20, 0x4c, 0x7f, 0xb8, 0xff, 0x50, 0x60, 0x22,
    0xc0, 0x45, 0xf8, 0x8b, 0x1, 0x3e, 0x2, 0x5c,
    0x5, 0x98, 0xa, 0x1f, 0x0,

    /* U+500B "個" */
    0x10, 0x0, 0x3f, 0xfc, 0xb0, 0x19, 0x62, 0x36,
    0xc4, 0x6d, 0xbf, 0xeb, 0x11, 0xd6, 0xfb, 0x2d,
    0x16, 0x5a, 0x2c, 0xb4, 0x59, 0x6f, 0xb2, 0xc0,
    0x65, 0xff, 0xcb, 0x1, 0x80,

    /* U+5019 "候" */
    0x10, 0x0, 0x23, 0xf0, 0xc0, 0x21, 0x60, 0x42,
    0xc0, 0x8d, 0xbe, 0xbb, 0x20, 0x56, 0xff, 0x2d,
    0x20, 0x5c, 0x40, 0xbf, 0xf9, 0x61, 0x2, 0xc5,
    0x4, 0x11, 0x8, 0xc1, 0x80,

    /* U+501F "借" */
    0x11, 0x10, 0x22, 0x20, 0xbf, 0xf1, 0x8, 0x86,
    0x11, 0x1d, 0xff, 0xe8, 0x0, 0x13, 0xfc, 0x26,
    0x8, 0x4c, 0x10, 0x9f, 0xe1, 0x30, 0x42, 0x60,
    0x84, 0xff, 0x0,

    /* U+5065 "健" */
    0x10, 0x20, 0x3d, 0xf8, 0x90, 0x91, 0x2f, 0xf6,
    0xc2, 0x5d, 0xdf, 0xaa, 0x88, 0x14, 0xfe, 0x2a,
    0x20, 0x58, 0x40, 0x97, 0xf9, 0x21, 0x2, 0xb2,
    0x6, 0x3f, 0xc0,

    /* U+5074 "側" */
    0x17, 0x82, 0x29, 0x24, 0x92, 0x49, 0x3c, 0x96,
    0x49, 0x3c, 0x92, 0x69, 0xe4, 0x92, 0x49, 0x24,
    0x92, 0x4f, 0x24, 0x84, 0x9, 0x24, 0x12, 0xcc,
    0x25, 0x1, 0x80,

    /* U+50B7 "傷" */
    0x12, 0x0, 0x27, 0xf8, 0xd0, 0x1, 0x7f, 0xc6,
    0x20, 0x9c, 0x7f, 0x28, 0xfe, 0x10, 0x0, 0x2f,
    0xfc, 0x4f, 0xf8, 0xb6, 0xd1, 0x9, 0x22, 0x64,
    0xc4, 0x93, 0x0,

    /* U+50CF "像" */
    0x11, 0x0, 0x27, 0xe0, 0xc8, 0x81, 0x23, 0x2,
    0xff, 0xcc, 0x88, 0xb9, 0xff, 0x53, 0xfe, 0xa3,
    0xa4, 0x59, 0xf0, 0x8d, 0x41, 0x67, 0xc2, 0x1a,
    0xc5, 0xcc, 0xca, 0x70, 0x0,

    /* U+5104 "億" */
    0x8, 0x40, 0x2f, 0xf8, 0xc8, 0x41, 0x18, 0x86,
    0x4e, 0xdc, 0xff, 0x29, 0x2, 0x13, 0xfc, 0x24,
    0x8, 0x4f, 0xf0, 0x85, 0x1, 0x28, 0x62, 0x91,
    0x65, 0x3e, 0x0,

    /* U+5143 "元" */
    0x3f, 0xf8, 0x0, 0x0, 0x0, 0x0, 0x0, 0xff,
    0xff, 0xff, 0xf0, 0x8c, 0x2, 0x30, 0x18, 0xc0,
    0x63, 0x13, 0xc, 0x58, 0x31, 0xc0, 0x7c,

    /* U+5144 "兄" */
    0x3f, 0xf8, 0x40, 0x10, 0x80, 0x21, 0x0, 0x42,
    0x0, 0x87, 0xff, 0xf, 0xfe, 0x2, 0x20, 0x4,
    0x40, 0x18, 0x80, 0x21, 0x8, 0xc2, 0x13, 0x4,
    0x78, 0xf, 0x80,

    /* U+5148 "先" */
    0x19, 0x0, 0x22, 0x0, 0x7f, 0xe1, 0x88, 0x2,
    0x10, 0x0, 0x20, 0x1f, 0xff, 0x3f, 0xfe, 0x4,
    0x40, 0x18, 0x80, 0x21, 0x0, 0xc2, 0x13, 0x4,
    0x3c, 0xf, 0xc0,

    /* U+5149 "光" */
    0x1, 0x0, 0x42, 0x10, 0x44, 0x60, 0xc8, 0x80,
    0x10, 0x1f, 0xff, 0xff, 0xff, 0x86, 0x20, 0xc,
    0x40, 0x10, 0x80, 0x21, 0x0, 0x82, 0x17, 0x4,
    0x38, 0xf, 0xc0,

    /* U+5150 "児" */
    0x23, 0xf8, 0x44, 0x10, 0x88, 0x21, 0x10, 0x42,
    0x3f, 0x84, 0x41, 0x8, 0x82, 0x11, 0xfc, 0x0,
    0x0, 0x8, 0x80, 0x11, 0x0, 0x62, 0x11, 0x84,
    0x2c, 0xf, 0xc0,

    /* U+5165 "入" */
    0x1f, 0x80, 0x3, 0x0, 0x6, 0x0, 0xc, 0x0,
    0x38, 0x0, 0x70, 0x0, 0xb0, 0x3, 0x60, 0x4,
    0x60, 0x18, 0x60, 0x60, 0xe1, 0x80, 0xee, 0x0,
    0x60, 0x0, 0x0,

    /* U+5168 "全" */
    0x1, 0x0, 0x5, 0x0, 0x19, 0x0, 0x63, 0x83,
    0x81, 0x8c, 0x1, 0xd7, 0xfd, 0x0, 0x80, 0x1,
    0x0, 0x7f, 0xf0, 0x4, 0x0, 0x8, 0x0, 0x10,
    0xf, 0xff, 0x80,

    /* U+516B "八" */
    0xf, 0xe0, 0x1f, 0xc0, 0x1, 0x80, 0x41, 0x0,
    0x82, 0x1, 0x4, 0x2, 0x8, 0xc, 0x18, 0x10,
    0x10, 0x20, 0x30, 0xc0, 0x63, 0x0, 0x64, 0x0,
    0x68, 0x0, 0x0,

    /* U+516C "公" */
    0x8, 0x40, 0x61, 0x81, 0x2, 0xc, 0x4, 0x60,
    0x1b, 0x8, 0x38, 0x60, 0x41, 0x0, 0xc, 0x40,
    0x21, 0x81, 0x83, 0x4, 0x6, 0x7f, 0xf8, 0x0,
    0x30,

    /* U+516D "六" */
    0x1, 0x0, 0x4, 0x0, 0x10, 0x1f, 0xff, 0x7f,
    0xfc, 0x0, 0x0, 0x0, 0x3, 0x18, 0x8, 0x30,
    0x60, 0x41, 0x1, 0x8c, 0x2, 0x60, 0xd, 0x0,
    0x10,

    /* U+5171 "共" */
    0x8, 0x20, 0x10, 0x40, 0x20, 0x83, 0xff, 0xe0,
    0x82, 0x1, 0x4, 0x2, 0x8, 0x4, 0x10, 0xff,
    0xfe, 0x0, 0x0, 0x0, 0x0, 0x41, 0x83, 0x1,
    0x8c, 0x1, 0x90, 0x1, 0x0,

    /* U+5185 "内" */
    0x2, 0x0, 0x10, 0x3f, 0xff, 0x4, 0x38, 0x21,
    0xc1, 0xe, 0x14, 0x70, 0xb3, 0x88, 0xdd, 0x82,
    0xe8, 0x7, 0x0, 0x38, 0x1, 0xc0, 0x38,

    /* U+5186 "円" */
    0xff, 0xff, 0xff, 0xfc, 0x10, 0xf0, 0x43, 0xc1,
    0xf, 0x4, 0x3f, 0xff, 0xff, 0xff, 0xc0, 0xf,
    0x0, 0x3c, 0x0, 0xf0, 0x3, 0xc0, 0xf, 0x0,
    0xe0,

    /* U+5199 "写" */
    0xff, 0xff, 0x20, 0x3c, 0x80, 0xc6, 0x0, 0x1f,
    0xe0, 0x40, 0x1, 0x0, 0x7, 0xf8, 0x10, 0x20,
    0x0, 0x8f, 0xff, 0xc0, 0x18, 0x0, 0x40, 0xf,
    0x0,

    /* U+51AC "冬" */
    0x4, 0x0, 0x4, 0x0, 0xf, 0xf8, 0x18, 0x30,
    0x3c, 0x70, 0xc6, 0xe0, 0x1, 0x80, 0x7, 0xe0,
    0x1c, 0x3c, 0xf7, 0x6, 0x1, 0xc0, 0x0, 0x40,
    0x1c, 0x0, 0x7, 0xe0, 0x0, 0x78,

    /* U+51FA "出" */
    0x2, 0x0, 0x10, 0x18, 0x84, 0xc4, 0x26, 0x21,
    0x31, 0x9, 0xff, 0xc0, 0x40, 0xc2, 0xe, 0x10,
    0x70, 0x83, 0x84, 0x1f, 0xff, 0xe0, 0x4,

    /* U+5200 "刀" */
    0x7f, 0xfe, 0x4, 0xc, 0x8, 0x18, 0x10, 0x30,
    0x20, 0x60, 0x80, 0xc1, 0x1, 0x82, 0x3, 0x8,
    0x4, 0x30, 0x8, 0xc0, 0x33, 0x3, 0xc0,

    /* U+5206 "分" */
    0xc, 0x60, 0x10, 0x40, 0x60, 0xc1, 0x80, 0xc6,
    0x0, 0xd8, 0x0, 0xef, 0xfe, 0x83, 0xc, 0x6,
    0x18, 0x8, 0x30, 0x30, 0x60, 0xc0, 0xc3, 0x3,
    0xc, 0x3e, 0x0,

    /* U+5207 "切" */
    0x23, 0xfe, 0x47, 0xfc, 0x81, 0x19, 0x32, 0x37,
    0xc4, 0x74, 0x8, 0xc8, 0x11, 0x90, 0x23, 0x22,
    0xc6, 0x45, 0xc, 0xfa, 0x10, 0x8, 0x20, 0x30,
    0xc0, 0xc7, 0x80,

    /* U+5237 "刷" */
    0x7f, 0x82, 0xc1, 0x45, 0x82, 0x8b, 0xfd, 0x17,
    0xfa, 0x2c, 0x44, 0x5f, 0xe8, 0xb9, 0x51, 0x72,
    0xa2, 0xe5, 0x45, 0xca, 0xa, 0x9c, 0x1c, 0x20,
    0x20, 0x43, 0xc0,

    /* U+5247 "則" */
    0x7e, 0x5, 0x9, 0x14, 0x24, 0x5f, 0x91, 0x42,
    0x45, 0x9, 0x17, 0xe4, 0x50, 0x91, 0x42, 0x45,
    0xf9, 0x10, 0x0, 0x49, 0x81, 0x42, 0x7, 0x8,
    0xf0,

    /* U+524D "前" */
    0x10, 0x20, 0x40, 0x80, 0x86, 0x3f, 0xff, 0x0,
    0x0, 0x0, 0x27, 0xe4, 0x90, 0x92, 0x7e, 0x49,
    0x9, 0x24, 0x24, 0x9f, 0x92, 0x42, 0x9, 0x8,
    0x24, 0xe3, 0x80,

    /* U+5275 "創" */
    0xc, 0x4, 0x58, 0x12, 0x34, 0x57, 0xd1, 0x80,
    0x45, 0xff, 0x17, 0xfc, 0x58, 0x71, 0x7f, 0xc5,
    0x81, 0x17, 0xf4, 0x5c, 0x41, 0xf1, 0x6, 0xfc,
    0xf0,

    /* U+529B "力" */
    0x2, 0x0, 0x8, 0x0, 0x20, 0x1f, 0xff, 0x2,
    0xc, 0x8, 0x30, 0x20, 0xc1, 0x3, 0x4, 0x8,
    0x30, 0x20, 0x80, 0x84, 0x6, 0x60, 0x19, 0x3,
    0xc0,

    /* U+52A0 "加" */
    0x10, 0x0, 0x20, 0x0, 0x43, 0xfb, 0xfe, 0x31,
    0x3c, 0x62, 0x78, 0xc4, 0xf1, 0x89, 0xe3, 0x13,
    0xc6, 0x47, 0x8c, 0x8f, 0x19, 0x1e, 0x34, 0x3f,
    0xfb, 0xd8, 0xc0,

    /* U+52DD "勝" */
    0x0, 0x20, 0x7d, 0x24, 0x6d, 0xe8, 0x6f, 0xfe,
    0x6c, 0x50, 0x7c, 0xc8, 0x6f, 0xfe, 0x6d, 0x8c,
    0x6d, 0x24, 0x7e, 0x22, 0x6d, 0xfc, 0x6c, 0x44,
    0x4c, 0xc4, 0x4d, 0x8c, 0xdb, 0x38,

    /* U+5317 "北" */
    0x6, 0x40, 0x6, 0x40, 0x6, 0x40, 0x6, 0x42,
    0x7e, 0x4c, 0x6, 0x78, 0x6, 0x40, 0x6, 0x40,
    0x6, 0x40, 0x6, 0x40, 0x1e, 0x41, 0xe6, 0x41,
    0x6, 0x41, 0x6, 0x7e,

    /* U+533A "区" */
    0xff, 0xfd, 0x80, 0x3, 0x0, 0xc6, 0x41, 0xc,
    0x64, 0x18, 0x78, 0x30, 0x60, 0x61, 0xa0, 0xc6,
    0x21, 0x98, 0x23, 0x60, 0x6, 0x0, 0xf, 0xff,
    0xf8, 0x0, 0x0,

    /* U+5341 "十" */
    0x1, 0x0, 0x2, 0x0, 0x4, 0x0, 0x8, 0x0,
    0x10, 0x0, 0x20, 0x3f, 0xff, 0x80, 0x80, 0x1,
    0x0, 0x2, 0x0, 0x4, 0x0, 0x8, 0x0, 0x10,
    0x0, 0x20, 0x0,

    /* U+5343 "千" */
    0x0, 0x38, 0x3f, 0xc0, 0xc4, 0x0, 0x8, 0x0,
    0x10, 0x0, 0x20, 0x3f, 0xff, 0x80, 0x80, 0x1,
    0x0, 0x2, 0x0, 0x4, 0x0, 0x8, 0x0, 0x10,
    0x0, 0x20, 0x0,

    /* U+5348 "午" */
    0x8, 0x0, 0x30, 0x0, 0x7f, 0xe1, 0xff, 0xc2,
    0x10, 0xc, 0x20, 0x10, 0x40, 0x0, 0x80, 0xff,
    0xfe, 0x2, 0x0, 0x4, 0x0, 0x8, 0x0, 0x10,
    0x0, 0x20, 0x0, 0x40, 0x0,

    /* U+534A "半" */
    0x2, 0x1, 0x88, 0xc2, 0x22, 0x4, 0x98, 0x2,
    0x1, 0xff, 0xe0, 0x20, 0x0, 0x80, 0x2, 0x3,
    0xff, 0xf0, 0x20, 0x0, 0x80, 0x2, 0x0, 0x8,
    0x0,

    /* U+5353 "卓" */
    0x2, 0x0, 0xf, 0xe0, 0x20, 0x1f, 0xfc, 0x7f,
    0xf1, 0x0, 0x47, 0xff, 0x1f, 0xfc, 0x7f, 0xf0,
    0x8, 0x0, 0x20, 0x3f, 0xff, 0x2, 0x0, 0x8,
    0x0,

    /* U+5354 "協" */
    0x20, 0x40, 0x9f, 0xf2, 0x4, 0xc8, 0x22, 0xf9,
    0x8, 0x98, 0xe2, 0x21, 0x8, 0x84, 0x2f, 0xfc,
    0x8a, 0x92, 0x2a, 0x49, 0x29, 0x24, 0xc4, 0xa5,
    0x70,

    /* U+5357 "南" */
    0x2, 0x7, 0xff, 0xc0, 0x80, 0x4, 0xf, 0xff,
    0xc0, 0xe, 0x22, 0x71, 0x23, 0xbf, 0xdc, 0x10,
    0xef, 0xf7, 0x4, 0x38, 0x21, 0xc1, 0x3c,

    /* U+5370 "印" */
    0xc, 0x3, 0xe7, 0xfc, 0x10, 0xf0, 0x43, 0xc1,
    0xf, 0xf4, 0x3c, 0x10, 0xf0, 0x43, 0xc1, 0xf,
    0x4, 0x3c, 0x10, 0xff, 0x4e, 0xc1, 0x0, 0x4,
    0x0,

    /* U+539F "原" */
    0x7f, 0xfe, 0xc1, 0x1, 0x82, 0x3, 0x7f, 0xc6,
    0x80, 0x8d, 0xff, 0x1a, 0x2, 0x34, 0x4, 0x6f,
    0xf8, 0xc1, 0x1, 0x12, 0x62, 0x64, 0x6f, 0x88,
    0x70, 0x70, 0x0,

    /* U+53C2 "参" */
    0x0, 0x0, 0xc, 0x40, 0x10, 0x61, 0xff, 0xe0,
    0x20, 0x40, 0x40, 0x1f, 0xff, 0x86, 0x18, 0x19,
    0x98, 0x7c, 0x19, 0x1, 0x8, 0x1c, 0x0, 0xc1,
    0x0, 0x1c, 0x3, 0xe0, 0x0, 0x0,

    /* U+53CB "友" */
    0x6, 0x0, 0xc, 0x1, 0xff, 0xf8, 0x20, 0x0,
    0x40, 0x0, 0x80, 0x3, 0xfe, 0x6, 0xc, 0xa,
    0x10, 0x36, 0x60, 0x47, 0x81, 0x86, 0x6, 0x3f,
    0x9, 0xc3, 0xc2, 0x0, 0x80,

    /* U+53CE "収" */
    0x8, 0x0, 0xb, 0xfe, 0x4b, 0xfe, 0x49, 0x4,
    0x49, 0x8c, 0x48, 0x8c, 0x48, 0x88, 0x48, 0x58,
    0x48, 0x50, 0x78, 0x30, 0xc8, 0x70, 0x8, 0xd8,
    0x9, 0x8e, 0xa, 0x2,

    /* U+53D6 "取" */
    0xff, 0x80, 0xff, 0x80, 0x63, 0xfe, 0x63, 0x46,
    0x7f, 0x44, 0x63, 0x4c, 0x63, 0x4c, 0x7f, 0x28,
    0x63, 0x38, 0x63, 0x10, 0x7f, 0x38, 0xf3, 0x6c,
    0x3, 0xc6, 0x3, 0x2,

    /* U+53D7 "受" */
    0x0, 0x3b, 0xff, 0x4, 0x61, 0x88, 0x8c, 0x22,
    0x23, 0xff, 0xf8, 0x0, 0x60, 0x1, 0x7f, 0xf0,
    0xc1, 0x81, 0x8e, 0x3, 0x60, 0x7, 0x0, 0xf3,
    0xce, 0x1, 0xc0,

    /* U+53E3 "口" */
    0xff, 0xfc, 0x1, 0xc0, 0x1c, 0x1, 0xc0, 0x1c,
    0x1, 0xc0, 0x1c, 0x1, 0xc0, 0x1c, 0x1, 0xff,
    0xfc, 0x1, 0xc0, 0x10,

    /* U+53E4 "古" */
    0x2, 0x0, 0x8, 0x0, 0x20, 0x3f, 0xff, 0x2,
    0x0, 0x8, 0x0, 0x20, 0x1f, 0xfe, 0x7f, 0xf9,
    0x80, 0x66, 0x1, 0x98, 0x6, 0x7f, 0xf9, 0x80,
    0x60,

    /* U+53F0 "台" */
    0x0, 0x0, 0x30, 0x0, 0x84, 0x6, 0x18, 0x30,
    0x33, 0xff, 0xe0, 0x0, 0xc0, 0x2, 0x0, 0x1,
    0xff, 0xc6, 0x3, 0x18, 0xc, 0x60, 0x31, 0xff,
    0xc6, 0x3, 0x0,

    /* U+53F2 "史" */
    0x2, 0x0, 0x10, 0x1f, 0xfc, 0x84, 0x24, 0x21,
    0x21, 0x9, 0xff, 0xc0, 0x40, 0x22, 0x1, 0x90,
    0x7, 0x0, 0x18, 0x3, 0x70, 0x60, 0x7c,

    /* U+53F3 "右" */
    0x3, 0x0, 0x6, 0x0, 0x8, 0x3, 0xff, 0xf0,
    0x40, 0x0, 0x80, 0x2, 0x0, 0xf, 0xfe, 0x38,
    0x4, 0xd0, 0x9, 0x20, 0x10, 0x40, 0x20, 0xff,
    0xc1, 0x0, 0x80,

    /* U+53F8 "司" */
    0xff, 0xfc, 0x0, 0x30, 0x0, 0xdf, 0xfb, 0x0,
    0xc, 0x0, 0x31, 0xfc, 0xc4, 0x13, 0x10, 0x4c,
    0x41, 0x31, 0xfc, 0xc4, 0x3, 0x0, 0xc, 0x0,
    0xe0,

    /* U+5404 "各" */
    0x4, 0x0, 0x8, 0x0, 0x3f, 0xe0, 0xc1, 0x86,
    0xc2, 0x18, 0xd8, 0x0, 0xe0, 0x3, 0x60, 0x3c,
    0x79, 0xc0, 0x1c, 0xff, 0xe1, 0x80, 0xc3, 0x1,
    0x86, 0x3, 0xf, 0xfe, 0x0,

    /* U+5408 "合" */
    0x3, 0x0, 0x5, 0x0, 0x11, 0x0, 0xc1, 0x83,
    0x1, 0x9f, 0xfe, 0xc0, 0x0, 0x80, 0x0, 0x3f,
    0xf8, 0x60, 0x30, 0xc0, 0x61, 0x80, 0xc3, 0x1,
    0x87, 0xff, 0x0,

    /* U+540C "同" */
    0xff, 0xfc, 0x0, 0x60, 0x3, 0x3f, 0xd8, 0x0,
    0xc0, 0x6, 0x3f, 0x31, 0x9, 0x88, 0x4c, 0x42,
    0x63, 0xf3, 0x10, 0x18, 0x0, 0xc0, 0x1c,

    /* U+540D "名" */
    0x4, 0x0, 0x20, 0x3, 0xfc, 0x30, 0xc3, 0x6,
    0x7c, 0x62, 0x36, 0x0, 0xe0, 0x6, 0x0, 0x7f,
    0xcf, 0x3, 0xd8, 0x10, 0xc0, 0x86, 0x4, 0x3f,
    0xe0,

    /* U+5438 "吸" */
    0x7, 0xf9, 0xf2, 0x33, 0x24, 0x46, 0x4c, 0x8c,
    0x9b, 0x19, 0x37, 0xf2, 0x68, 0xe4, 0xa2, 0xcb,
    0x45, 0xf4, 0xdb, 0x8, 0xe0, 0x31, 0x80, 0x47,
    0x81, 0x38, 0xc0, 0x40, 0x80,

    /* U+544A "告" */
    0x11, 0x0, 0xc4, 0x3, 0xff, 0x90, 0x40, 0x1,
    0x3, 0xff, 0xf0, 0x0, 0x0, 0x0, 0x7f, 0xf1,
    0x80, 0xc6, 0x3, 0x18, 0xc, 0x7f, 0xf1, 0x80,
    0xc0,

    /* U+5468 "周" */
    0x3f, 0xfe, 0x60, 0xc, 0xc2, 0x19, 0xbf, 0xb3,
    0x8, 0x67, 0xfe, 0xcc, 0x1, 0x98, 0x3, 0x37,
    0xe6, 0x6c, 0x4c, 0xd8, 0x9b, 0x3f, 0x36, 0x60,
    0x68, 0x7, 0x80,

    /* U+547C "呼" */
    0x0, 0xff, 0xdd, 0xd, 0x24, 0xf4, 0x92, 0xd2,
    0x4b, 0x4d, 0x6d, 0x15, 0x34, 0x10, 0xd7, 0xff,
    0xc1, 0xc, 0x4, 0x30, 0x10, 0x0, 0x40, 0x7,
    0x0,

    /* U+548C "和" */
    0x0, 0x0, 0x3c, 0x1, 0xa1, 0xf8, 0x42, 0x30,
    0x84, 0x6f, 0xe8, 0xc6, 0x11, 0x8e, 0x23, 0x1e,
    0x46, 0x56, 0x8d, 0xa1, 0x1a, 0x42, 0x30, 0x87,
    0xe1, 0x8, 0xc2, 0x0, 0x0,

    /* U+54B2 "咲" */
    0x0, 0x8, 0x6, 0x13, 0xe4, 0x46, 0x48, 0x8c,
    0xbf, 0xd9, 0x8, 0x32, 0x10, 0x64, 0x20, 0xcf,
    0xfd, 0x90, 0x83, 0xe3, 0x86, 0x5, 0xc, 0x1b,
    0x0, 0x63, 0x3, 0x3, 0x0,

    /* U+5546 "商" */
    0x1, 0x3, 0xff, 0xf0, 0x86, 0x1f, 0xff, 0x7f,
    0xfd, 0x12, 0x34, 0x49, 0xd6, 0x3f, 0x50, 0xd,
    0x3f, 0x34, 0xc4, 0xd3, 0x13, 0x4f, 0xcd, 0x30,
    0xe0,

    /* U+559C "喜" */
    0x3, 0x1, 0xff, 0xe7, 0xff, 0x9f, 0xfe, 0x3f,
    0xf0, 0x80, 0x43, 0xff, 0x2, 0x18, 0xff, 0xfc,
    0x0, 0x3, 0xff, 0x8, 0x4, 0x20, 0x10, 0xff,
    0xc0,

    /* U+5631 "嘱" */
    0x7, 0xff, 0xd8, 0x1d, 0x60, 0x75, 0xff, 0xd7,
    0xff, 0x58, 0x8d, 0x6f, 0xf5, 0xc9, 0xf6, 0xfb,
    0x17, 0xf0, 0xd2, 0x43, 0x7f, 0x19, 0x4, 0x44,
    0x30,

    /* U+5668 "器" */
    0x7c, 0xf9, 0x12, 0x24, 0x48, 0x91, 0x22, 0x7c,
    0xf8, 0x8, 0xf, 0xff, 0xc2, 0x10, 0x30, 0x33,
    0xf3, 0xf4, 0x48, 0x91, 0x22, 0x44, 0x89, 0xf3,
    0xe0,

    /* U+56DB "四" */
    0xff, 0xff, 0xff, 0xfc, 0x48, 0xf1, 0x23, 0xc4,
    0x8f, 0x12, 0x3c, 0x89, 0xf2, 0x27, 0xd8, 0xff,
    0x40, 0x3c, 0x0, 0xf0, 0x3, 0xff, 0xff, 0x0,
    0x30,

    /* U+56DE "回" */
    0xff, 0xff, 0x80, 0xf, 0x0, 0x1e, 0x0, 0x3c,
    0xfc, 0x79, 0x8, 0xf2, 0x11, 0xe4, 0x23, 0xc8,
    0x47, 0x9f, 0x8f, 0x0, 0x1e, 0x0, 0x3f, 0xff,
    0xf8, 0x0, 0xc0,

    /* U+56F2 "囲" */
    0xff, 0xff, 0x0, 0x3c, 0x44, 0xf1, 0x13, 0xdf,
    0xff, 0x11, 0x3c, 0x44, 0xf7, 0xff, 0xc4, 0x4f,
    0x21, 0x3d, 0x84, 0xf0, 0x3, 0xff, 0xff, 0x0,
    0x30,

    /* U+56F3 "図" */
    0xff, 0xff, 0x0, 0x3d, 0x22, 0xf6, 0x9b, 0xc9,
    0x4f, 0x3, 0x3d, 0xc8, 0xf1, 0xc3, 0xc3, 0x8f,
    0x33, 0x3d, 0x82, 0xf0, 0x3, 0xff, 0xff, 0x0,
    0x30,

    /* U+56FA "固" */
    0xff, 0xff, 0x0, 0x3c, 0x10, 0xf0, 0x43, 0xdf,
    0xff, 0x4, 0x3c, 0x10, 0xf3, 0xfb, 0xc8, 0x2f,
    0x20, 0xbc, 0xfe, 0xf0, 0x3, 0xff, 0xff, 0x0,
    0x30,

    /* U+56FD "国" */
    0xff, 0xff, 0x0, 0x3c, 0x0, 0xf3, 0xff, 0xc1,
    0xf, 0x4, 0x3c, 0xfe, 0xf0, 0x53, 0xc1, 0x2f,
    0x4, 0xbd, 0xff, 0xf0, 0x3, 0xff, 0xff, 0x0,
    0x30,

    /* U+5712 "園" */
    0xff, 0xff, 0x80, 0xf, 0x7f, 0x9e, 0x10, 0x3f,
    0xff, 0x78, 0x0, 0xf3, 0xf9, 0xe4, 0x13, 0xcf,
    0xe7, 0x8e, 0x4f, 0x2b, 0x1f, 0x93, 0xbc, 0x20,
    0x7f, 0xff, 0xc0,

    /* U+571F "土" */
    0x1, 0x0, 0x2, 0x0, 0x4, 0x0, 0x8, 0x0,
    0x10, 0x7, 0xff, 0x80, 0x40, 0x0, 0x80, 0x1,
    0x0, 0x2, 0x0, 0x4, 0x0, 0x8, 0xf, 0xff,
    0xe0,

    /* U+5728 "在" */
    0x4, 0x0, 0x10, 0xf, 0xff, 0xc2, 0x0, 0x18,
    0x40, 0xc1, 0x2, 0x4, 0x19, 0xfe, 0xa0, 0x40,
    0x81, 0x2, 0x4, 0x8, 0x10, 0x20, 0x40, 0xbf,
    0xf0,

    /* U+5730 "地" */
    0x20, 0x40, 0x44, 0x80, 0x89, 0x17, 0xd3, 0xe2,
    0x2c, 0x44, 0xe8, 0x89, 0x91, 0x11, 0x22, 0x22,
    0x44, 0x74, 0xbb, 0x89, 0x4, 0x10, 0x10, 0x20,
    0x60, 0x7f, 0x80,

    /* U+5742 "坂" */
    0x27, 0xfe, 0x4c, 0x0, 0x98, 0x7, 0xf0, 0x2,
    0x7f, 0xc4, 0xe0, 0x89, 0xe3, 0x13, 0x44, 0x2e,
    0xd8, 0x6c, 0xa3, 0x11, 0x80, 0x63, 0x80, 0x99,
    0xc1, 0x60, 0xc0,

    /* U+578B "型" */
    0xfe, 0x48, 0x91, 0x22, 0x44, 0x89, 0x12, 0xff,
    0x48, 0x90, 0x24, 0x40, 0xb1, 0xe, 0x2, 0x0,
    0x8, 0x7, 0xff, 0x80, 0x80, 0xff, 0xfc,

    /* U+5834 "場" */
    0x23, 0xf8, 0x44, 0x10, 0x8f, 0xe7, 0xd0, 0x42,
    0x3f, 0x84, 0x0, 0x9, 0xff, 0x91, 0x0, 0x3b,
    0xfc, 0xc9, 0x4b, 0x24, 0x90, 0x12, 0x20, 0x4c,
    0x80, 0x17, 0x0,

    /* U+5869 "塩" */
    0x21, 0x0, 0x47, 0xfc, 0x88, 0x1, 0x30, 0xf,
    0xff, 0x84, 0x41, 0x8, 0x82, 0x11, 0xfc, 0x20,
    0x0, 0x7f, 0xfb, 0x92, 0x90, 0x25, 0x21, 0xff,
    0xe3, 0xff, 0xc0,

    /* U+5897 "増" */
    0x23, 0x18, 0x9f, 0xf2, 0x7f, 0xc9, 0x11, 0xff,
    0xfc, 0x91, 0x12, 0x7f, 0xc8, 0x0, 0x23, 0xfc,
    0xe8, 0x3e, 0x3f, 0xc0, 0x83, 0x2, 0xc, 0xf,
    0xf0,

    /* U+58EB "士" */
    0x2, 0x0, 0x8, 0x0, 0x20, 0x0, 0x80, 0x2,
    0x3, 0xff, 0xf0, 0x20, 0x0, 0x80, 0x2, 0x0,
    0x8, 0x0, 0x20, 0x0, 0x80, 0xff, 0xf8,

    /* U+58F2 "売" */
    0x1, 0x0, 0xff, 0xf8, 0x4, 0x0, 0x8, 0x3,
    0xff, 0x87, 0xff, 0x1f, 0xff, 0x20, 0x2, 0x44,
    0x44, 0x8, 0x80, 0x31, 0x0, 0x42, 0x31, 0x84,
    0x5c, 0xf, 0x80,

    /* U+590F "夏" */
    0x7f, 0xfe, 0x1, 0x0, 0x1f, 0xf8, 0x10, 0x8,
    0x1f, 0xf8, 0x10, 0x8, 0x1f, 0xf8, 0x10, 0x8,
    0xf, 0xf0, 0xf, 0xf8, 0x34, 0x30, 0x43, 0x60,
    0x3, 0xc0, 0xfc, 0x3f,

    /* U+5916 "外" */
    0x8, 0x10, 0x18, 0x10, 0x1f, 0x90, 0x31, 0x90,
    0x21, 0x50, 0x63, 0x70, 0xdb, 0x30, 0xe, 0x18,
    0x6, 0x1c, 0xc, 0x17, 0x8, 0x10, 0x18, 0x10,
    0x60, 0x10, 0x40, 0x10,

    /* U+591A "多" */
    0x4, 0x0, 0x3f, 0x83, 0x6, 0x3e, 0x30, 0x8d,
    0x80, 0x1e, 0x1, 0xd8, 0x3c, 0xff, 0x8c, 0x18,
    0xf8, 0xe2, 0x37, 0x0, 0x78, 0x3, 0x80, 0xf8,
    0x6, 0x0, 0x0,

    /* U+591C "夜" */
    0x1, 0x0, 0xff, 0xf9, 0xff, 0xf0, 0x44, 0x1,
    0x8f, 0xc6, 0x20, 0x8c, 0xd3, 0x2b, 0x94, 0x54,
    0x98, 0x21, 0xe0, 0x41, 0x80, 0x87, 0x81, 0x39,
    0xc2, 0xc0, 0xc0,

    /* U+5927 "大" */
    0x3, 0x0, 0xc, 0x0, 0x30, 0x0, 0xc0, 0xff,
    0xfc, 0xc, 0x0, 0x30, 0x1, 0xa0, 0x4, 0x80,
    0x31, 0x1, 0x86, 0xc, 0xc, 0x60, 0x1e, 0x0,
    0x10,

    /* U+5929 "天" */
    0x7f, 0xfe, 0x2, 0x0, 0x4, 0x0, 0x8, 0x0,
    0x10, 0xf, 0xff, 0x80, 0x60, 0x1, 0xc0, 0x2,
    0xc0, 0xc, 0x80, 0x30, 0x81, 0xc0, 0xc6, 0x0,
    0xe0,

    /* U+592A "太" */
    0x2, 0x0, 0x8, 0x0, 0x20, 0x0, 0x80, 0xff,
    0xfc, 0xc, 0x0, 0x38, 0x1, 0xa0, 0x4, 0x80,
    0x31, 0x0, 0xe6, 0x4, 0xcc, 0x61, 0x9b, 0x2,
    0x30,

    /* U+5973 "女" */
    0x2, 0x0, 0x18, 0x0, 0x40, 0x1, 0x0, 0xff,
    0xfc, 0x20, 0x81, 0x82, 0x4, 0x18, 0x30, 0x60,
    0xf3, 0x0, 0x78, 0x0, 0xf0, 0x6, 0x73, 0xe0,
    0x64, 0x0, 0x80,

    /* U+59B9 "妹" */
    0x20, 0x41, 0x81, 0x4, 0x3f, 0xbf, 0x10, 0x4c,
    0x41, 0x21, 0xc, 0xff, 0xe6, 0x38, 0xd8, 0xe2,
    0xc5, 0x43, 0x15, 0x8a, 0x93, 0x44, 0x46, 0x1,
    0x0,

    /* U+5B50 "子" */
    0x3f, 0xfc, 0x0, 0x30, 0x1, 0x80, 0xe, 0x0,
    0x10, 0x0, 0x20, 0x3f, 0xff, 0x80, 0x80, 0x1,
    0x0, 0x2, 0x0, 0x4, 0x0, 0x8, 0x0, 0xf0,
    0x0,

    /* U+5B57 "字" */
    0x2, 0x7, 0xff, 0xe0, 0x3, 0x0, 0x1b, 0xfe,
    0x80, 0x60, 0x6, 0x0, 0x40, 0xff, 0xf8, 0x10,
    0x0, 0x80, 0x4, 0x0, 0x20, 0xf, 0x0,

    /* U+5B58 "存" */
    0x2, 0x0, 0x4, 0x1, 0xff, 0xf8, 0x20, 0x0,
    0xc0, 0x1, 0x3f, 0x84, 0x2, 0x18, 0x18, 0x70,
    0x20, 0xaf, 0xfc, 0x40, 0x80, 0x81, 0x1, 0x2,
    0x2, 0x3c, 0x0,

    /* U+5B63 "季" */
    0x0, 0x30, 0xff, 0x80, 0x4, 0x0, 0x8, 0x7,
    0xff, 0xe0, 0xf8, 0x2, 0x48, 0x18, 0x8e, 0xdf,
    0xf4, 0x1, 0xc0, 0x6, 0x3, 0xff, 0xf0, 0x10,
    0x0, 0x20, 0x3, 0xc0, 0x0,

    /* U+5B66 "学" */
    0x4, 0x1, 0x88, 0x43, 0x23, 0x3f, 0xfe, 0x80,
    0xa, 0x0, 0x2b, 0xfe, 0x80, 0x10, 0x1, 0x80,
    0x8, 0xf, 0xff, 0xc0, 0x80, 0x2, 0x0, 0x8,
    0x1, 0xe0, 0x0,

    /* U+5B85 "宅" */
    0x2, 0x7, 0xff, 0xe0, 0x3, 0x1, 0x98, 0x78,
    0xbe, 0x0, 0x10, 0x0, 0x8f, 0x7f, 0xc6, 0x20,
    0x1, 0x0, 0x8, 0x10, 0x40, 0x83, 0xf8,

    /* U+5B88 "守" */
    0x1, 0x1, 0xff, 0xf4, 0x0, 0x50, 0x1, 0x40,
    0x44, 0x1, 0xf, 0xff, 0xc0, 0x10, 0x10, 0x40,
    0x61, 0x0, 0xc4, 0x0, 0x10, 0x0, 0x40, 0x7,
    0x0,

    /* U+5B8C "完" */
    0x2, 0x3, 0xff, 0xe8, 0x0, 0xa0, 0x2, 0xbf,
    0xe8, 0x0, 0x0, 0x0, 0x3f, 0xff, 0xff, 0xfc,
    0x62, 0x1, 0x8, 0xc, 0x21, 0x60, 0x8f, 0x3,
    0xf0,

    /* U+5B97 "宗" */
    0x2, 0x3, 0xff, 0xe8, 0x0, 0xa0, 0x2, 0xbf,
    0xe8, 0x0, 0x0, 0x0, 0x3f, 0xff, 0xff, 0xfc,
    0x8, 0x2, 0x22, 0x10, 0x84, 0x82, 0xc, 0x38,
    0x0,

    /* U+5B98 "官" */
    0x2, 0x7, 0xff, 0xe0, 0x3, 0x0, 0x13, 0xfe,
    0x18, 0x10, 0xc0, 0x87, 0xfc, 0x30, 0x1, 0xff,
    0x8c, 0x4, 0x60, 0x23, 0xff, 0x18, 0x8,

    /* U+5B9F "実" */
    0x3, 0x3, 0xff, 0xf8, 0x0, 0x60, 0xc1, 0x3f,
    0xf8, 0xc, 0x0, 0x30, 0xf, 0xfc, 0x2, 0x3,
    0xff, 0xf0, 0x78, 0x3, 0x30, 0x30, 0x73, 0x0,
    0x70,

    /* U+5BA3 "宣" */
    0x3, 0x3, 0xff, 0xf8, 0x0, 0x60, 0x1, 0x3f,
    0xf0, 0x0, 0x1, 0xfe, 0x4, 0x8, 0x1f, 0xe0,
    0x40, 0x81, 0x2, 0x7, 0xf8, 0x0, 0x3, 0xff,
    0xf0,

    /* U+5BA4 "室" */
    0x2, 0x3, 0xff, 0xf8, 0x0, 0x60, 0x1, 0x7f,
    0xf0, 0x21, 0x7, 0xfe, 0x1f, 0xfe, 0x2, 0x8,
    0x8, 0x7, 0xff, 0x0, 0x80, 0xff, 0xff, 0xff,
    0xf0,

    /* U+5BB0 "宰" */
    0x2, 0x3, 0xff, 0xf8, 0x0, 0x60, 0x81, 0x7f,
    0xf8, 0x1, 0x1, 0x84, 0x0, 0x10, 0xff, 0xfc,
    0x8, 0x7, 0xff, 0x80, 0x80, 0x2, 0x0, 0x8,
    0x0,

    /* U+5BB3 "害" */
    0x2, 0x7, 0xff, 0xff, 0xff, 0x4, 0x17, 0xff,
    0x1, 0x1, 0xff, 0xdf, 0xff, 0xff, 0xf8, 0x0,
    0xf, 0xfc, 0x40, 0x62, 0x3, 0x1f, 0xf8,

    /* U+5BB6 "家" */
    0x1, 0x0, 0xff, 0xf9, 0x0, 0x12, 0x0, 0x21,
    0xff, 0x0, 0x50, 0x7, 0x93, 0x31, 0xb8, 0xd,
    0x60, 0xe3, 0x40, 0x1a, 0x40, 0xc4, 0x66, 0x18,
    0x40, 0xe0, 0x0,

    /* U+5BBF "宿" */
    0x1, 0x81, 0xff, 0xf4, 0x0, 0x50, 0x1, 0x17,
    0xfc, 0x41, 0x83, 0x4, 0x1c, 0xff, 0xf2, 0x4,
    0xc8, 0x13, 0x3f, 0xcc, 0x81, 0x32, 0x4, 0xcf,
    0xf0,

    /* U+5BDF "察" */
    0x1, 0x80, 0x7f, 0xfe, 0x48, 0x82, 0x5e, 0xbe,
    0x32, 0x4c, 0x6a, 0x38, 0x3c, 0x30, 0x1f, 0xcc,
    0x60, 0x2, 0x3f, 0xfc, 0x9, 0x80, 0x19, 0xb8,
    0x61, 0x8e, 0x47, 0x2,

    /* U+5C02 "専" */
    0x1, 0x0, 0xff, 0xf8, 0x4, 0x1, 0xff, 0xc2,
    0x10, 0x87, 0xff, 0x8, 0x42, 0x1f, 0xfc, 0x0,
    0x21, 0xff, 0xfc, 0x40, 0x80, 0x41, 0x0, 0x42,
    0x0, 0x3c, 0x0,

    /* U+5C0F "小" */
    0x1, 0x0, 0x2, 0x0, 0x4, 0x0, 0x8, 0x1,
    0x11, 0x6, 0x23, 0x8, 0x42, 0x10, 0x86, 0x61,
    0x4, 0x82, 0xc, 0x4, 0x18, 0x8, 0x0, 0x10,
    0x1, 0xe0, 0x0,

    /* U+5C11 "少" */
    0x1, 0x0, 0x2, 0x0, 0x64, 0xc0, 0x88, 0xc3,
    0x10, 0xcc, 0x20, 0x90, 0x45, 0x80, 0x88, 0x7,
    0x30, 0x0, 0x40, 0x1, 0x0, 0xc, 0x0, 0xf0,
    0x7, 0x0, 0x0,

    /* U+5C31 "就" */
    0x8, 0x14, 0x7f, 0x16, 0x0, 0x12, 0x0, 0x10,
    0x3f, 0x7e, 0x21, 0x18, 0x3f, 0x18, 0x3f, 0x18,
    0x8, 0x28, 0x29, 0x28, 0x69, 0x28, 0x49, 0xc9,
    0x48, 0xc9, 0x19, 0x8f,

    /* U+5C3A "尺" */
    0x3f, 0xf8, 0x60, 0x10, 0xc0, 0x21, 0x80, 0x43,
    0x0, 0x86, 0x1, 0xf, 0xfe, 0x18, 0x40, 0x30,
    0xc0, 0x60, 0x80, 0x81, 0x83, 0x1, 0x6, 0x1,
    0x18, 0x1, 0x80, 0x1, 0x0,

    /* U+5C64 "層" */
    0x7f, 0xfb, 0x0, 0x58, 0x2, 0xff, 0xf6, 0x22,
    0x37, 0xfd, 0xa2, 0x2d, 0xff, 0x6f, 0xfb, 0x0,
    0x13, 0xfe, 0x9f, 0xfc, 0xc1, 0xc7, 0xfc,

    /* U+5C71 "山" */
    0x2, 0x0, 0x8, 0x0, 0x20, 0x30, 0x83, 0xc2,
    0xf, 0x8, 0x3c, 0x20, 0xf0, 0x83, 0xc2, 0xf,
    0x8, 0x3c, 0x20, 0xff, 0xff, 0xff, 0xff, 0x0,
    0x30,

    /* U+5CA9 "岩" */
    0x43, 0x9, 0xc, 0x27, 0xff, 0x9f, 0xfe, 0x0,
    0x3, 0xff, 0xf0, 0x80, 0x6, 0x0, 0x10, 0x0,
    0xff, 0xe7, 0x0, 0xb4, 0x2, 0x90, 0x8, 0x7f,
    0xe0,

    /* U+5DDD "川" */
    0x20, 0x4, 0x84, 0x12, 0x10, 0x48, 0x41, 0x21,
    0x4, 0x84, 0x12, 0x10, 0x48, 0x41, 0x21, 0x4,
    0x84, 0x16, 0x10, 0x50, 0x41, 0x41, 0x6, 0x0,
    0x10,

    /* U+5DE5 "工" */
    0xff, 0xfb, 0xff, 0xe0, 0x20, 0x0, 0x80, 0x2,
    0x0, 0x8, 0x0, 0x20, 0x0, 0x80, 0x2, 0x0,
    0x8, 0x0, 0x20, 0x3f, 0xff, 0xff, 0xfc,

    /* U+5DE6 "左" */
    0x2, 0x0, 0x4, 0x0, 0x18, 0x3, 0xff, 0xf0,
    0x40, 0x0, 0x80, 0x3, 0xff, 0x7, 0xfe, 0x18,
    0x40, 0x20, 0x80, 0x81, 0x3, 0x2, 0x4, 0xff,
    0xe1, 0xff, 0xc0,

    /* U+5DEE "差" */
    0x0, 0x10, 0x18, 0x61, 0xff, 0xf3, 0xff, 0xe0,
    0x10, 0x7, 0xff, 0x80, 0x40, 0x0, 0x80, 0x7f,
    0xfe, 0x1f, 0xf8, 0x3f, 0xf0, 0xc4, 0x1, 0x8,
    0x4, 0x10, 0x13, 0xff, 0x80,

    /* U+5E02 "市" */
    0x1, 0x1, 0xff, 0xff, 0xff, 0xf8, 0x8, 0x0,
    0x10, 0x7, 0xff, 0x88, 0x43, 0x10, 0x86, 0x21,
    0xc, 0x42, 0x18, 0x84, 0x31, 0x9, 0xc0, 0x10,
    0x0, 0x20, 0x0,

    /* U+5E0C "希" */
    0x30, 0x30, 0x3b, 0x0, 0x7c, 0x1f, 0x8e, 0x4,
    0x3, 0xff, 0xf0, 0x90, 0x4, 0x40, 0x3f, 0xfb,
    0x44, 0x29, 0x10, 0x84, 0x42, 0x11, 0x38, 0x4,
    0x0,

    /* U+5E2D "席" */
    0x0, 0x80, 0xff, 0xfd, 0xff, 0xfb, 0x10, 0x86,
    0xff, 0xec, 0x42, 0x18, 0xfc, 0x31, 0xf8, 0x60,
    0x40, 0xdf, 0xfd, 0xa1, 0x1a, 0x42, 0x34, 0x84,
    0x71, 0xb, 0x80,

    /* U+5E30 "帰" */
    0x17, 0xf2, 0x40, 0x49, 0x3f, 0x24, 0x4, 0x97,
    0xf2, 0x7f, 0xf9, 0xff, 0xe7, 0x23, 0x97, 0xf0,
    0x5a, 0x42, 0x69, 0x9, 0xa4, 0x46, 0xb3, 0x2,
    0x0,

    /* U+5E74 "年" */
    0x0, 0x0, 0x10, 0x0, 0x7f, 0xf1, 0xff, 0xe2,
    0x8, 0x8, 0x10, 0x17, 0xff, 0x8, 0x40, 0x10,
    0x80, 0x21, 0x3, 0xff, 0xff, 0xff, 0xf0, 0x8,
    0x0, 0x10, 0x0, 0x20, 0x0,

    /* U+5E83 "広" */
    0x0, 0x80, 0x1, 0x1, 0xff, 0xfb, 0xff, 0xf6,
    0x0, 0xc, 0x30, 0x18, 0x60, 0x30, 0x80, 0x61,
    0x10, 0xc6, 0x31, 0x88, 0x32, 0x30, 0x2d, 0xff,
    0xf0, 0x0, 0x40,

    /* U+5E8F "序" */
    0x0, 0x80, 0xff, 0xfd, 0x80, 0x3, 0x0, 0x6,
    0xff, 0xcc, 0x3, 0x18, 0xf8, 0x30, 0x30, 0x6f,
    0xfe, 0xc0, 0x89, 0x81, 0x22, 0x2, 0xc, 0x4,
    0x10, 0x78, 0x0,

    /* U+5E97 "店" */
    0x0, 0x80, 0xff, 0xfd, 0x80, 0x3, 0x4, 0x6,
    0x8, 0xc, 0x1f, 0xd8, 0x20, 0x30, 0x40, 0x6f,
    0xfc, 0xdf, 0xf9, 0xb0, 0x32, 0x60, 0x64, 0xc0,
    0xd1, 0xff, 0x80,

    /* U+5EAB "庫" */
    0x0, 0x80, 0xff, 0xfd, 0x81, 0x3, 0x7f, 0xf6,
    0x4, 0xd, 0xff, 0x9a, 0x11, 0x37, 0xfe, 0x68,
    0x44, 0xdf, 0xf9, 0x81, 0x2, 0xff, 0xfc, 0x4,
    0x10, 0x8, 0x0,

    /* U+5EB7 "康" */
    0x0, 0x80, 0xff, 0xfd, 0xff, 0xfb, 0x3f, 0xc6,
    0x8, 0x8f, 0xff, 0xd8, 0x22, 0x30, 0x44, 0x6f,
    0xf8, 0xd1, 0x89, 0x9a, 0xe2, 0x1d, 0x8d, 0xc9,
    0xd0, 0x70, 0x80,

    /* U+5F13 "弓" */
    0xff, 0xe0, 0x2, 0x0, 0x20, 0x2, 0x7f, 0xe4,
    0x0, 0x40, 0x4, 0x0, 0xff, 0xf8, 0x3, 0x0,
    0x20, 0x2, 0x0, 0x20, 0x3c,

    /* U+5F15 "引" */
    0x7e, 0x8, 0x10, 0x40, 0x82, 0x4, 0x17, 0xe0,
    0xb0, 0x5, 0x0, 0x2f, 0xc1, 0xc2, 0x8, 0x10,
    0x40, 0x82, 0x4, 0x10, 0x40, 0x9e, 0x4,

    /* U+5F1F "弟" */
    0x18, 0x30, 0x20, 0x87, 0xff, 0x9f, 0xfe, 0x1,
    0x8, 0x4, 0x23, 0xff, 0x88, 0x40, 0x21, 0x1,
    0xff, 0xf0, 0x30, 0x43, 0x43, 0x19, 0xb, 0xc4,
    0xe4, 0x10, 0x0,

    /* U+5F31 "弱" */
    0xfd, 0xf8, 0x20, 0x41, 0x2, 0x8, 0x17, 0xdf,
    0xa0, 0x83, 0xf7, 0xf0, 0xb1, 0x64, 0xc9, 0x22,
    0x45, 0x1b, 0xcb, 0x10, 0x40, 0x9c, 0x38,

    /* U+5F37 "強" */
    0x0, 0x40, 0xf1, 0x90, 0x26, 0x20, 0x5f, 0xe0,
    0xbf, 0xcf, 0x4, 0x50, 0x8, 0x21, 0xfe, 0x7a,
    0x25, 0x94, 0x48, 0x2f, 0xf0, 0x41, 0x0, 0x82,
    0xc1, 0x4, 0x9d, 0xf4, 0x80,

    /* U+5F53 "当" */
    0x4, 0x28, 0x43, 0x44, 0x66, 0x44, 0x4, 0xf,
    0xff, 0xff, 0xf0, 0x3, 0x0, 0x3f, 0xff, 0x0,
    0x30, 0x3, 0xff, 0xf0, 0x3,

    /* U+5F62 "形" */
    0x0, 0x1, 0xff, 0x1b, 0xfe, 0x61, 0x11, 0x82,
    0x26, 0x4, 0x40, 0x8, 0x83, 0x7f, 0xcc, 0x22,
    0x30, 0x44, 0x80, 0x88, 0x1b, 0x10, 0x64, 0x21,
    0x98, 0x4c, 0x20, 0xb0, 0x0,

    /* U+5F84 "径" */
    0x8, 0x0, 0x1b, 0xfe, 0x31, 0xc, 0x68, 0x88,
    0x48, 0x58, 0x10, 0x20, 0x30, 0xd8, 0x77, 0xf,
    0x50, 0x20, 0x10, 0x20, 0x13, 0xfe, 0x10, 0x20,
    0x10, 0x20, 0x17, 0xfe, 0x17, 0xfe,

    /* U+5F85 "待" */
    0x10, 0x40, 0x81, 0x4, 0x7f, 0xe4, 0x10, 0x17,
    0xfc, 0x9f, 0xf6, 0x1, 0x38, 0x4, 0xaf, 0xfc,
    0x80, 0x42, 0x31, 0x8, 0x64, 0x20, 0x10, 0x81,
    0xc0,

    /* U+5F8C "後" */
    0x11, 0x80, 0x42, 0x21, 0x38, 0xc4, 0xb3, 0x3,
    0x19, 0x4, 0x21, 0x1b, 0xff, 0x50, 0x82, 0x23,
    0xf8, 0x4c, 0x60, 0xa5, 0x81, 0x6, 0x2, 0x3b,
    0x5, 0x81, 0x80,

    /* U+5F93 "従" */
    0x36, 0x8, 0x88, 0x64, 0x31, 0x24, 0x4, 0x3f,
    0xfc, 0x83, 0x6, 0xc, 0x18, 0x30, 0xa4, 0xc0,
    0x93, 0xf2, 0x4c, 0x9, 0x30, 0x2a, 0xc0, 0xa7,
    0x3, 0xf, 0xc0,

    /* U+5FC3 "心" */
    0xe, 0x0, 0xe, 0x0, 0xc, 0x0, 0x0, 0x8,
    0x1, 0x20, 0xc4, 0x81, 0x12, 0x6, 0x48, 0xb,
    0x20, 0x38, 0x82, 0x62, 0x8, 0x8, 0x20, 0x3f,
    0x0,

    /* U+601D "思" */
    0x3f, 0xf8, 0x7f, 0xf0, 0x84, 0x21, 0xff, 0xc2,
    0x10, 0x84, 0x21, 0xf, 0xfe, 0x0, 0x0, 0x3,
    0x0, 0x53, 0x10, 0xa2, 0x33, 0x41, 0xa4, 0x83,
    0x69, 0xfc, 0x0,

    /* U+60DC "惜" */
    0x20, 0x90, 0x82, 0x42, 0x7f, 0xec, 0x24, 0xa8,
    0x92, 0xbf, 0xfa, 0x7f, 0xc8, 0xfe, 0x23, 0x8,
    0x8c, 0x22, 0x3f, 0x88, 0xc2, 0x23, 0x8, 0x8f,
    0xe0,

    /* U+60F3 "想" */
    0x11, 0xfc, 0x22, 0xb, 0xfc, 0x10, 0x8f, 0xe3,
    0x90, 0x4e, 0xff, 0xb4, 0x41, 0x48, 0x82, 0x11,
    0xfc, 0x4, 0x1, 0x24, 0x32, 0x49, 0x2c, 0x82,
    0x61, 0xfc, 0x0,

    /* U+611B "愛" */
    0x0, 0x33, 0xfe, 0x8, 0x88, 0x24, 0xcf, 0xff,
    0xc3, 0x6, 0xa4, 0xa5, 0x12, 0xcf, 0x90, 0x40,
    0x7, 0xf8, 0xf1, 0x8c, 0xf8, 0x7, 0xc3, 0xe3,
    0xe0,

    /* U+6210 "成" */
    0x0, 0xb0, 0x2, 0x27, 0xff, 0xd8, 0x20, 0x60,
    0x81, 0x82, 0x27, 0xe8, 0x99, 0xb4, 0x66, 0x51,
    0x99, 0x86, 0x66, 0x57, 0x39, 0xc1, 0xb6, 0x8,
    0x70,

    /* U+6226 "戦" */
    0xc9, 0xa8, 0x92, 0x48, 0x8, 0x83, 0xf9, 0xf4,
    0x9f, 0xe9, 0x3c, 0x1f, 0xc9, 0xa4, 0x9a, 0x7f,
    0x1c, 0x10, 0x33, 0xfe, 0x48, 0x41, 0x90, 0x8c,
    0xa1, 0x30, 0xc0,

    /* U+6238 "戸" */
    0x7f, 0xfe, 0x0, 0x0, 0x0, 0x0, 0xff, 0xe1,
    0x0, 0x42, 0x0, 0x84, 0x1, 0x8, 0x2, 0x1f,
    0xfc, 0x60, 0x8, 0x80, 0x1, 0x0, 0x6, 0x0,
    0x18, 0x0, 0x0,

    /* U+624B "手" */
    0x0, 0xf8, 0x7f, 0x0, 0x4, 0x0, 0x8, 0x7,
    0xff, 0xc0, 0x20, 0x0, 0x40, 0x0, 0x80, 0xff,
    0xfe, 0x2, 0x0, 0x4, 0x0, 0x8, 0x0, 0x10,
    0x1, 0xe0, 0x0,

    /* U+624D "才" */
    0x1, 0x0, 0x4, 0x0, 0x10, 0x3f, 0xff, 0x1,
    0x0, 0x4, 0x60, 0x16, 0x0, 0x70, 0x3, 0x80,
    0x3c, 0x7, 0x10, 0x20, 0x40, 0x1, 0x0, 0x3c,
    0x0,

    /* U+6298 "折" */
    0x10, 0x6, 0x11, 0xf8, 0x11, 0x80, 0x7d, 0x80,
    0x11, 0xff, 0x11, 0xff, 0x15, 0x88, 0x3d, 0x88,
    0x71, 0x88, 0x11, 0x88, 0x11, 0x8, 0x13, 0x8,
    0x16, 0x8, 0x74, 0x8,

    /* U+629E "択" */
    0x11, 0xfc, 0x22, 0x8, 0x44, 0x13, 0xe8, 0x21,
    0x10, 0x42, 0x20, 0x84, 0x7f, 0xf, 0x90, 0x73,
    0x20, 0x26, 0x20, 0x48, 0x40, 0x90, 0x41, 0x60,
    0xce, 0x80, 0x80,

    /* U+62D3 "拓" */
    0x20, 0x0, 0x9f, 0xf2, 0x8, 0x3e, 0x20, 0x21,
    0x80, 0x84, 0x2, 0xbf, 0xfc, 0xc3, 0xa5, 0xc,
    0xa4, 0x32, 0x10, 0xc8, 0x43, 0x21, 0xff, 0x84,
    0x30,

    /* U+6301 "持" */
    0x20, 0x40, 0x81, 0x2, 0x3f, 0xbe, 0x10, 0x27,
    0xfc, 0x9f, 0xf2, 0x1, 0xe, 0x4, 0xe7, 0xfc,
    0x80, 0x42, 0x11, 0x8, 0x64, 0x20, 0x13, 0x81,
    0xc0,

    /* U+6307 "指" */
    0x22, 0x0, 0x88, 0xe2, 0x3c, 0x3e, 0x81, 0x22,
    0x4, 0x8f, 0xf2, 0x0, 0x1e, 0xff, 0xe2, 0xc,
    0x88, 0x32, 0x3f, 0xc8, 0x83, 0x22, 0xf, 0x8f,
    0xf0,

    /* U+6319 "挙" */
    0x26, 0x10, 0xc8, 0xc1, 0x32, 0x3f, 0xff, 0x18,
    0xe0, 0xfe, 0xc4, 0xb0, 0xef, 0xfc, 0x3, 0x0,
    0xc, 0xf, 0xff, 0xc0, 0xc0, 0x3, 0x0, 0x38,
    0x0,

    /* U+635C "捜" */
    0x20, 0x40, 0x4f, 0xf8, 0x91, 0x37, 0xff, 0xe2,
    0x44, 0xc4, 0x89, 0x89, 0xff, 0x1c, 0x20, 0xe7,
    0xf8, 0x4f, 0xf8, 0x88, 0x61, 0xf, 0x82, 0x1f,
    0x1d, 0xc3, 0x80,

    /* U+6368 "捨" */
    0x20, 0xc0, 0x41, 0x40, 0x8c, 0x67, 0xe2, 0x72,
    0x3f, 0x84, 0x8, 0xa, 0x10, 0x3f, 0xfe, 0xe0,
    0x0, 0x4f, 0xf8, 0x98, 0x31, 0x30, 0x62, 0x60,
    0xdc, 0xff, 0x80,

    /* U+6383 "掃" */
    0x23, 0xf8, 0x80, 0x22, 0x3f, 0xbe, 0x2, 0x23,
    0xf8, 0x9f, 0xf3, 0xff, 0xff, 0x11, 0xa3, 0xf8,
    0x89, 0x22, 0x24, 0x88, 0x92, 0x22, 0x5b, 0x81,
    0x0,

    /* U+6388 "授" */
    0x20, 0x1c, 0x4f, 0xc0, 0x89, 0x17, 0xd2, 0x42,
    0x21, 0x84, 0xff, 0xc9, 0x0, 0x9b, 0xff, 0xe3,
    0x18, 0x42, 0x30, 0x82, 0xc1, 0x7, 0x2, 0x3b,
    0x9c, 0xc1, 0xc0,

    /* U+63A5 "接" */
    0x20, 0x40, 0x9f, 0xf2, 0x7f, 0xfe, 0x44, 0x21,
    0x10, 0xbf, 0xf2, 0x8, 0xe, 0x60, 0xef, 0xfc,
    0x8c, 0x42, 0x23, 0x8, 0xf8, 0x21, 0xfb, 0xb8,
    0x30,

    /* U+640D "損" */
    0x11, 0xfc, 0x22, 0x8, 0x47, 0xf3, 0xe0, 0x1,
    0x1f, 0xc2, 0x20, 0x87, 0x7f, 0x3c, 0x82, 0x51,
    0xfc, 0x22, 0x8, 0x44, 0x10, 0x8f, 0xe1, 0x1d,
    0x8e, 0xc0, 0xc0,

    /* U+6442 "摂" */
    0x27, 0xfe, 0x42, 0x10, 0x87, 0xe7, 0xc8, 0x42,
    0x1f, 0x84, 0x21, 0xb, 0xff, 0xbc, 0x4, 0xe6,
    0xc, 0x43, 0x30, 0x82, 0x1, 0x4, 0x82, 0x38,
    0xdc, 0x80, 0xc0,

    /* U+64CD "操" */
    0x21, 0xf8, 0x84, 0x2f, 0x1f, 0xbc, 0x0, 0x27,
    0xbc, 0x92, 0x92, 0x4a, 0x5d, 0xef, 0xe0, 0x40,
    0xbf, 0xf2, 0xe, 0x8, 0x54, 0x26, 0x4d, 0xa1,
    0x0,

    /* U+6539 "改" */
    0x0, 0x41, 0xfd, 0x3, 0xfa, 0x0, 0x37, 0xf0,
    0x78, 0xdf, 0xf1, 0x31, 0xa2, 0x60, 0x24, 0xc0,
    0x51, 0x84, 0xe3, 0x8, 0xc3, 0xf3, 0xc0, 0xc,
    0xc0, 0x60, 0xc0,

    /* U+6551 "救" */
    0xa, 0x20, 0x12, 0xc0, 0x21, 0x3, 0xfb, 0xf0,
    0x84, 0x49, 0x78, 0x8a, 0xbb, 0x15, 0x54, 0xc,
    0x28, 0x7c, 0x61, 0xac, 0xc0, 0x4b, 0x40, 0x8c,
    0xc7, 0x30, 0x40,

    /* U+6559 "教" */
    0x11, 0xa0, 0xfa, 0x80, 0x4d, 0xf8, 0xb3, 0xff,
    0xf4, 0x5f, 0xf9, 0x9f, 0xfa, 0x33, 0x14, 0xc8,
    0x28, 0x3e, 0x63, 0xe0, 0xc0, 0x41, 0xc0, 0x8c,
    0xc7, 0x10, 0xc0,

    /* U+6563 "散" */
    0x64, 0x41, 0x92, 0xf, 0xf8, 0x19, 0x3f, 0x64,
    0x8a, 0x6e, 0x2f, 0xf9, 0x30, 0x94, 0xc2, 0x53,
    0xf9, 0x8c, 0x22, 0x3f, 0x94, 0xc2, 0x9b, 0x34,
    0x30,

    /* U+6570 "数" */
    0x12, 0x60, 0xa4, 0xc1, 0x51, 0x7, 0xfb, 0xf3,
    0xcc, 0x4e, 0xd9, 0xa4, 0x72, 0x18, 0x34, 0xff,
    0x38, 0xc8, 0x61, 0x90, 0xc1, 0xc3, 0xc3, 0xec,
    0xdc, 0x70, 0xc0,

    /* U+6574 "整" */
    0x7f, 0x20, 0x8, 0x7e, 0x7f, 0x44, 0x49, 0xac,
    0x7f, 0x38, 0x1c, 0x18, 0x6b, 0x6c, 0x48, 0x82,
    0x0, 0x0, 0x3f, 0xfc, 0x1, 0x80, 0x11, 0xf8,
    0x11, 0x80, 0xff, 0xfe,

    /* U+6587 "文" */
    0x1, 0x0, 0x2, 0x3, 0xff, 0xf8, 0x80, 0x81,
    0x83, 0x1, 0x4, 0x3, 0x18, 0x2, 0x20, 0x6,
    0xc0, 0x7, 0x0, 0xe, 0x0, 0x77, 0x3, 0x83,
    0x8c, 0x1, 0xc0,

    /* U+6589 "斉" */
    0x1, 0x0, 0xff, 0xf9, 0xff, 0xf0, 0x63, 0x0,
    0x38, 0x1f, 0x8f, 0xcc, 0x6, 0x1f, 0xfc, 0x30,
    0x18, 0x60, 0x30, 0xff, 0xe1, 0x80, 0xc6, 0x1,
    0x88, 0x3, 0x0,

    /* U+65A5 "斥" */
    0x0, 0x8, 0x7, 0xf0, 0xfc, 0x1, 0x80, 0x3,
    0x0, 0x7, 0xff, 0xcf, 0xff, 0x98, 0x20, 0x30,
    0x40, 0x6f, 0x80, 0x83, 0xc1, 0x2, 0xe6, 0x4,
    0x48, 0x8, 0x0, 0x10, 0x0,

    /* U+65B0 "新" */
    0x8, 0x1e, 0xff, 0xf1, 0xff, 0x1, 0x16, 0x0,
    0xc, 0xf, 0xff, 0xc2, 0x32, 0x4, 0x64, 0x7f,
    0xc8, 0x31, 0x90, 0xfb, 0x21, 0x54, 0x44, 0x98,
    0x81, 0x21, 0x0,

    /* U+65B9 "方" */
    0x3, 0x0, 0xc, 0xf, 0xff, 0xff, 0xff, 0x4,
    0x0, 0x10, 0x0, 0x7f, 0x81, 0x6, 0x8, 0x18,
    0x20, 0x41, 0x81, 0xc, 0x4, 0x60, 0x33, 0x7,
    0x80,

    /* U+65C5 "旅" */
    0x8, 0x40, 0x8, 0x40, 0x7e, 0xfe, 0x7f, 0x80,
    0x33, 0xe, 0x3e, 0x70, 0x36, 0xd3, 0x36, 0x5c,
    0x36, 0x48, 0x36, 0x48, 0x26, 0x4c, 0x66, 0x44,
    0x44, 0x46, 0xcc, 0x42,

    /* U+65CF "族" */
    0x8, 0x40, 0x8, 0xc0, 0x7e, 0xff, 0x7f, 0x80,
    0x31, 0x40, 0x30, 0x7e, 0x3e, 0x90, 0x36, 0x90,
    0x37, 0xff, 0x36, 0x18, 0x26, 0x28, 0x66, 0x2c,
    0x64, 0xc6, 0x5d, 0x83,

    /* U+65D7 "旗" */
    0x18, 0xc0, 0x18, 0xfe, 0x7e, 0x80, 0x7f, 0x44,
    0x30, 0x44, 0x3e, 0xfe, 0x36, 0x7c, 0x36, 0x44,
    0x36, 0x7c, 0x36, 0x44, 0x27, 0xfe, 0x67, 0xfe,
    0x44, 0xc4, 0xcd, 0x3,

    /* U+65E5 "日" */
    0xff, 0xf8, 0xf, 0x1, 0xe0, 0x3c, 0x7, 0xff,
    0xf0, 0x1e, 0x3, 0xc0, 0x78, 0xf, 0x1, 0xff,
    0xfc, 0x6,

    /* U+65E9 "早" */
    0x3f, 0xf8, 0x40, 0x10, 0x80, 0x21, 0xff, 0xc2,
    0x0, 0x87, 0xff, 0xf, 0xfe, 0x0, 0x80, 0x1,
    0x1, 0xff, 0xfc, 0x4, 0x0, 0x8, 0x0, 0x10,
    0x0, 0x20, 0x0,

    /* U+660E "明" */
    0xfd, 0xff, 0x9b, 0xf, 0x36, 0x1e, 0x6c, 0x3c,
    0xdf, 0xff, 0xb0, 0xf3, 0x61, 0xe6, 0xc3, 0xcd,
    0xff, 0xfb, 0xf, 0xc, 0x1e, 0x18, 0x30, 0x60,
    0x61, 0x83, 0x80,

    /* U+661F "星" */
    0x3f, 0xf0, 0x80, 0x42, 0x1, 0xf, 0xfc, 0x20,
    0x10, 0xff, 0xc1, 0x0, 0xc, 0x40, 0x3f, 0xf9,
    0x4, 0x1, 0xff, 0x0, 0x40, 0x1, 0x1, 0xff,
    0xf0,

    /* U+6625 "春" */
    0x2, 0x1, 0xff, 0xe0, 0x20, 0x1f, 0xfe, 0x4,
    0x83, 0xff, 0xf0, 0x86, 0x4, 0x8, 0x3f, 0xfb,
    0x40, 0xb9, 0xfe, 0x4, 0x8, 0x10, 0x20, 0x7f,
    0x80,

    /* U+6628 "昨" */
    0x1, 0x1, 0xfa, 0x3, 0x34, 0x6, 0x6f, 0xfc,
    0xec, 0x19, 0xd8, 0x33, 0xb0, 0x7e, 0x7e, 0xcc,
    0xc1, 0x99, 0x83, 0x33, 0xff, 0xe6, 0xc, 0xc,
    0x0, 0x18, 0x0, 0x30, 0x0,

    /* U+663C "昼" */
    0x3f, 0xf8, 0x40, 0x10, 0x80, 0x21, 0xff, 0xc2,
    0x2, 0x4, 0x2, 0x1f, 0xfc, 0x28, 0x1c, 0x5f,
    0xe9, 0xa0, 0x4c, 0x7f, 0x80, 0x0, 0x0, 0x0,
    0xf, 0xff, 0x80,

    /* U+6642 "時" */
    0xfc, 0x23, 0x37, 0xfc, 0xc2, 0x33, 0x8, 0xcf,
    0xff, 0xff, 0xfc, 0xc0, 0xb3, 0xff, 0xcc, 0xb,
    0x36, 0x2f, 0xc8, 0xb0, 0x12, 0x0, 0x8, 0x0,
    0xe0,

    /* U+666F "景" */
    0x3f, 0xf0, 0x80, 0x43, 0xff, 0xf, 0xfc, 0x3f,
    0xf0, 0x4, 0x7, 0xff, 0xcf, 0xfc, 0x20, 0x10,
    0x80, 0x43, 0xff, 0x2, 0x48, 0x71, 0x1d, 0x1c,
    0x10,

    /* U+6674 "晴" */
    0x0, 0x21, 0xf7, 0xff, 0x60, 0x86, 0xcf, 0xed,
    0xbf, 0xff, 0x0, 0x3e, 0x0, 0x6d, 0xfe, 0xdb,
    0xd, 0xb7, 0xfb, 0xec, 0x36, 0x1f, 0xe0, 0x30,
    0xc0, 0x63, 0x80,

    /* U+66DC "曜" */
    0xff, 0xbf, 0x99, 0xf, 0x3e, 0xfe, 0x64, 0x3c,
    0xfb, 0xff, 0xa6, 0x33, 0x7f, 0x67, 0x90, 0xcf,
    0xfd, 0x9e, 0x43, 0xff, 0xf6, 0x19, 0xc, 0x3f,
    0xe0, 0x7f, 0xc0,

    /* U+66F8 "書" */
    0x2, 0x1, 0xff, 0xc0, 0x21, 0x3f, 0xfe, 0x7f,
    0xf0, 0x8, 0x7, 0xff, 0x3f, 0xff, 0x0, 0x1,
    0xff, 0xc6, 0x1, 0x1f, 0xfc, 0x60, 0x11, 0xff,
    0xc0,

    /* U+6700 "最" */
    0x3f, 0xf0, 0x80, 0x43, 0xff, 0x8, 0x4, 0x3f,
    0xf0, 0x0, 0xf, 0xff, 0xd9, 0x80, 0x7f, 0xf9,
    0x9a, 0x27, 0xed, 0x19, 0x98, 0xfe, 0xf0, 0x1c,
    0x30,

    /* U+6708 "月" */
    0x1f, 0xfc, 0x60, 0x31, 0x80, 0xc6, 0x3, 0x1f,
    0xfc, 0x60, 0x31, 0x80, 0xc6, 0x3, 0x1f, 0xfc,
    0x40, 0x33, 0x0, 0xcc, 0x3, 0x60, 0xd, 0x1,
    0xe0,

    /* U+671D "朝" */
    0x11, 0xff, 0xfe, 0x31, 0x18, 0xff, 0x63, 0x85,
    0xfe, 0x16, 0x3f, 0xd8, 0xe1, 0x63, 0xfd, 0xfc,
    0x46, 0x3f, 0xf0, 0xc4, 0x43, 0x12, 0xc, 0x58,
    0xe0,

    /* U+672C "本" */
    0x1, 0x0, 0x2, 0x0, 0x4, 0x3, 0xff, 0xe0,
    0x38, 0x0, 0xf8, 0x1, 0x50, 0x4, 0x90, 0x19,
    0x30, 0x62, 0x33, 0x3f, 0x98, 0x8, 0x0, 0x10,
    0x0, 0x20, 0x0,

    /* U+672D "札" */
    0x10, 0x80, 0x42, 0x1, 0x8, 0x3f, 0xa0, 0x10,
    0x80, 0xe2, 0x3, 0xc8, 0x15, 0xa0, 0x50, 0x83,
    0x42, 0x9, 0x8, 0x44, 0x21, 0x10, 0x84, 0x43,
    0xe0,

    /* U+6750 "材" */
    0x10, 0x8, 0x20, 0x10, 0x40, 0x27, 0xef, 0xf1,
    0x1, 0x87, 0x3, 0xd, 0xa, 0x2b, 0x34, 0x50,
    0xc9, 0xa3, 0x12, 0x4c, 0x20, 0x80, 0x41, 0x0,
    0x82, 0xf, 0x0,

    /* U+6751 "村" */
    0x10, 0x8, 0x20, 0x10, 0x40, 0x27, 0xef, 0xf1,
    0x0, 0x86, 0x1, 0xe, 0x22, 0x2a, 0x64, 0x54,
    0x49, 0xa0, 0xd2, 0x40, 0x20, 0x80, 0x41, 0x0,
    0x82, 0xf, 0x0,

    /* U+6771 "東" */
    0x1, 0x0, 0xff, 0xf8, 0x4, 0x0, 0x8, 0x3,
    0xff, 0x84, 0x21, 0xf, 0xfe, 0x10, 0x84, 0x3f,
    0xf8, 0xf, 0x80, 0x35, 0x80, 0xc9, 0x86, 0x10,
    0xc8, 0x20, 0x80,

    /* U+6797 "林" */
    0x10, 0x20, 0x20, 0x40, 0x40, 0x87, 0xef, 0xe1,
    0x7, 0x7, 0xe, 0xd, 0x1c, 0x2a, 0x54, 0x50,
    0xa9, 0x22, 0x5a, 0x4c, 0x98, 0x81, 0x1, 0x2,
    0x2, 0x4, 0x0,

    /* U+679C "果" */
    0x3f, 0xf8, 0x7f, 0xf0, 0x84, 0x21, 0xff, 0xc2,
    0x10, 0x84, 0x21, 0xf, 0xfe, 0x0, 0x80, 0x7f,
    0xfc, 0xf, 0x80, 0x35, 0x80, 0xc9, 0xce, 0x10,
    0xe0, 0x20, 0x0,

    /* U+67D3 "染" */
    0x70, 0x80, 0x1f, 0xf1, 0x86, 0x60, 0x8, 0xc3,
    0x31, 0xa4, 0xc3, 0x53, 0x43, 0x0, 0x80, 0x7f,
    0xfe, 0xf, 0x80, 0x35, 0x80, 0xc9, 0xc6, 0x10,
    0xe8, 0x20, 0x0,

    /* U+6804 "栄" */
    0x23, 0x8, 0x22, 0x20, 0x64, 0xc3, 0xff, 0xe4,
    0x0, 0x48, 0x20, 0x80, 0x40, 0x3f, 0xfe, 0x3,
    0x80, 0xa, 0x80, 0x24, 0x81, 0x88, 0xce, 0x10,
    0xe0, 0x20, 0x0,

    /* U+6821 "校" */
    0x10, 0x20, 0x20, 0x40, 0x4f, 0xfb, 0xe4, 0x41,
    0x8, 0x86, 0x20, 0x8e, 0xe2, 0x9a, 0x4c, 0x54,
    0x50, 0xa0, 0xe2, 0x40, 0x80, 0x82, 0x81, 0x18,
    0xc2, 0x60, 0xc0,

    /* U+6848 "案" */
    0x3, 0x1, 0xff, 0xfa, 0x0, 0x17, 0xff, 0xef,
    0xff, 0xc3, 0x88, 0x0, 0xf0, 0x3f, 0x1c, 0x3,
    0x1, 0xff, 0xf8, 0x1e, 0x0, 0xdb, 0x6, 0x31,
    0x90, 0x60, 0x80,

    /* U+68B0 "械" */
    0x20, 0x20, 0x80, 0xa2, 0x2, 0x3d, 0xff, 0x22,
    0xa0, 0xca, 0x97, 0xaa, 0x59, 0xfa, 0xa2, 0xaa,
    0x8a, 0x6a, 0x29, 0x49, 0x2d, 0x24, 0x7c, 0x83,
    0x30,

    /* U+68EE "森" */
    0x1, 0x0, 0xff, 0xf8, 0x1e, 0x0, 0x6b, 0x1,
    0x13, 0x1c, 0x21, 0x84, 0x8, 0x8, 0x10, 0xfd,
    0xfc, 0x60, 0xe1, 0xf3, 0xa6, 0xad, 0x69, 0x32,
    0x62, 0x4, 0x0,

    /* U+690D "植" */
    0x10, 0x30, 0x27, 0xfc, 0x40, 0x83, 0xe1, 0x1,
    0x2f, 0xc2, 0x50, 0x8e, 0xbf, 0x1f, 0x42, 0x56,
    0xfc, 0xa5, 0xa, 0x4b, 0xf0, 0x90, 0x1, 0x3f,
    0xe2, 0x40, 0x0,

    /* U+6975 "極" */
    0x2f, 0xfc, 0x84, 0x2, 0x10, 0x3e, 0x70, 0x20,
    0x5c, 0x9d, 0xa7, 0x56, 0x9d, 0x56, 0x6d, 0x5a,
    0x9d, 0x6a, 0x45, 0x88, 0x19, 0x21, 0x80, 0xbf,
    0xf0,

    /* U+697D "楽" */
    0x1, 0x0, 0x82, 0x9, 0x9f, 0xb1, 0xa1, 0x41,
    0x42, 0x0, 0xfc, 0x7, 0xe, 0x33, 0xf7, 0xc7,
    0xe4, 0x2, 0x1, 0xff, 0xf8, 0x3e, 0x0, 0xd6,
    0xe, 0x23, 0x90, 0x40, 0x0,

    /* U+69D8 "様" */
    0x10, 0x88, 0x27, 0xfc, 0x4f, 0xfb, 0xe1, 0x1,
    0x1f, 0xc2, 0x4, 0xe, 0xff, 0x9a, 0x10, 0x55,
    0x26, 0xa1, 0x7a, 0x40, 0xe0, 0x8d, 0x61, 0x62,
    0x62, 0x1c, 0x0,

    /* U+6A39 "樹" */
    0x21, 0x4, 0x5f, 0x88, 0x84, 0x17, 0xbe, 0xf2,
    0x0, 0x44, 0xf8, 0x9d, 0x15, 0x3a, 0x2a, 0xa7,
    0xd5, 0x40, 0xaa, 0x9b, 0x11, 0x14, 0x22, 0x7c,
    0x45, 0x3, 0x80,

    /* U+6A5F "機" */
    0x22, 0x58, 0x44, 0xa0, 0x95, 0xb7, 0xda, 0xc2,
    0x35, 0x4e, 0xff, 0xdc, 0x14, 0x34, 0x24, 0xa7,
    0xff, 0x44, 0x92, 0x8c, 0xe1, 0x25, 0x82, 0x47,
    0x25, 0x11, 0xc0,

    /* U+6B20 "欠" */
    0x8, 0x0, 0x10, 0x0, 0x60, 0x0, 0xff, 0xf1,
    0xff, 0xe6, 0x21, 0x88, 0x43, 0x30, 0x84, 0x41,
    0x18, 0x5, 0x0, 0xa, 0x0, 0x32, 0x0, 0xc6,
    0x3, 0x7, 0x1c, 0x3, 0xa0, 0x1,

    /* U+6B21 "次" */
    0x1, 0x0, 0x2, 0x1, 0xcc, 0x1, 0xdf, 0xf1,
    0x3f, 0xe0, 0xc9, 0x81, 0x13, 0x6, 0x24, 0x0,
    0x40, 0x31, 0x40, 0xc2, 0x83, 0xd, 0x84, 0x31,
    0x0, 0xc1, 0x87, 0x1, 0x80, 0x0,

    /* U+6B4C "歌" */
    0x0, 0x41, 0xfe, 0x83, 0xfe, 0x0, 0x14, 0xf,
    0xaf, 0xf9, 0x54, 0xbe, 0xc9, 0x3, 0x96, 0xff,
    0x20, 0x4, 0xc3, 0xe9, 0x46, 0x52, 0x8c, 0xac,
    0x9f, 0x71, 0xb1, 0xc1, 0x80,

    /* U+6B62 "止" */
    0x3, 0x0, 0xc, 0x0, 0x30, 0x8, 0xc0, 0x23,
    0x0, 0x8f, 0xe2, 0x30, 0x8, 0xc0, 0x23, 0x0,
    0x8c, 0x2, 0x30, 0x8, 0xc0, 0xff, 0xff, 0xff,
    0xf0,

    /* U+6B63 "正" */
    0xff, 0xfc, 0xc, 0x0, 0x30, 0x0, 0xc0, 0x23,
    0x0, 0x8f, 0xe2, 0x30, 0x8, 0xc0, 0x23, 0x0,
    0x8c, 0x2, 0x30, 0x3f, 0xff, 0xff, 0xfc,

    /* U+6B69 "歩" */
    0x2, 0x0, 0x8f, 0xe2, 0x20, 0x8, 0x80, 0xff,
    0xff, 0xff, 0xf0, 0x20, 0xc, 0x8c, 0x62, 0x1b,
    0x8, 0xb0, 0xe6, 0x0, 0x30, 0x3, 0x81, 0xf8,
    0x6, 0x0, 0x0,

    /* U+6B8B "残" */
    0xfc, 0x5c, 0x40, 0x98, 0x8f, 0xf2, 0x12, 0x7,
    0x84, 0x49, 0x7f, 0x32, 0x10, 0x75, 0xff, 0xb8,
    0x24, 0x20, 0x50, 0x40, 0xc1, 0x3, 0x96, 0x19,
    0x38, 0xc1, 0xc0,

    /* U+6BBA "殺" */
    0x4, 0x0, 0x9b, 0xe1, 0xa6, 0x40, 0xcc, 0x83,
    0xd9, 0x2c, 0xb2, 0x74, 0x47, 0x88, 0x0, 0xfd,
    0xfc, 0x63, 0x10, 0xe2, 0x62, 0xa2, 0x8d, 0x6,
    0x2, 0x3b, 0x4, 0xc1, 0x80,

    /* U+6BCD "母" */
    0x1f, 0xf0, 0x40, 0x43, 0x31, 0x8, 0x64, 0x20,
    0x13, 0xff, 0xf2, 0x1, 0x9, 0x84, 0x23, 0x11,
    0x86, 0x46, 0x1, 0x1f, 0xff, 0x40, 0x30, 0x7,
    0x80,

    /* U+6BCE "毎" */
    0x10, 0x0, 0x20, 0x0, 0xff, 0xf1, 0x0, 0x7,
    0xff, 0xb, 0xfe, 0x4, 0x44, 0x18, 0x88, 0xff,
    0xfe, 0x46, 0x20, 0x88, 0x41, 0x10, 0x83, 0xff,
    0xc4, 0x4, 0x0, 0x78, 0x0,

    /* U+6C0F "氏" */
    0x0, 0x30, 0x9f, 0xc1, 0xe4, 0x3, 0x8, 0x6,
    0x10, 0xc, 0x20, 0x1f, 0xff, 0x30, 0x40, 0x60,
    0x80, 0xc1, 0x1, 0x83, 0x3, 0x2, 0x27, 0xe2,
    0x58, 0x3, 0x80,

    /* U+6C17 "気" */
    0x10, 0x0, 0x40, 0x3, 0xff, 0xc8, 0x0, 0x60,
    0x1, 0x7f, 0xc8, 0x0, 0x1f, 0xfc, 0x1, 0x30,
    0xc4, 0xc1, 0xa3, 0x1, 0x84, 0x1b, 0x14, 0xc6,
    0x5c, 0x0, 0xc0,

    /* U+6C34 "水" */
    0x0, 0x80, 0x0, 0x80, 0x0, 0x80, 0x0, 0x86,
    0x7e, 0xcc, 0x6, 0xd8, 0xc, 0xf0, 0xc, 0xa0,
    0x18, 0xb0, 0x18, 0x98, 0x30, 0x8c, 0x60, 0x86,
    0x40, 0x82, 0xf, 0x0,

    /* U+6C42 "求" */
    0x1, 0x20, 0x2, 0x31, 0xff, 0xf0, 0x8, 0x2,
    0x18, 0xc6, 0x33, 0x6, 0x7c, 0x0, 0xb0, 0x1,
    0x60, 0x1a, 0x60, 0xe4, 0x67, 0x8, 0x60, 0x10,
    0x41, 0xe0, 0x0,

    /* U+6C60 "池" */
    0x20, 0x20, 0x74, 0x40, 0x8, 0x80, 0x11, 0xe0,
    0x27, 0x4c, 0x74, 0x83, 0x89, 0x1, 0x12, 0x2,
    0x24, 0x24, 0x58, 0xc8, 0x81, 0x10, 0x16, 0x20,
    0x68, 0x7f, 0x80,

    /* U+6C7A "決" */
    0x40, 0x80, 0xc2, 0x0, 0x7f, 0x80, 0x22, 0xc0,
    0x89, 0x82, 0x22, 0x8, 0x83, 0xff, 0xf, 0xfc,
    0x47, 0x2, 0x16, 0x8, 0xc8, 0x42, 0x13, 0x30,
    0x70, 0x80, 0x40,

    /* U+6C7D "汽" */
    0x3, 0x0, 0xc4, 0x0, 0x5f, 0xf0, 0x20, 0x0,
    0xc0, 0x1, 0x7f, 0x38, 0x0, 0x7, 0xfc, 0x0,
    0x18, 0x0, 0x30, 0x80, 0x63, 0x0, 0xc4, 0x0,
    0xb8, 0x1, 0x80, 0x3, 0x0,

    /* U+6CBB "治" */
    0x60, 0x80, 0x23, 0x0, 0x4, 0xc0, 0x18, 0xcc,
    0x20, 0xcf, 0xff, 0x80, 0x1, 0x80, 0x0, 0x17,
    0xfc, 0x2c, 0x18, 0x98, 0x33, 0x30, 0x64, 0x60,
    0xc8, 0xff, 0x80,

    /* U+6CC9 "泉" */
    0x1, 0x80, 0x1f, 0xfc, 0x10, 0x4, 0x1f, 0xfc,
    0x10, 0x4, 0x1f, 0xfc, 0x1f, 0xfc, 0x0, 0x86,
    0x7e, 0xcc, 0xc, 0xf0, 0xc, 0xb0, 0x38, 0x98,
    0x60, 0x87, 0x7, 0x80,

    /* U+6CE3 "泣" */
    0x60, 0x60, 0x30, 0xc0, 0x1f, 0xf8, 0x0, 0xc,
    0x10, 0x8e, 0x21, 0x0, 0x42, 0x0, 0x84, 0x11,
    0x98, 0x33, 0x30, 0xc2, 0x41, 0x4, 0x86, 0x1,
    0x9, 0xff, 0xc0,

    /* U+6D17 "洗" */
    0x42, 0x40, 0x64, 0x80, 0xf, 0xf0, 0x22, 0xc,
    0x44, 0xc, 0x8, 0x3, 0xff, 0x7, 0xfe, 0x1,
    0x20, 0x22, 0x40, 0x8c, 0x83, 0x11, 0x14, 0x62,
    0x29, 0x7, 0xc0,

    /* U+6D3B "活" */
    0x0, 0x9, 0x87, 0xe1, 0x74, 0x0, 0x10, 0x0,
    0x43, 0x3f, 0xf7, 0x4, 0x0, 0x10, 0x0, 0x40,
    0x5f, 0xf1, 0x60, 0xc9, 0x83, 0x66, 0xd, 0x18,
    0x34, 0x7f, 0xc0,

    /* U+6D41 "流" */
    0x70, 0x40, 0x2f, 0xfc, 0x1f, 0xf8, 0xc, 0xcc,
    0x10, 0x86, 0xff, 0x80, 0x0, 0x81, 0x24, 0x12,
    0x48, 0x24, 0x90, 0xc9, 0x21, 0x32, 0x56, 0x44,
    0xa9, 0x81, 0xc0,

    /* U+6D44 "浄" */
    0xc2, 0x0, 0xcf, 0xc0, 0x46, 0x3, 0xfe, 0x8f,
    0xf9, 0x82, 0x20, 0xff, 0xc0, 0x22, 0x30, 0x88,
    0x9f, 0xe6, 0x8, 0x90, 0x20, 0xc0, 0x82, 0xe,
    0x0,

    /* U+6D45 "浅" */
    0x20, 0xb0, 0x61, 0x10, 0x2, 0xf0, 0x3e, 0x4,
    0x8, 0x4c, 0xff, 0x0, 0x10, 0x0, 0xff, 0x16,
    0x40, 0x20, 0x90, 0xc0, 0xc1, 0x3, 0x16, 0x19,
    0x28, 0xc1, 0x80,

    /* U+6D77 "海" */
    0x42, 0x0, 0xcc, 0x0, 0x1f, 0xf0, 0x60, 0xc,
    0xff, 0x8c, 0x89, 0x1, 0x12, 0x7, 0xff, 0x24,
    0x88, 0x49, 0x11, 0x92, 0x22, 0x7f, 0xec, 0xff,
    0xc0, 0xe, 0x0,

    /* U+6DF1 "深" */
    0x0, 0x3, 0x3f, 0xf2, 0xff, 0xc6, 0x49, 0x9,
    0x20, 0x8, 0x9e, 0xe3, 0xca, 0x30, 0x0, 0xc0,
    0x3f, 0xf3, 0x1e, 0x8, 0xfc, 0x46, 0xdb, 0x63,
    0x30, 0xc, 0x0,

    /* U+6E05 "清" */
    0x67, 0xfc, 0x20, 0x80, 0x1f, 0xf0, 0x2, 0xc,
    0xff, 0xe6, 0x0, 0x1, 0xff, 0x3, 0x6, 0x17,
    0xfc, 0x2c, 0x18, 0x9f, 0xf1, 0x30, 0x64, 0x60,
    0xc8, 0xc7, 0x80,

    /* U+6E56 "湖" */
    0xc2, 0x7e, 0x44, 0xcc, 0x9, 0x98, 0xff, 0x38,
    0x27, 0xec, 0x4c, 0xc0, 0x99, 0x8f, 0xb3, 0x19,
    0x7e, 0x72, 0xcd, 0xe5, 0x9a, 0xfa, 0x3d, 0x8c,
    0x70, 0x31, 0x80,

    /* U+6E96 "準" */
    0x0, 0x1, 0x89, 0x80, 0x7f, 0xf3, 0x10, 0x57,
    0xf8, 0x11, 0x2, 0x7f, 0x99, 0x10, 0x47, 0xfe,
    0x1f, 0xf0, 0x30, 0x3f, 0xff, 0x3, 0x0, 0xc,
    0x0, 0x30, 0x0,

    /* U+6EDD "滝" */
    0x40, 0x40, 0x6f, 0xfc, 0x44, 0x20, 0x8, 0x80,
    0xff, 0xee, 0xff, 0x89, 0xff, 0x3, 0x22, 0x17,
    0xfc, 0x2c, 0x88, 0xdf, 0xf1, 0x32, 0x14, 0x4,
    0x28, 0x7, 0xc0,

    /* U+6F01 "漁" */
    0x61, 0x0, 0x67, 0xe0, 0x8, 0xc0, 0x3f, 0xec,
    0xff, 0xcc, 0x88, 0x81, 0xff, 0x2, 0x22, 0x4,
    0x44, 0x6f, 0xf8, 0x9f, 0xf3, 0x29, 0x44, 0xd2,
    0x59, 0x34, 0xc0, 0x40, 0x80,

    /* U+6FC1 "濁" */
    0x67, 0xfc, 0x52, 0x90, 0x4a, 0x41, 0xff, 0x43,
    0x0, 0xcf, 0xf0, 0x48, 0x43, 0xf9, 0x6, 0xa4,
    0xda, 0x92, 0x7e, 0x48, 0x29, 0x47, 0xd5, 0x0,
    0x70,

    /* U+702C "瀬" */
    0x62, 0x7e, 0x7f, 0x20, 0x3e, 0x40, 0x11, 0xe4,
    0xfa, 0x4d, 0x57, 0x82, 0xa9, 0x5, 0x52, 0xf,
    0xbc, 0x4c, 0x48, 0x9e, 0xf3, 0x55, 0x45, 0x26,
    0x48, 0x58, 0xc0,

    /* U+706B "火" */
    0x1, 0x0, 0x2, 0x0, 0x4, 0x0, 0x88, 0x61,
    0x10, 0x86, 0x21, 0x8, 0x44, 0x30, 0x98, 0x2,
    0x80, 0x5, 0x0, 0x11, 0x0, 0x61, 0x1, 0x83,
    0x9c, 0x1, 0xc0, 0x0, 0x0,

    /* U+70B9 "点" */
    0x3, 0x0, 0x7, 0xf8, 0xc, 0x0, 0x18, 0x3,
    0xff, 0x87, 0xff, 0x8, 0x2, 0x10, 0x4, 0x3f,
    0xf8, 0x0, 0x0, 0x92, 0x23, 0x22, 0x24, 0x44,
    0x60, 0x88, 0x0,

    /* U+7136 "然" */
    0x8, 0x14, 0x1f, 0x96, 0x11, 0x12, 0x2b, 0xfe,
    0x67, 0x10, 0x56, 0x18, 0xe, 0x28, 0xc, 0x6c,
    0x18, 0xc6, 0x71, 0x83, 0x0, 0x0, 0x32, 0x64,
    0x22, 0x26, 0x62, 0x22,

    /* U+713C "焼" */
    0x10, 0x20, 0x27, 0xfc, 0x50, 0x82, 0xa9, 0x45,
    0x90, 0x8b, 0xff, 0xe4, 0x42, 0x8, 0x84, 0x17,
    0xfe, 0x6f, 0xfc, 0xa6, 0x41, 0x6c, 0x84, 0x31,
    0x38, 0xc3, 0xc0,

    /* U+7167 "照" */
    0xff, 0xfb, 0x31, 0x2c, 0xc8, 0xb3, 0x6e, 0xfe,
    0x3, 0x37, 0xec, 0xd0, 0xb3, 0x42, 0xfd, 0xb,
    0x7, 0xe0, 0x0, 0x19, 0x36, 0x44, 0x4a, 0x11,
    0x10,

    /* U+716E "煮" */
    0x2, 0x8, 0x7f, 0xf0, 0x8, 0xc3, 0xff, 0xf7,
    0xff, 0xe0, 0xc0, 0xf, 0xfc, 0x68, 0x8, 0x1f,
    0xf0, 0x20, 0x20, 0x7f, 0xc1, 0x0, 0x82, 0x44,
    0x88, 0x89, 0x80, 0x0, 0x0,

    /* U+71E5 "燥" */
    0x11, 0xf8, 0x11, 0x88, 0x15, 0xf8, 0x54, 0x0,
    0x5b, 0xde, 0x5a, 0x56, 0x13, 0xde, 0x33, 0xfe,
    0x30, 0x20, 0x33, 0xfe, 0x28, 0x70, 0x29, 0xa8,
    0x43, 0x26, 0x44, 0x22,

    /* U+7236 "父" */
    0x8, 0x60, 0x60, 0xc3, 0x1, 0x98, 0x3, 0xc0,
    0x24, 0x61, 0x80, 0x84, 0x3, 0x30, 0x7, 0x80,
    0xc, 0x0, 0x78, 0x3, 0x30, 0x38, 0x73, 0x80,
    0x70,

    /* U+725B "牛" */
    0x11, 0x0, 0x44, 0x3, 0x10, 0xf, 0xfe, 0x61,
    0x1, 0x4, 0x4, 0x10, 0x0, 0x40, 0xff, 0xfc,
    0x4, 0x0, 0x10, 0x0, 0x40, 0x1, 0x0, 0x4,
    0x0,

    /* U+72AC "犬" */
    0x3, 0x0, 0xd, 0xc0, 0x31, 0x80, 0xc0, 0xff,
    0xfc, 0xc, 0x0, 0x30, 0x1, 0xa0, 0x4, 0x80,
    0x31, 0x1, 0x86, 0xc, 0xc, 0xe0, 0x1c, 0x0,
    0x10,

    /* U+72B6 "状" */
    0x10, 0x80, 0x42, 0x49, 0x8, 0x94, 0x20, 0x1f,
    0xfc, 0x42, 0x1, 0xc, 0xc, 0x30, 0x51, 0x42,
    0x44, 0x81, 0x32, 0x4, 0x84, 0x14, 0x18, 0x60,
    0x20,

    /* U+738B "王" */
    0x7f, 0xfc, 0x2, 0x0, 0x4, 0x0, 0x8, 0x0,
    0x10, 0x7, 0xff, 0x0, 0x40, 0x0, 0x80, 0x1,
    0x0, 0x2, 0x0, 0x4, 0x7, 0xff, 0xf0,

    /* U+751F "生" */
    0x19, 0x0, 0x22, 0x0, 0x44, 0x1, 0xff, 0xe6,
    0x10, 0x8, 0x20, 0x0, 0x40, 0x1f, 0xfc, 0x1,
    0x0, 0x2, 0x0, 0x4, 0x0, 0x8, 0xf, 0xff,
    0xff, 0xff, 0xc0,

    /* U+7523 "産" */
    0x1, 0x0, 0xff, 0xf8, 0x20, 0xc0, 0x21, 0x7,
    0xff, 0xec, 0x0, 0x19, 0x20, 0x33, 0xfe, 0x68,
    0x80, 0xd1, 0x1, 0x9f, 0xf2, 0x4, 0x4, 0x8,
    0x19, 0xff, 0xc0,

    /* U+7528 "用" */
    0x3f, 0xfe, 0x61, 0xc, 0xc2, 0x19, 0xff, 0xf3,
    0x8, 0x66, 0x10, 0xcc, 0x21, 0x9f, 0xff, 0x30,
    0x86, 0x61, 0xc, 0x82, 0x1b, 0x4, 0x3c, 0xb,
    0xc0,

    /* U+7530 "田" */
    0xff, 0xff, 0xff, 0xfc, 0x20, 0xf0, 0x83, 0xc2,
    0xf, 0x8, 0x3f, 0xff, 0xf0, 0x83, 0xc2, 0xf,
    0x8, 0x3c, 0x20, 0xf0, 0x83, 0xff, 0xff, 0xff,
    0xf0,

    /* U+753A "町" */
    0xfe, 0x1, 0x95, 0xff, 0x2b, 0xfe, 0x50, 0x4c,
    0xa0, 0x9f, 0xc1, 0x32, 0x82, 0x65, 0x4, 0xca,
    0x9, 0x94, 0x13, 0xf8, 0x27, 0xf0, 0x4c, 0x0,
    0x80, 0xf, 0x0,

    /* U+753B "画" */
    0x7f, 0xfe, 0xff, 0xfc, 0x4, 0x6, 0xff, 0x6d,
    0x12, 0xda, 0x25, 0xb4, 0x4b, 0x6f, 0xf6, 0xd1,
    0x2d, 0xbf, 0xdb, 0x0, 0x36, 0x0, 0x6f, 0xff,
    0xd8, 0x1, 0x80,

    /* U+756A "番" */
    0x0, 0x38, 0x7f, 0x80, 0x64, 0xc0, 0x49, 0x7,
    0xff, 0xe0, 0xf8, 0x2, 0x48, 0x18, 0x8e, 0x7f,
    0xfc, 0x62, 0x30, 0xff, 0xe1, 0x88, 0xc3, 0x11,
    0x87, 0xff, 0x0,

    /* U+7573 "畳" */
    0x3f, 0xf8, 0x88, 0x63, 0xff, 0x88, 0x86, 0x3f,
    0xf8, 0x0, 0xf, 0xff, 0xef, 0xfd, 0x30, 0x30,
    0xff, 0xc3, 0x3, 0xf, 0xfc, 0x30, 0x33, 0xff,
    0xf0,

    /* U+767D "白" */
    0x0, 0x0, 0x30, 0x1, 0x1, 0xff, 0xfc, 0x1,
    0xe0, 0xf, 0x0, 0x78, 0x3, 0xff, 0xfe, 0x0,
    0xf0, 0x7, 0x80, 0x3c, 0x1, 0xff, 0xff, 0x0,
    0x60,

    /* U+76DB "盛" */
    0x0, 0x90, 0xff, 0xfd, 0x82, 0x3, 0x2, 0x47,
    0xe5, 0x8c, 0x8e, 0x11, 0x18, 0xe6, 0xef, 0x80,
    0xc, 0x7f, 0xf0, 0x91, 0x21, 0x22, 0x42, 0x44,
    0x9f, 0xff, 0xc0,

    /* U+76EE "目" */
    0xff, 0xfc, 0x3, 0xc0, 0x3c, 0x3, 0xff, 0xfc,
    0x3, 0xc0, 0x3c, 0x3, 0xff, 0xfc, 0x3, 0xc0,
    0x3c, 0x3, 0xff, 0xfc, 0x3,

    /* U+76F4 "直" */
    0x1, 0x3, 0xff, 0xf0, 0x30, 0x3, 0xfc, 0x48,
    0x11, 0x20, 0x44, 0xff, 0x12, 0x4, 0x4f, 0xf1,
    0x20, 0x44, 0xff, 0x10, 0x0, 0x7f, 0xfd, 0x0,
    0x0,

    /* U+76F8 "相" */
    0x13, 0xfe, 0x26, 0xf, 0xfc, 0x1f, 0xf8, 0x31,
    0x3f, 0xe6, 0x60, 0xce, 0xc1, 0xab, 0x83, 0x57,
    0xff, 0xa6, 0xe, 0x4c, 0x18, 0x98, 0x31, 0x3f,
    0xe2, 0x60, 0xc0,

    /* U+771F "真" */
    0x3, 0x3, 0xff, 0xf0, 0x30, 0xf, 0xfc, 0x20,
    0x10, 0xff, 0xc2, 0x1, 0xf, 0xfc, 0x20, 0x10,
    0x7f, 0x8f, 0xff, 0xc2, 0x10, 0x38, 0x33, 0x0,
    0x30,

    /* U+77E5 "知" */
    0x30, 0x0, 0x40, 0x0, 0xff, 0xf9, 0xfe, 0x34,
    0x8c, 0x69, 0x18, 0xc2, 0x31, 0xbf, 0xe3, 0x8,
    0xc6, 0x11, 0x8c, 0x73, 0x18, 0x96, 0x33, 0x1f,
    0xec, 0x18, 0xd0, 0x30, 0x0,

    /* U+77F3 "石" */
    0x7f, 0xfe, 0xc, 0x0, 0x10, 0x0, 0x20, 0x0,
    0x80, 0x3, 0xff, 0x86, 0x1, 0x14, 0x2, 0xc8,
    0x4, 0x10, 0x8, 0x20, 0x10, 0x7f, 0xe0, 0x80,
    0x40,

    /* U+7826 "砦" */
    0x18, 0x89, 0x7b, 0xe5, 0x8c, 0x16, 0x21, 0x5e,
    0x87, 0xf3, 0xf0, 0x0, 0x3f, 0xff, 0xc, 0x0,
    0x60, 0x3, 0xff, 0xbc, 0x2, 0x90, 0x8, 0x7f,
    0xe0,

    /* U+78C1 "磁" */
    0x2, 0x9, 0xf2, 0x31, 0x84, 0x42, 0x3f, 0xe4,
    0x11, 0x8, 0x42, 0x1e, 0xac, 0x66, 0x72, 0xce,
    0xa9, 0x96, 0x31, 0x24, 0x42, 0x54, 0xa7, 0xea,
    0x49, 0xff, 0x80, 0x0, 0x0,

    /* U+790E "礎" */
    0x7c, 0x88, 0x27, 0xfc, 0xc2, 0x71, 0xe, 0xe2,
    0x2a, 0xaf, 0xd1, 0x19, 0x0, 0x33, 0xff, 0xe4,
    0x64, 0xcb, 0xc1, 0x95, 0xf3, 0xef, 0x6, 0x3e,
    0x0, 0x47, 0xc0,

    /* U+793C "礼" */
    0x10, 0x80, 0x21, 0x3, 0xfa, 0x7, 0xe4, 0x0,
    0xc8, 0x3, 0x10, 0x6, 0x20, 0x1e, 0x40, 0xd6,
    0x81, 0x25, 0x0, 0x42, 0x8, 0x84, 0x11, 0x8,
    0x22, 0x1f, 0x80,

    /* U+793E "社" */
    0x10, 0x20, 0x20, 0x43, 0xf0, 0x87, 0xe1, 0x0,
    0x82, 0x3, 0x3f, 0x8c, 0x8, 0x3e, 0x10, 0xd6,
    0x21, 0x20, 0x40, 0x40, 0x80, 0x81, 0x1, 0x3f,
    0xe2, 0x7f, 0xc0,

    /* U+795D "祝" */
    0x10, 0x0, 0x23, 0xf9, 0xf4, 0x13, 0xe8, 0x20,
    0xd0, 0x43, 0x3f, 0x86, 0x7f, 0x1e, 0x48, 0x76,
    0x91, 0x21, 0x20, 0x42, 0x40, 0x8c, 0x91, 0x11,
    0x22, 0x43, 0xc0,

    /* U+795E "神" */
    0x10, 0x20, 0x10, 0x20, 0x7f, 0xff, 0x7, 0x23,
    0xb, 0x23, 0x1b, 0x23, 0x13, 0xff, 0x3b, 0x23,
    0x77, 0x23, 0xd3, 0xff, 0x13, 0x23, 0x10, 0x20,
    0x10, 0x20, 0x10, 0x20,

    /* U+796D "祭" */
    0x8, 0x80, 0x1f, 0xfe, 0x32, 0xcc, 0x2a, 0x4c,
    0x64, 0x78, 0x3c, 0x30, 0x18, 0x18, 0x37, 0xec,
    0x60, 0x6, 0x3f, 0xfc, 0x3f, 0xfc, 0x1, 0x0,
    0x11, 0x18, 0x21, 0xc, 0x47, 0x4,

    /* U+79CB "秋" */
    0x3c, 0x20, 0xa0, 0x40, 0x40, 0x80, 0x8d, 0x2f,
    0xd2, 0x42, 0x25, 0x8e, 0xca, 0x1a, 0x10, 0x50,
    0x51, 0xa0, 0xa2, 0x43, 0x60, 0x84, 0x41, 0x30,
    0x42, 0x40, 0x40,

    /* U+79D1 "科" */
    0x1c, 0x8, 0xe1, 0x90, 0x41, 0xa0, 0x80, 0x4f,
    0xc0, 0x82, 0x31, 0xe, 0x12, 0x1a, 0x4, 0x54,
    0xb, 0xa1, 0xfe, 0x4e, 0x20, 0x80, 0x41, 0x0,
    0x82, 0x1, 0x0,

    /* U+7A0E "税" */
    0x0, 0x0, 0x3b, 0x19, 0xc2, 0x20, 0x84, 0x1,
    0x1f, 0xdf, 0xa0, 0x84, 0x41, 0x1c, 0xfe, 0x3d,
    0xfc, 0xa9, 0x21, 0x42, 0x44, 0x84, 0x81, 0x11,
    0x22, 0x62, 0x45, 0x87, 0x80,

    /* U+7A2E "種" */
    0x0, 0x4, 0x7f, 0xf9, 0x40, 0x80, 0x9f, 0xf1,
    0x2, 0x1f, 0xff, 0x8c, 0x89, 0x1d, 0xfe, 0x3e,
    0x24, 0xac, 0x49, 0x4f, 0xf4, 0x81, 0x1, 0x3f,
    0xc2, 0x4, 0x4, 0xff, 0x80,

    /* U+7A7A "空" */
    0x2, 0x7, 0xff, 0xff, 0xff, 0x11, 0x10, 0x88,
    0x8, 0x47, 0x83, 0xf0, 0x0, 0x7f, 0xf3, 0xff,
    0x80, 0x80, 0x4, 0xf, 0xff, 0xff, 0xfc,

    /* U+7A93 "窓" */
    0x1, 0x0, 0x7f, 0xfe, 0x44, 0x86, 0xc, 0x8c,
    0x18, 0xfc, 0x22, 0x0, 0x4, 0x30, 0x3f, 0xfc,
    0x2, 0xe, 0x1, 0x0, 0x14, 0x98, 0x24, 0x2c,
    0x64, 0x26, 0x47, 0xe2,

    /* U+7ACB "立" */
    0x3, 0x0, 0xc, 0x0, 0x30, 0x3f, 0xff, 0xff,
    0xfc, 0x40, 0xc1, 0x2, 0x4, 0x8, 0x8, 0x60,
    0x21, 0x0, 0x84, 0x0, 0x20, 0xff, 0xfc,

    /* U+7AF6 "競" */
    0x10, 0x31, 0xff, 0xf9, 0x31, 0x32, 0x42, 0x4b,
    0x6b, 0x5f, 0x9f, 0xa1, 0x21, 0x42, 0x42, 0xfc,
    0xfd, 0xf9, 0xf9, 0x21, 0x62, 0x46, 0xc4, 0xe9,
    0xb0, 0x63, 0x80,

    /* U+7AF9 "竹" */
    0x18, 0x60, 0x20, 0xc0, 0x41, 0x1, 0xfb, 0xf3,
    0xff, 0xe5, 0x11, 0x12, 0x62, 0x24, 0x84, 0x8,
    0x8, 0x10, 0x10, 0x20, 0x20, 0x40, 0x40, 0x80,
    0x81, 0x1, 0x2, 0x1e, 0x0,

    /* U+7B2C "第" */
    0x20, 0x81, 0xff, 0xfd, 0x33, 0x24, 0x0, 0x7f,
    0xf8, 0x4, 0x20, 0x10, 0x8f, 0xfe, 0x21, 0x1,
    0xff, 0xf4, 0x70, 0x42, 0x42, 0x31, 0xb, 0x4,
    0xe0,

    /* U+7B54 "答" */
    0x20, 0x0, 0x20, 0x80, 0x7f, 0xfe, 0x51, 0x30,
    0x99, 0x18, 0x2, 0x80, 0x4, 0x40, 0x18, 0x30,
    0x6f, 0xec, 0xc0, 0x2, 0x3f, 0xf8, 0x30, 0x18,
    0x30, 0x18, 0x30, 0x18, 0x3f, 0xf8,

    /* U+7B56 "策" */
    0x20, 0x80, 0xfd, 0xf9, 0x24, 0x80, 0x48, 0x7,
    0xff, 0xc0, 0x20, 0x0, 0x40, 0x1f, 0xfe, 0x21,
    0xc, 0x42, 0x18, 0x9f, 0x70, 0x6b, 0x7, 0x11,
    0xc0, 0x20, 0x0,

    /* U+7B97 "算" */
    0x20, 0xc0, 0xfd, 0xff, 0x64, 0x45, 0xff, 0xc2,
    0x0, 0x87, 0xff, 0x8, 0x2, 0x1f, 0xfc, 0x3f,
    0xf8, 0x7f, 0xf0, 0x20, 0x87, 0xff, 0xf1, 0x2,
    0x1c, 0x4, 0x0,

    /* U+7BA1 "管" */
    0x20, 0xc0, 0xfd, 0xfd, 0x24, 0x40, 0x8, 0x7,
    0xff, 0xc8, 0x0, 0x97, 0xfd, 0x2c, 0xa, 0x1f,
    0xf0, 0x30, 0x0, 0x7f, 0xf0, 0xc0, 0x61, 0x80,
    0xc3, 0xff, 0x80,

    /* U+7BC0 "節" */
    0x30, 0x40, 0x7f, 0xfd, 0x26, 0x40, 0x48, 0x47,
    0xf7, 0xec, 0x68, 0xdf, 0xd1, 0xb1, 0xa3, 0x63,
    0x46, 0xfe, 0x8d, 0x91, 0x1b, 0x12, 0xef, 0xf4,
    0x0, 0x28, 0x0,

    /* U+7C73 "米" */
    0x1, 0x0, 0x42, 0x18, 0xc4, 0x60, 0x88, 0x81,
    0x93, 0x0, 0x20, 0x1f, 0xff, 0x1, 0xc0, 0x5,
    0x40, 0x1a, 0x40, 0x64, 0x41, 0x88, 0x6c, 0x10,
    0x60, 0x20, 0x0,

    /* U+7CF8 "糸" */
    0x2, 0x0, 0xc, 0x40, 0x31, 0x81, 0xc6, 0x1,
    0x98, 0x0, 0xe6, 0x1, 0x84, 0x7f, 0xfc, 0x7f,
    0xfc, 0x2, 0xc, 0x24, 0x80, 0xc8, 0x83, 0x10,
    0x8c, 0x20, 0x80, 0x40, 0x0,

    /* U+7D00 "紀" */
    0x10, 0x0, 0x43, 0xf9, 0xb0, 0x36, 0x40, 0x65,
    0x0, 0xc6, 0x1, 0x89, 0x7f, 0x7e, 0xc6, 0xff,
    0x8c, 0x27, 0x1, 0x56, 0x2, 0xac, 0xd, 0x38,
    0x72, 0x30, 0x84, 0x3f, 0x0,

    /* U+7D30 "細" */
    0x10, 0x0, 0x47, 0xfc, 0x8f, 0xfa, 0x59, 0x34,
    0xb2, 0x66, 0x64, 0xc9, 0xc9, 0xff, 0xff, 0x13,
    0x26, 0xae, 0x4d, 0x5c, 0x9a, 0xb9, 0x35, 0x72,
    0x72, 0x7f, 0xc4, 0xc1, 0x80,

    /* U+7D44 "組" */
    0x10, 0x0, 0x43, 0xf8, 0xb6, 0x36, 0x4c, 0x65,
    0x18, 0xc6, 0x31, 0x8a, 0x7f, 0x7e, 0xc6, 0xfd,
    0x8c, 0x23, 0x19, 0x57, 0xf2, 0xac, 0x65, 0x58,
    0xd2, 0x31, 0x84, 0xff, 0x80,

    /* U+7D50 "結" */
    0x10, 0x20, 0x40, 0x41, 0xaf, 0xfa, 0x41, 0x3,
    0x2, 0x4, 0xbf, 0x99, 0x7f, 0x7f, 0x0, 0x15,
    0xfe, 0xab, 0xd, 0x56, 0x1e, 0x8c, 0x31, 0x1f,
    0xe2, 0x30, 0xc0,

    /* U+7D66 "給" */
    0x10, 0x30, 0x20, 0x50, 0x28, 0xc8, 0x49, 0x84,
    0x33, 0x2, 0x2a, 0xf8, 0x24, 0x0, 0xfc, 0x0,
    0x11, 0xfe, 0x55, 0x86, 0x55, 0x86, 0x51, 0x86,
    0x11, 0xfe, 0x11, 0x86,

    /* U+7D75 "絵" */
    0x10, 0x20, 0x20, 0x50, 0x2c, 0xc8, 0x49, 0x8c,
    0x33, 0x6, 0x2a, 0xfc, 0x44, 0x0, 0x3f, 0xfe,
    0x54, 0x40, 0x54, 0x48, 0x56, 0xcc, 0x50, 0x84,
    0x13, 0xfe, 0x10, 0x2,

    /* U+7D76 "絶" */
    0x0, 0x0, 0x61, 0x80, 0x83, 0xf2, 0x4c, 0xc6,
    0x91, 0x6, 0x7f, 0xcb, 0xe8, 0x92, 0xd1, 0xfd,
    0xa2, 0x2b, 0xfd, 0x56, 0xa, 0xac, 0x5, 0x78,
    0x32, 0x30, 0x44, 0x3f, 0x80,

    /* U+7DCF "総" */
    0x0, 0x0, 0x61, 0x90, 0x82, 0x33, 0x49, 0x37,
    0x34, 0x26, 0x9, 0x9, 0x7f, 0x7e, 0x82, 0x12,
    0x60, 0xa8, 0x61, 0x51, 0x52, 0xaa, 0x25, 0x54,
    0x62, 0x49, 0x44, 0x1e, 0x0,

    /* U+7DDA "線" */
    0x0, 0x20, 0x20, 0x40, 0x87, 0xf3, 0x48, 0x24,
    0x90, 0x46, 0x3f, 0x8a, 0x41, 0x7e, 0xfe, 0x16,
    0x20, 0xaf, 0xc9, 0x52, 0xe2, 0xa5, 0x85, 0x52,
    0x82, 0x64, 0xc4, 0x38, 0x0,

    /* U+7F6A "罪" */
    0x7f, 0xfd, 0x11, 0x14, 0x44, 0x5f, 0xff, 0x0,
    0x0, 0x11, 0x7, 0xc7, 0xc1, 0x10, 0x7c, 0x7c,
    0x11, 0x0, 0x44, 0x3f, 0x1f, 0x18, 0x41, 0xc1,
    0x0,

    /* U+7F8A "羊" */
    0x30, 0x60, 0x41, 0xf, 0xff, 0xbf, 0xfe, 0x2,
    0x0, 0x8, 0x7, 0xff, 0x0, 0x80, 0x2, 0x3,
    0xff, 0xf0, 0x20, 0x0, 0x80, 0x2, 0x0, 0x8,
    0x0,

    /* U+7FBD "羽" */
    0x7e, 0xfe, 0x4, 0xc, 0x8, 0x1b, 0x16, 0x33,
    0x26, 0x62, 0x44, 0xc0, 0x81, 0x81, 0x7, 0xe,
    0x3e, 0x65, 0xcd, 0x8a, 0x18, 0x10, 0x30, 0x20,
    0x63, 0xc7, 0x80,

    /* U+8003 "考" */
    0x2, 0x8, 0xff, 0xe0, 0x23, 0x0, 0x98, 0x7f,
    0xfd, 0xff, 0xf0, 0xe1, 0xf, 0xf8, 0xe8, 0x0,
    0x3f, 0xe1, 0x81, 0x80, 0x4, 0x0, 0x30, 0x7,
    0x80,

    /* U+8033 "耳" */
    0xff, 0xff, 0xff, 0xf3, 0x3, 0xc, 0xc, 0x3f,
    0xf0, 0xc0, 0xc3, 0x3, 0xc, 0xc, 0x3f, 0xf0,
    0xc0, 0xc3, 0x3, 0x3f, 0xff, 0xfe, 0x30, 0x0,
    0xc0,

    /* U+805E "聞" */
    0xfd, 0xff, 0x16, 0x3f, 0xdf, 0xf1, 0x63, 0xc5,
    0x8f, 0xf7, 0xfc, 0x0, 0xf7, 0xfb, 0xcc, 0x4f,
    0x3f, 0x3c, 0xfc, 0xf3, 0x13, 0xdf, 0xcf, 0x1,
    0xe0,

    /* U+8089 "肉" */
    0x2, 0x0, 0x10, 0x3f, 0xff, 0xc, 0x38, 0x71,
    0xc4, 0xce, 0xc9, 0x74, 0x43, 0x86, 0x1c, 0x38,
    0xe6, 0x27, 0x60, 0xb8, 0x1, 0xc0, 0x38,

    /* U+80C3 "胃" */
    0xff, 0xff, 0xff, 0x84, 0x1f, 0xff, 0x84, 0x1f,
    0xff, 0x0, 0x7, 0xfe, 0x40, 0x67, 0xfe, 0x40,
    0x67, 0xfe, 0x40, 0x64, 0x1e,

    /* U+81B3 "膳" */
    0x0, 0x80, 0xf9, 0x19, 0xb2, 0x23, 0x7f, 0xf6,
    0xc2, 0xf, 0xbf, 0x9b, 0xff, 0xb6, 0x92, 0x6d,
    0xac, 0xff, 0xfd, 0xb0, 0x3, 0x7f, 0xf4, 0xf0,
    0x69, 0xe0, 0xd6, 0xff, 0x80,

    /* U+81EA "自" */
    0x4, 0x0, 0x40, 0xff, 0xfc, 0x3, 0xc0, 0x3f,
    0xff, 0xc0, 0x3c, 0x3, 0xc0, 0x3f, 0xff, 0xc0,
    0x3c, 0x3, 0xff, 0xfc, 0x3,

    /* U+820C "舌" */
    0x0, 0x7c, 0x7f, 0x80, 0x4, 0x0, 0x8, 0xf,
    0xff, 0xe0, 0x20, 0x0, 0x40, 0x0, 0x80, 0x3f,
    0xfc, 0x7f, 0xf8, 0xc0, 0x31, 0x80, 0x63, 0x0,
    0xc7, 0xff, 0x80,

    /* U+820E "舎" */
    0x3, 0x0, 0xd, 0x80, 0x35, 0x81, 0x88, 0xcf,
    0xff, 0xe0, 0x20, 0x0, 0x40, 0x3f, 0xfe, 0x0,
    0x0, 0x7f, 0xf0, 0xc0, 0x61, 0x80, 0xc3, 0x1,
    0x87, 0xff, 0x0,

    /* U+822A "航" */
    0x8, 0x10, 0x10, 0x10, 0x7f, 0xfe, 0x66, 0x0,
    0x76, 0x0, 0x6e, 0xfc, 0x67, 0xcc, 0xfe, 0xcc,
    0x76, 0xcc, 0x76, 0xcc, 0x76, 0xcc, 0x76, 0xcd,
    0x46, 0x8d, 0xcf, 0xf,

    /* U+8239 "船" */
    0x8, 0x28, 0x8, 0x28, 0x7f, 0x44, 0x63, 0x44,
    0x6b, 0x46, 0x6b, 0x82, 0x7f, 0x0, 0xe3, 0x7e,
    0x6b, 0x46, 0x6b, 0x46, 0x6b, 0x46, 0x63, 0x46,
    0x43, 0x7e, 0x46, 0x46,

    /* U+8272 "色" */
    0x6, 0x0, 0xf, 0xe0, 0x18, 0x60, 0x30, 0x40,
    0x7f, 0xfe, 0x30, 0x86, 0x30, 0x86, 0x3f, 0xfe,
    0x3f, 0xfe, 0x30, 0x0, 0x30, 0x0, 0x30, 0x1,
    0x30, 0x3, 0x1f, 0xfe,

    /* U+82B1 "花" */
    0x6, 0x10, 0x7f, 0xfe, 0x6, 0x10, 0x6, 0x10,
    0x4, 0x40, 0xc, 0x40, 0x18, 0x4e, 0x38, 0x58,
    0x68, 0x60, 0x48, 0x40, 0x8, 0x40, 0x8, 0x41,
    0x8, 0x41, 0x8, 0x7e,

    /* U+82B8 "芸" */
    0x8, 0x43, 0xff, 0xf0, 0x84, 0x0, 0x0, 0x0,
    0x0, 0xff, 0xe0, 0x0, 0x0, 0x0, 0xff, 0xfc,
    0x20, 0x0, 0x86, 0x4, 0xc, 0x10, 0x1b, 0xff,
    0xe0, 0x0, 0x0,

    /* U+82BD "芽" */
    0x8, 0x20, 0xff, 0xfc, 0x20, 0x81, 0xff, 0xe3,
    0xff, 0xc1, 0x4, 0x2, 0x8, 0x4, 0x10, 0x7f,
    0xfe, 0xff, 0xfc, 0x6, 0x80, 0x71, 0x7, 0x2,
    0x0, 0x3c, 0x0,

    /* U+82E5 "若" */
    0x8, 0x43, 0xff, 0xf0, 0x84, 0x2, 0x90, 0x6,
    0x3, 0xff, 0xf0, 0xc0, 0x6, 0x0, 0x1f, 0xf9,
    0xc0, 0x2d, 0x0, 0xa4, 0x2, 0x1f, 0xf8, 0x40,
    0x20,

    /* U+82F1 "英" */
    0x8, 0x21, 0xff, 0xf8, 0x20, 0x80, 0x49, 0x0,
    0x10, 0x7, 0xff, 0x8, 0x42, 0x10, 0x84, 0xff,
    0xfd, 0xff, 0xf8, 0xa, 0x0, 0x32, 0x1, 0x83,
    0x1c, 0x3, 0x80,

    /* U+8336 "茶" */
    0x8, 0x20, 0xff, 0xfc, 0x20, 0x80, 0x5d, 0x0,
    0x6c, 0x1, 0x8c, 0xe, 0x46, 0x70, 0x87, 0x1f,
    0xf8, 0x2, 0x0, 0x64, 0xc1, 0x88, 0xc6, 0x10,
    0xc0, 0x20, 0x0,

    /* U+8349 "草" */
    0x8, 0x41, 0xff, 0xf8, 0x21, 0x1, 0xff, 0x82,
    0x1, 0x4, 0x2, 0xf, 0xfc, 0x10, 0x8, 0x3f,
    0xf0, 0x2, 0x0, 0x4, 0x3, 0xff, 0xf0, 0x10,
    0x0, 0x20, 0x0,

    /* U+843D "落" */
    0x8, 0x21, 0xff, 0xfc, 0x20, 0x80, 0xc, 0x3,
    0x1f, 0x80, 0xe3, 0x33, 0x78, 0x10, 0xf8, 0xf,
    0xe, 0x2f, 0xf0, 0xd8, 0x21, 0x30, 0x44, 0x60,
    0x88, 0xff, 0x0,

    /* U+8449 "葉" */
    0xc, 0x20, 0x7f, 0xfe, 0xc, 0x20, 0x11, 0x10,
    0x7f, 0xfe, 0x11, 0x10, 0x11, 0xf0, 0x1f, 0xfe,
    0x1f, 0xfe, 0x1, 0x0, 0x7f, 0xfe, 0x7, 0x60,
    0x19, 0x18, 0x61, 0x6,

    /* U+8535 "蔵" */
    0xff, 0xfc, 0x10, 0x80, 0x21, 0x60, 0x2, 0x6f,
    0xff, 0xd8, 0x8, 0x3f, 0xd2, 0x7f, 0xa4, 0xf1,
    0x71, 0xe2, 0x63, 0xfc, 0x87, 0xa3, 0x8b, 0xf9,
    0x56, 0x21, 0x80,

    /* U+866B "虫" */
    0x1, 0x0, 0x2, 0x1, 0xff, 0xf3, 0x8, 0x66,
    0x10, 0xcc, 0x21, 0x98, 0x43, 0x3f, 0xfe, 0x61,
    0xc, 0x2, 0x20, 0x4, 0x60, 0x8, 0x4f, 0xff,
    0xdf, 0xff, 0xc0, 0x0, 0x0,

    /* U+8840 "血" */
    0x3, 0x0, 0x8, 0x0, 0x60, 0xf, 0xfe, 0x24,
    0x48, 0x91, 0x22, 0x44, 0x89, 0x12, 0x24, 0x48,
    0x91, 0x22, 0x44, 0x89, 0x12, 0xff, 0xff, 0xff,
    0xf0,

    /* U+8846 "衆" */
    0x0, 0x0, 0x4, 0x0, 0xff, 0xe1, 0x24, 0x42,
    0x48, 0x9f, 0xff, 0xff, 0xff, 0x8c, 0x60, 0x27,
    0xd, 0x9d, 0x30, 0xb, 0x80, 0xd3, 0x3, 0x23,
    0x1c, 0x43, 0x80, 0x81, 0x0,

    /* U+884C "行" */
    0x8, 0x0, 0x33, 0xfc, 0xc0, 0x3, 0x0, 0x0,
    0xc0, 0x1, 0x0, 0x4, 0xff, 0x98, 0x4, 0x70,
    0x8, 0x20, 0x10, 0x40, 0x20, 0x80, 0x41, 0x0,
    0x82, 0x1, 0x4, 0x1e, 0x0,

    /* U+8853 "術" */
    0x31, 0x5d, 0x85, 0xd, 0x10, 0x5, 0xf0, 0x31,
    0x0, 0x84, 0xf6, 0x54, 0xa9, 0x52, 0x25, 0x48,
    0x95, 0x22, 0x94, 0x8a, 0x42, 0x21, 0x8, 0x84,
    0xe0,

    /* U+8857 "街" */
    0x11, 0x3c, 0x42, 0x1, 0x1f, 0x4, 0xc8, 0x1,
    0x10, 0x4, 0xff, 0xd8, 0x42, 0x70, 0x84, 0x27,
    0xc8, 0x42, 0x10, 0x84, 0x21, 0xf, 0x42, 0xf0,
    0x84, 0x7, 0x0,

    /* U+8863 "衣" */
    0x1, 0x0, 0x2, 0x1, 0xff, 0xf0, 0x1c, 0x0,
    0x68, 0x1, 0x91, 0x86, 0x26, 0x1c, 0x78, 0xc8,
    0x40, 0x10, 0xc0, 0x20, 0x80, 0x40, 0x80, 0xf8,
    0xc7, 0x80, 0xc0,

    /* U+888B "袋" */
    0x8, 0x98, 0x31, 0x0, 0xdf, 0xfe, 0x86, 0x1,
    0x6, 0x2, 0x7, 0xc0, 0x40, 0x3f, 0xff, 0x7f,
    0xfe, 0x19, 0x18, 0xe1, 0x42, 0x43, 0x0, 0xbd,
    0x83, 0xc1, 0x80,

    /* U+88C5 "装" */
    0x8, 0x20, 0xd0, 0x40, 0xaf, 0xf8, 0x41, 0x3,
    0x82, 0x19, 0x3f, 0x82, 0x0, 0x0, 0x80, 0xff,
    0xfe, 0x5, 0x0, 0x32, 0x37, 0xc3, 0x80, 0x83,
    0x7, 0xf3, 0xc0, 0x0, 0x80,

    /* U+897F "西" */
    0xff, 0xff, 0xff, 0xfc, 0x11, 0x0, 0x22, 0x7,
    0xff, 0xec, 0x88, 0xd9, 0x11, 0xb2, 0x27, 0x68,
    0x7e, 0xf0, 0xd, 0x80, 0x1b, 0x0, 0x37, 0xff,
    0xec, 0x0, 0xc0,

    /* U+898B "見" */
    0x3f, 0xf0, 0x80, 0x42, 0x1, 0xf, 0xfc, 0x20,
    0x10, 0x80, 0x43, 0xff, 0x8, 0x4, 0x3f, 0xf0,
    0xff, 0xc0, 0x88, 0x6, 0x21, 0x30, 0x87, 0x3,
    0xf0,

    /* U+899A "覚" */
    0x0, 0x0, 0x42, 0x30, 0x46, 0x43, 0xff, 0xe4,
    0x0, 0x4b, 0xfe, 0x84, 0x4, 0xf, 0xf8, 0x10,
    0x10, 0x3f, 0xe0, 0x7f, 0xc0, 0xff, 0x80, 0xc4,
    0x3, 0x8, 0x9c, 0x1f, 0x0,

    /* U+89AA "親" */
    0x10, 0xfd, 0xfd, 0x8, 0x2, 0x13, 0x27, 0xe2,
    0x88, 0x5f, 0xd0, 0x84, 0x3f, 0x8, 0x42, 0xfe,
    0xfc, 0x61, 0xf8, 0xe1, 0x42, 0xb4, 0x99, 0x19,
    0x22, 0x63, 0xc0,

    /* U+89B3 "観" */
    0x0, 0x0, 0x83, 0xf9, 0xfe, 0x16, 0x8c, 0x2a,
    0x1f, 0xdf, 0xf0, 0x92, 0x7f, 0x3f, 0xc2, 0xc9,
    0x84, 0xff, 0xf9, 0x21, 0x43, 0xf6, 0x84, 0x89,
    0x2f, 0xf2, 0x5f, 0xc7, 0x80,

    /* U+89D2 "角" */
    0xc, 0x0, 0x3f, 0x81, 0xc, 0xc, 0x20, 0x7f,
    0xff, 0xc4, 0x33, 0x10, 0xcf, 0xff, 0x31, 0xc,
    0xc4, 0x33, 0xff, 0xcf, 0xff, 0x60, 0xd, 0x0,
    0x38, 0x7, 0x80,

    /* U+89E6 "触" */
    0x10, 0x10, 0x3c, 0x10, 0x24, 0x10, 0x68, 0xfe,
    0x7e, 0x92, 0x6a, 0x92, 0x7e, 0x92, 0x6a, 0x92,
    0x6a, 0xfe, 0x7e, 0x10, 0x7e, 0x14, 0x62, 0x12,
    0x42, 0x7e, 0xc6, 0x83,

    /* U+8A00 "言" */
    0x1f, 0xe0, 0x0, 0x0, 0x0, 0x3f, 0xff, 0x0,
    0x0, 0xff, 0xc0, 0x0, 0xf, 0xfc, 0x0, 0x0,
    0xff, 0xc2, 0x1, 0x8, 0x4, 0x20, 0x10, 0xff,
    0xc0,

    /* U+8A08 "計" */
    0x7c, 0x20, 0x0, 0x43, 0xf0, 0x80, 0x1, 0x7,
    0xc2, 0x0, 0x7f, 0xc0, 0x8, 0x3e, 0x10, 0x0,
    0x20, 0xf8, 0x41, 0x10, 0x82, 0x21, 0x7, 0xc2,
    0x8, 0x4, 0x0,

    /* U+8A17 "託" */
    0x78, 0x3c, 0x7, 0xc3, 0xf1, 0x0, 0x2, 0x7,
    0x84, 0x0, 0x8, 0xc0, 0x3f, 0xbd, 0xf8, 0x0,
    0x40, 0xf0, 0x81, 0x21, 0x2, 0x42, 0x17, 0x84,
    0x28, 0xf, 0x80,

    /* U+8A18 "記" */
    0x7b, 0xfc, 0x0, 0x3f, 0xc0, 0xc0, 0x3, 0x78,
    0xc, 0x0, 0x30, 0x3f, 0xde, 0xc3, 0x3, 0x1,
    0xec, 0x4, 0xb0, 0x12, 0xc1, 0x7b, 0x5, 0x7,
    0xf0,

    /* U+8A2D "設" */
    0x78, 0xf8, 0x1, 0x33, 0xf6, 0x60, 0xc, 0xd7,
    0xb1, 0xe0, 0x60, 0x0, 0x0, 0x3d, 0xfe, 0x1,
    0x8c, 0xf1, 0x11, 0x23, 0x42, 0x43, 0x7, 0x9d,
    0xc8, 0x61, 0xc0,

    /* U+8A66 "試" */
    0x7c, 0x1c, 0x0, 0x2f, 0xff, 0xf0, 0x1f, 0xe7,
    0xc1, 0x0, 0x2, 0x0, 0xfc, 0x3f, 0xf8, 0x0,
    0x90, 0xf9, 0x21, 0x32, 0x42, 0x67, 0x97, 0xf0,
    0xa8, 0x1, 0x80,

    /* U+8A69 "詩" */
    0x7c, 0x20, 0x3, 0xfb, 0xf0, 0x80, 0x1, 0x7,
    0xff, 0xe0, 0x7f, 0xc0, 0x2, 0x3e, 0x4, 0x3,
    0xfe, 0xfa, 0x11, 0x32, 0x22, 0x66, 0x44, 0xc0,
    0x8f, 0x87, 0x0,

    /* U+8A8C "誌" */
    0x7c, 0x20, 0x0, 0x20, 0xfd, 0xfe, 0x0, 0x20,
    0x7c, 0x20, 0x1, 0xfe, 0x1, 0xfe, 0x7c, 0x40,
    0x0, 0x30, 0x7c, 0x54, 0x4d, 0x44, 0x4d, 0x4a,
    0x7f, 0x4b, 0x40, 0x78,

    /* U+8A93 "誓" */
    0x11, 0xf9, 0xf4, 0x3, 0xdf, 0xfe, 0x44, 0x13,
    0x11, 0xc8, 0x43, 0xfe, 0x3f, 0xff, 0x3f, 0xf0,
    0x0, 0x1, 0xfe, 0xf, 0xfc, 0x20, 0x10, 0xff,
    0xc0,

    /* U+8A9E "語" */
    0x7b, 0xfc, 0x3, 0xf, 0xff, 0x80, 0x22, 0x78,
    0x88, 0x2, 0x20, 0x3f, 0xde, 0x0, 0x0, 0x1,
    0xff, 0xe4, 0xf0, 0x93, 0xc2, 0x7f, 0xf9, 0xc,
    0x20,

    /* U+8AA0 "誠" */
    0x78, 0x1c, 0x0, 0x2b, 0xff, 0xf0, 0x30, 0x87,
    0xe1, 0x0, 0xc2, 0x81, 0xfd, 0x3f, 0x3c, 0x6,
    0x78, 0xfc, 0xf1, 0x39, 0x42, 0x6d, 0xd7, 0xc2,
    0xc8, 0x8c, 0x80,

    /* U+8AAC "説" */
    0x0, 0x0, 0xf3, 0x18, 0x2, 0x27, 0xef, 0xe0,
    0x10, 0x4f, 0x20, 0x80, 0x41, 0x3c, 0xfe, 0x1,
    0xfc, 0x1, 0x21, 0xf2, 0x42, 0x64, 0x84, 0xc9,
    0x29, 0xa2, 0x5f, 0x87, 0x80,

    /* U+8AAD "読" */
    0x78, 0x60, 0x1f, 0xff, 0x86, 0x0, 0xff, 0x7b,
    0xfc, 0x0, 0x0, 0x7f, 0xdf, 0x81, 0x6, 0x95,
    0xe2, 0x44, 0x89, 0x12, 0x45, 0x7b, 0x15, 0x18,
    0x70,

    /* U+8AB2 "課" */
    0x7d, 0xfc, 0x2, 0x4b, 0xf4, 0x90, 0xf, 0xe7,
    0xd2, 0x40, 0x3f, 0x80, 0x7f, 0x3e, 0x10, 0x3,
    0xfe, 0xf8, 0xe1, 0x33, 0xe2, 0x6d, 0x67, 0xf2,
    0x68, 0x4, 0x0,

    /* U+8AFE "諾" */
    0x7c, 0x88, 0x7, 0xff, 0xf2, 0x20, 0x7, 0x47,
    0xc4, 0x0, 0x7f, 0xc0, 0xff, 0xbe, 0x40, 0x0,
    0x80, 0xfb, 0xfd, 0x3e, 0x1a, 0x74, 0x34, 0xc8,
    0x6f, 0x9f, 0xc0,

    /* U+8B1D "謝" */
    0x79, 0x4, 0x7, 0x8b, 0xeb, 0x10, 0x1f, 0xf7,
    0xac, 0x40, 0x58, 0x80, 0xf5, 0x3d, 0x6a, 0x2,
    0xd4, 0xff, 0xa9, 0x27, 0x12, 0x76, 0x27, 0xcc,
    0x48, 0x33, 0x80,

    /* U+8B70 "議" */
    0x0, 0x1, 0xc4, 0x40, 0x7f, 0xfe, 0x10, 0x3,
    0xf9, 0xc1, 0x7, 0x7f, 0xc1, 0xff, 0x77, 0x2c,
    0x4, 0x97, 0x7f, 0xd4, 0x4b, 0x57, 0x99, 0xc4,
    0xd4, 0x74, 0xc0,

    /* U+8B72 "譲" */
    0x78, 0x40, 0xf, 0xf8, 0x0, 0x7, 0xd8, 0xe7,
    0xd1, 0x0, 0xff, 0x80, 0x44, 0x3d, 0xfe, 0x1,
    0x10, 0xff, 0xfd, 0x24, 0x92, 0x78, 0xc7, 0x9f,
    0x88, 0x60, 0x80,

    /* U+8C37 "谷" */
    0xc, 0xc0, 0x61, 0x83, 0x1, 0x18, 0xc2, 0x7,
    0x80, 0x33, 0x1, 0x86, 0xc, 0xc, 0xdf, 0xfe,
    0x40, 0xd1, 0x3, 0x4, 0xc, 0x10, 0x30, 0x7f,
    0xc0,

    /* U+8C9D "貝" */
    0x3f, 0xf0, 0x80, 0x42, 0x1, 0xf, 0xfc, 0x20,
    0x10, 0x80, 0x43, 0xff, 0x8, 0x4, 0x20, 0x10,
    0xff, 0xc0, 0x80, 0x6, 0x18, 0x70, 0x39, 0x0,
    0x20,

    /* U+8CA1 "財" */
    0x7c, 0x8, 0x88, 0x11, 0x10, 0x23, 0xef, 0xf4,
    0x41, 0x88, 0x83, 0x1f, 0xe, 0x22, 0x34, 0x44,
    0x48, 0xf9, 0x90, 0x6, 0x23, 0x60, 0x44, 0x60,
    0x98, 0x7, 0x0,

    /* U+8CA8 "貨" */
    0x9, 0x0, 0x45, 0xc7, 0x18, 0x34, 0x41, 0x11,
    0xf8, 0x0, 0x3, 0xff, 0xf, 0xfc, 0x20, 0x10,
    0xff, 0xc2, 0x1, 0xf, 0xfc, 0xc, 0x41, 0xc0,
    0xe8, 0x0, 0x80,

    /* U+8CB7 "買" */
    0x7f, 0xf9, 0x12, 0x24, 0x48, 0x9f, 0xfe, 0x0,
    0x0, 0xff, 0xc2, 0x1, 0xf, 0xfc, 0x20, 0x10,
    0xff, 0xc2, 0x1, 0xf, 0xfc, 0xc, 0xc1, 0xc0,
    0xe8, 0x0, 0x80,

    /* U+8CB8 "貸" */
    0x19, 0x30, 0xff, 0xfd, 0x8, 0x24, 0x11, 0x10,
    0x38, 0xff, 0xc2, 0x1, 0xf, 0xfc, 0x20, 0x10,
    0xff, 0xc2, 0x1, 0xf, 0xfc, 0x8, 0x41, 0xc0,
    0xe8, 0x0, 0x80,

    /* U+8CDE "賞" */
    0x62, 0x27, 0xff, 0xe0, 0x3, 0x7f, 0xd2, 0x2,
    0x1f, 0xf0, 0x0, 0xf, 0xfe, 0x7f, 0xf2, 0x0,
    0x9f, 0xfc, 0xff, 0xe1, 0x8c, 0x70, 0x1c,

    /* U+8CEA "質" */
    0x2, 0x8, 0xf1, 0xc6, 0xc, 0x1f, 0xff, 0x64,
    0x93, 0x14, 0x41, 0xff, 0x84, 0x6, 0x1f, 0xf8,
    0x40, 0x61, 0xff, 0x84, 0x6, 0x1f, 0xf8, 0x10,
    0x87, 0x81, 0x90, 0x1,

    /* U+8D08 "贈" */
    0x0, 0x9, 0xe6, 0x24, 0x89, 0x12, 0xff, 0x7a,
    0x25, 0x2f, 0xf4, 0xa2, 0x5e, 0xff, 0x48, 0x1,
    0x2f, 0xf7, 0xb0, 0xc0, 0xc3, 0x3b, 0xfd, 0x2c,
    0x34, 0xbf, 0xc0,

    /* U+8D64 "赤" */
    0x3, 0x0, 0x6, 0x0, 0xff, 0xe0, 0x18, 0x0,
    0x30, 0x1f, 0xff, 0xc1, 0x10, 0x12, 0x28, 0x24,
    0x48, 0x88, 0x9b, 0x21, 0x1c, 0x42, 0x21, 0x4,
    0x4, 0x78, 0x0,

    /* U+8D70 "走" */
    0x1, 0x0, 0x7f, 0xf0, 0x4, 0x0, 0x8, 0x7,
    0xff, 0xcf, 0xff, 0x80, 0x40, 0x8, 0x80, 0x11,
    0xf8, 0x22, 0x0, 0xe4, 0x1, 0x68, 0x6, 0x70,
    0x18, 0x3f, 0xc0,

    /* U+8DB3 "足" */
    0x3f, 0xf8, 0x40, 0x10, 0x80, 0x21, 0x0, 0x43,
    0xff, 0x87, 0xff, 0x0, 0xc0, 0x9, 0x80, 0x13,
    0xf8, 0x66, 0x0, 0xec, 0x1, 0x58, 0x4, 0x70,
    0x18, 0x3f, 0x80,

    /* U+8DE1 "跡" */
    0x7c, 0x20, 0x88, 0x41, 0x1f, 0xfa, 0x22, 0x87,
    0xc5, 0x2, 0x2b, 0x4, 0x55, 0x28, 0xaa, 0x5e,
    0x54, 0xa5, 0xa5, 0x4a, 0x42, 0xec, 0x8f, 0x11,
    0x0, 0x46, 0x0,

    /* U+8EAB "身" */
    0x2, 0x0, 0x8, 0x3, 0xff, 0xc, 0xc, 0x30,
    0x30, 0xff, 0xc3, 0x3, 0x4f, 0xff, 0x30, 0x3b,
    0xff, 0xcf, 0xf, 0x0, 0x6c, 0xe, 0x31, 0xe0,
    0xcc, 0x1f, 0x0,

    /* U+8ECA "車" */
    0x1, 0x0, 0xff, 0xf8, 0x4, 0x1, 0xff, 0xc2,
    0x10, 0x84, 0x21, 0xf, 0xfe, 0x10, 0x84, 0x21,
    0x8, 0x7f, 0xf0, 0x4, 0x7, 0xff, 0xf0, 0x10,
    0x0, 0x20, 0x0,

    /* U+8ECD "軍" */
    0xff, 0xff, 0xff, 0xe0, 0x83, 0x7f, 0xd0, 0x20,
    0x3f, 0xf9, 0x88, 0x4f, 0xfe, 0x62, 0x13, 0xff,
    0x80, 0x81, 0xff, 0xf0, 0x20, 0x1, 0x0,

    /* U+8F9E "辞" */
    0x1c, 0x21, 0xe3, 0xf8, 0x47, 0xf0, 0x84, 0x4f,
    0xcd, 0x82, 0x3f, 0xc4, 0x7f, 0x88, 0x10, 0xfe,
    0x21, 0x8f, 0xfb, 0x18, 0x86, 0x31, 0xf, 0xe2,
    0x18, 0xc4, 0x0,

    /* U+8FD1 "近" */
    0xc0, 0xf9, 0x9e, 0x2, 0x60, 0x1, 0x80, 0x7,
    0xfc, 0x18, 0x8e, 0x62, 0x9, 0x88, 0x24, 0x20,
    0xb0, 0x82, 0xc2, 0x1a, 0x8, 0xd8, 0x2, 0x3f,
    0xf0,

    /* U+8FF0 "述" */
    0x80, 0xb1, 0x2, 0x62, 0x8, 0xb, 0xfe, 0x0,
    0x80, 0x1a, 0xce, 0x49, 0x9, 0x26, 0x2c, 0x88,
    0xa2, 0x22, 0x8, 0x18, 0x20, 0xd8, 0x2, 0x3f,
    0xf0,

    /* U+9000 "退" */
    0xc7, 0xf9, 0x98, 0x63, 0x61, 0x81, 0xfe, 0x6,
    0x18, 0x1f, 0xee, 0x64, 0x9, 0x97, 0x26, 0x60,
    0x99, 0xc2, 0x7d, 0x9b, 0x83, 0xd8, 0x2, 0x3f,
    0xf0,

    /* U+9001 "送" */
    0x0, 0x3, 0x18, 0x46, 0x22, 0x8, 0x8, 0xf,
    0xf8, 0x2, 0x0, 0x8, 0x3b, 0xff, 0x20, 0xc0,
    0x85, 0x2, 0x36, 0x9, 0x8c, 0x6c, 0x1b, 0x60,
    0x8, 0xff, 0xc0,

    /* U+901A "通" */
    0x67, 0xfe, 0x30, 0xc, 0x10, 0xf0, 0x0, 0x30,
    0x7, 0xfe, 0x6, 0x26, 0x77, 0xfe, 0x16, 0x26,
    0x17, 0xfe, 0x16, 0x26, 0x16, 0x26, 0x16, 0x2e,
    0x6c, 0x0, 0x47, 0xfe,

    /* U+901F "速" */
    0x80, 0x81, 0xbf, 0xf2, 0x8, 0x0, 0x20, 0x7,
    0xf8, 0x12, 0x2e, 0x48, 0x89, 0xfe, 0x21, 0xc0,
    0x8a, 0x82, 0xe9, 0x9b, 0x22, 0xf8, 0x82, 0x3f,
    0xf0,

    /* U+9020 "造" */
    0x2, 0x83, 0x12, 0x2, 0x7f, 0x8a, 0x20, 0x8,
    0x80, 0x7f, 0xfe, 0x0, 0x9, 0xfe, 0x24, 0x8,
    0x90, 0x22, 0x7f, 0x99, 0xfe, 0xd8, 0x2, 0x3f,
    0xf0,

    /* U+9031 "週" */
    0xcf, 0xfc, 0x98, 0x18, 0xb2, 0x31, 0x7f, 0x60,
    0xc8, 0xc1, 0xff, 0xbb, 0x3, 0x16, 0xf6, 0x2d,
    0x2c, 0x52, 0x58, 0xa7, 0x31, 0x1, 0xc5, 0x80,
    0x11, 0xff, 0x80,

    /* U+9032 "進" */
    0x1, 0x23, 0xc, 0x86, 0x24, 0x9, 0xff, 0xe,
    0x40, 0x79, 0x1, 0x7f, 0xb9, 0x90, 0x27, 0xf8,
    0x99, 0x2, 0x64, 0x9, 0xff, 0x20, 0x1, 0x60,
    0x8, 0xff, 0xc0,

    /* U+9053 "道" */
    0x6, 0x11, 0x84, 0x60, 0xbf, 0xf0, 0x4, 0x0,
    0x7f, 0x80, 0x81, 0x39, 0xfe, 0x12, 0x4, 0x27,
    0xf8, 0x48, 0x10, 0x9f, 0xe3, 0x3f, 0xcd, 0x80,
    0x11, 0xff, 0x80,

    /* U+9060 "遠" */
    0x0, 0x81, 0x3f, 0xe2, 0x8, 0xf, 0xff, 0x0,
    0x0, 0x1f, 0xee, 0x40, 0x89, 0xfe, 0x21, 0xc8,
    0x9b, 0xc3, 0xcb, 0xa, 0x26, 0x58, 0x82, 0x3f,
    0xf0,

    /* U+9078 "選" */
    0xc7, 0xbd, 0x82, 0x12, 0x7f, 0xc1, 0x30, 0x7,
    0xfc, 0x4, 0x8e, 0x7f, 0x88, 0x48, 0x21, 0x20,
    0xbf, 0xf2, 0x10, 0x8, 0x8c, 0x5c, 0xa, 0x3f,
    0xf0,

    /* U+90E1 "郡" */
    0x7f, 0x3e, 0x12, 0x44, 0x24, 0x93, 0xfd, 0x20,
    0x92, 0x43, 0x25, 0x1f, 0xcb, 0x8, 0x12, 0x3f,
    0x22, 0xe2, 0x47, 0x44, 0x88, 0x89, 0x61, 0xf2,
    0x2, 0x4, 0x0,

    /* U+9152 "酒" */
    0x0, 0x0, 0xcf, 0xf8, 0xdf, 0xf0, 0x5, 0x0,
    0xff, 0xe9, 0xff, 0xdb, 0x29, 0x86, 0x53, 0xd,
    0x3e, 0x3c, 0xc, 0x70, 0x19, 0xff, 0xf2, 0xc0,
    0x6d, 0xff, 0xd3, 0x1, 0x80,

    /* U+91CD "重" */
    0x0, 0x10, 0x7f, 0xe0, 0x4, 0x3, 0xff, 0xf0,
    0x10, 0x7, 0xff, 0x8, 0x42, 0x1f, 0xfc, 0x21,
    0x8, 0x7f, 0xf0, 0x4, 0x1, 0xff, 0xe0, 0x10,
    0x0, 0x20, 0x3f, 0xff, 0x80,

    /* U+91CE "野" */
    0x7f, 0x7f, 0x49, 0x6, 0x49, 0x2c, 0x7f, 0x38,
    0x49, 0x18, 0x49, 0xc, 0x7f, 0xff, 0x8, 0x12,
    0x8, 0x12, 0x7f, 0x16, 0x8, 0x10, 0x8, 0x10,
    0x7f, 0x10, 0x0, 0x70,

    /* U+91D1 "金" */
    0x1, 0x0, 0x5, 0x0, 0x11, 0x0, 0x41, 0x83,
    0x1, 0x8d, 0xfd, 0xc0, 0x40, 0x0, 0x80, 0x3f,
    0xfc, 0x22, 0x20, 0x24, 0x80, 0x4b, 0x7, 0xff,
    0xcf, 0xff, 0x80,

    /* U+93E1 "鏡" */
    0x18, 0x30, 0x5b, 0xfd, 0x99, 0x26, 0x2, 0x4f,
    0xff, 0xe2, 0x3f, 0xff, 0x60, 0x88, 0xff, 0x55,
    0xfe, 0xab, 0xfd, 0x61, 0x20, 0x96, 0x5f, 0xd8,
    0xa0, 0xe1, 0xc0,

    /* U+9577 "長" */
    0x1f, 0xf8, 0x20, 0x0, 0x40, 0x0, 0xff, 0x81,
    0x0, 0x3, 0xfe, 0x4, 0x0, 0x7f, 0xfe, 0xff,
    0xfc, 0x22, 0x10, 0x46, 0xc0, 0x86, 0x1, 0x36,
    0xf, 0xc3, 0x80, 0x1, 0x0,

    /* U+9580 "門" */
    0xff, 0xff, 0x1e, 0x3c, 0x78, 0xff, 0xff, 0xc7,
    0x8f, 0xff, 0xfc, 0x0, 0xf0, 0x3, 0xc0, 0xf,
    0x0, 0x3c, 0x0, 0xf0, 0x3, 0xc0, 0xf, 0x0,
    0xe0,

    /* U+9593 "間" */
    0xfd, 0xff, 0x16, 0x3f, 0xdf, 0xf1, 0x63, 0xc5,
    0x8f, 0xf7, 0xfc, 0x0, 0xf7, 0xf3, 0xd8, 0x4f,
    0x7f, 0x3d, 0x84, 0xf6, 0x13, 0xdf, 0xcf, 0x60,
    0xe0,

    /* U+95A2 "関" */
    0xff, 0xff, 0x1e, 0x3f, 0xff, 0xf1, 0xe3, 0xff,
    0xff, 0x22, 0x3c, 0xc8, 0xf7, 0xfb, 0xc0, 0xf,
    0x7f, 0xbc, 0x30, 0xf1, 0x23, 0xd8, 0x6f, 0x0,
    0x70,

    /* U+9664 "除" */
    0xf0, 0xc1, 0x22, 0x62, 0xc8, 0x65, 0x6f, 0xfa,
    0x9f, 0x94, 0x8, 0x24, 0x10, 0x4b, 0xfe, 0x90,
    0x41, 0x20, 0x82, 0xc9, 0x24, 0x22, 0x68, 0xc4,
    0x50, 0x38, 0x0,

    /* U+967D "陽" */
    0xf3, 0xfa, 0x48, 0x2b, 0x3f, 0xa8, 0x82, 0xa3,
    0xfa, 0x80, 0x9, 0xff, 0xe4, 0xc0, 0x92, 0x2,
    0x5f, 0xfb, 0x9a, 0x60, 0xdb, 0x86, 0x4a, 0x22,
    0x60,

    /* U+969B "際" */
    0x0, 0x3, 0xd2, 0x9, 0x77, 0xe6, 0x56, 0xab,
    0x72, 0x98, 0xca, 0x61, 0x27, 0xfb, 0x98, 0x2,
    0x5f, 0xe9, 0x7f, 0xac, 0x20, 0x84, 0x92, 0x22,
    0x28, 0x38, 0x0,

    /* U+969C "障" */
    0xf0, 0x42, 0x5f, 0xfb, 0x31, 0x2b, 0xff, 0xa0,
    0x2, 0x9f, 0xe9, 0x40, 0xa5, 0xfe, 0x97, 0xfb,
    0xdf, 0xea, 0x4, 0x21, 0xff, 0x80, 0x42, 0x1,
    0x0,

    /* U+96BB "隻" */
    0xc, 0x80, 0x1f, 0xfc, 0x18, 0x80, 0x7f, 0xfc,
    0x58, 0x80, 0x1f, 0xfc, 0x18, 0x80, 0x1f, 0xfe,
    0x1f, 0xfe, 0x7f, 0xf8, 0x6, 0x18, 0x3, 0x60,
    0x3, 0xe0, 0x7c, 0x1e,

    /* U+96E8 "雨" */
    0xff, 0xff, 0xff, 0xfc, 0x4, 0x0, 0x8, 0x7,
    0xff, 0xc8, 0x21, 0x94, 0x73, 0x26, 0x96, 0x41,
    0xc, 0xa3, 0x99, 0x35, 0xb2, 0x28, 0x64, 0x10,
    0xc8, 0x27, 0x0,

    /* U+96EA "雪" */
    0x7f, 0xf0, 0x10, 0x3f, 0xff, 0x4, 0x1b, 0xaf,
    0xc1, 0x4, 0xeb, 0xc0, 0x0, 0x3f, 0xf0, 0x0,
    0x8f, 0xfc, 0x0, 0x20, 0x1, 0x3f, 0xf8,

    /* U+96F2 "雲" */
    0x7f, 0xf8, 0xc, 0xf, 0xff, 0xe0, 0xc1, 0xbf,
    0xf6, 0xc, 0x13, 0xff, 0x0, 0x0, 0x3f, 0xf0,
    0x0, 0xf, 0xff, 0xc2, 0x10, 0x10, 0x31, 0xff,
    0xe0, 0x0, 0x80,

    /* U+96FB "電" */
    0x7f, 0xf0, 0x8, 0xf, 0xff, 0xa0, 0x82, 0xba,
    0xf8, 0x8, 0x3, 0xaf, 0xf, 0xfc, 0x22, 0x10,
    0xff, 0xc2, 0x21, 0xf, 0xfd, 0x22, 0x4, 0xf,
    0xe0,

    /* U+971C "霜" */
    0x7f, 0xf8, 0x8, 0xf, 0xff, 0xe0, 0x81, 0xbe,
    0xf4, 0xfb, 0xc1, 0x0, 0x4, 0x7f, 0xff, 0xc,
    0xc7, 0xf3, 0x90, 0xd5, 0x7f, 0x91, 0xc, 0x47,
    0xf0,

    /* U+9752 "青" */
    0x2, 0x3, 0xff, 0xc0, 0x80, 0xff, 0xe0, 0x20,
    0x7f, 0xfc, 0x0, 0xf, 0xfe, 0x60, 0x33, 0xff,
    0x98, 0xc, 0xff, 0xe6, 0x3, 0x30, 0x78,

    /* U+9759 "静" */
    0x10, 0x41, 0xfd, 0xf0, 0x42, 0x47, 0xec, 0x81,
    0xf, 0xdf, 0xc5, 0x80, 0xb, 0x7f, 0xff, 0xc6,
    0x2d, 0xfc, 0x5b, 0x1b, 0xf7, 0xf1, 0xc, 0x62,
    0x19, 0x9c, 0x0,

    /* U+97F3 "音" */
    0x3, 0x1, 0xff, 0xe0, 0x0, 0x6, 0x18, 0x8,
    0x43, 0xff, 0xf0, 0x0, 0xf, 0xfc, 0x20, 0x10,
    0x80, 0x43, 0xff, 0x8, 0x4, 0x20, 0x10, 0xff,
    0xc0,

    /* U+982D "頭" */
    0xff, 0xfe, 0x0, 0x40, 0x1, 0x87, 0xef, 0xe8,
    0x50, 0x50, 0xbf, 0xbf, 0x41, 0x0, 0x82, 0x49,
    0xfc, 0x92, 0x9, 0x27, 0xf1, 0xe4, 0xe, 0x18,
    0xc0, 0xc0, 0xc0,

    /* U+984C "題" */
    0x3e, 0xfe, 0x44, 0x20, 0xfb, 0xf1, 0x16, 0x23,
    0xef, 0xc0, 0x18, 0xbf, 0xff, 0xc, 0x62, 0x38,
    0xc4, 0x7f, 0xf8, 0xe1, 0xb1, 0xc6, 0x34, 0xc0,
    0x18, 0x7f, 0xc0,

    /* U+9854 "顔" */
    0x11, 0xff, 0xf8, 0x80, 0x2, 0x1b, 0x7f, 0x41,
    0x86, 0xf7, 0xf8, 0x98, 0x6c, 0x61, 0x85, 0xfe,
    0x66, 0x1a, 0x7f, 0xe3, 0x0, 0xb9, 0x89, 0x8c,
    0x10,

    /* U+9858 "願" */
    0x7f, 0xfe, 0x88, 0x21, 0x10, 0x42, 0xfb, 0xf5,
    0x14, 0x6b, 0xef, 0xd4, 0x51, 0xaf, 0xbf, 0x5f,
    0x7f, 0xa8, 0x8f, 0x55, 0xfd, 0xa8, 0x8, 0x4c,
    0x51, 0xb0, 0x40,

    /* U+98A8 "風" */
    0x7f, 0xf8, 0xc0, 0x31, 0x87, 0x63, 0x78, 0xc6,
    0x11, 0x8d, 0xfb, 0x1a, 0x56, 0x34, 0xac, 0x69,
    0x58, 0xdf, 0xb1, 0x84, 0x62, 0xa, 0xdd, 0xfe,
    0xb3, 0xc5, 0xc0,

    /* U+98DF "食" */
    0x1, 0x80, 0x2, 0x40, 0x4, 0xb0, 0x18, 0x98,
    0x3f, 0xfe, 0x58, 0x18, 0x1f, 0xf8, 0x18, 0x18,
    0x18, 0x18, 0x1f, 0xfc, 0x18, 0x8c, 0x18, 0x70,
    0x18, 0x30, 0x7f, 0x9e, 0x0, 0x2,

    /* U+98FE "飾" */
    0x18, 0x40, 0x2c, 0xfc, 0xab, 0xfe, 0x44, 0x8f,
    0xf9, 0xc, 0xe2, 0x1f, 0xbf, 0xb3, 0x4b, 0x7e,
    0x96, 0xc1, 0x2d, 0xb2, 0x5b, 0x24, 0xff, 0xa1,
    0x0, 0x2, 0x0,

    /* U+9996 "首" */
    0x10, 0x20, 0x21, 0x8f, 0xff, 0xc0, 0xc0, 0x3f,
    0xf0, 0x80, 0x42, 0x1, 0xf, 0xfc, 0x20, 0x10,
    0x80, 0x43, 0xff, 0x8, 0x4, 0x3f, 0xf0, 0x80,
    0x40,

    /* U+99AC "馬" */
    0x3f, 0xfc, 0x7f, 0xf8, 0xc2, 0x1, 0xff, 0xe3,
    0x8, 0x6, 0x10, 0xf, 0xff, 0x18, 0x40, 0x3f,
    0xfe, 0x7f, 0xfc, 0x82, 0xd9, 0x24, 0xb4, 0x44,
    0x68, 0x3, 0x80,

    /* U+9A12 "騒" */
    0x7e, 0xfe, 0x7e, 0xc, 0x48, 0x4c, 0x7e, 0x38,
    0x48, 0x78, 0x7f, 0xd7, 0x48, 0x10, 0x48, 0xfe,
    0x36, 0x92, 0x66, 0xfe, 0x6e, 0x10, 0x6a, 0x14,
    0x83, 0xfe, 0xf, 0xc1,

    /* U+9A13 "験" */
    0x7e, 0x10, 0x7e, 0x28, 0x48, 0x4c, 0x7f, 0xc7,
    0x49, 0x7c, 0x7e, 0x10, 0x48, 0xfe, 0x48, 0x92,
    0x36, 0x92, 0x2, 0xfe, 0x76, 0x28, 0x6a, 0x28,
    0x82, 0xc6, 0xf, 0x82,

    /* U+9AD8 "高" */
    0x2, 0x7, 0xff, 0xff, 0xfe, 0x7f, 0x84, 0x4,
    0x1f, 0xe0, 0x0, 0x1f, 0xff, 0x80, 0x1d, 0xfc,
    0xec, 0x27, 0x61, 0x3b, 0xf9, 0xd8, 0x38,

    /* U+9B5A "魚" */
    0x8, 0x0, 0x3f, 0x80, 0x46, 0x1, 0x8c, 0x7,
    0xff, 0x9c, 0x41, 0x8, 0x82, 0x1f, 0xfc, 0x22,
    0x8, 0x44, 0x10, 0xff, 0xe0, 0x0, 0x2, 0x49,
    0x8c, 0x99, 0x91, 0x11, 0x42, 0x20,

    /* U+9BAE "鮮" */
    0x20, 0x88, 0xf2, 0x24, 0x85, 0x1f, 0xff, 0xfe,
    0x21, 0x48, 0x87, 0xff, 0xd4, 0x88, 0x52, 0x21,
    0xff, 0xf6, 0xa2, 0x1a, 0x88, 0x6e, 0x22, 0x0,
    0x80,

    /* U+9CE5 "鳥" */
    0x1, 0x0, 0x7f, 0xf0, 0xc0, 0x61, 0xff, 0xc3,
    0x1, 0x87, 0xff, 0xc, 0x0, 0x1f, 0xff, 0x30,
    0x0, 0x7f, 0xfc, 0xff, 0xf9, 0x69, 0x34, 0x50,
    0x58, 0x7, 0x80,

    /* U+9CF4 "鳴" */
    0x0, 0x43, 0xef, 0xfc, 0xb0, 0xf2, 0xff, 0xcb,
    0xf, 0x2f, 0xfc, 0xb0, 0x32, 0xff, 0xcb, 0x3,
    0xef, 0xfc, 0x1, 0x41, 0x35, 0x4, 0x84, 0x0,
    0x60,

    /* U+9EA6 "麦" */
    0x1, 0x0, 0xff, 0xf8, 0x4, 0x1, 0xff, 0xc0,
    0x10, 0x1f, 0xff, 0xc1, 0x80, 0x6, 0x0, 0x1f,
    0xf8, 0x70, 0x61, 0x11, 0x80, 0x1e, 0x0, 0x7c,
    0x1f, 0x7, 0xc0, 0x0, 0x0,

    /* U+9EC4 "黄" */
    0xc, 0x61, 0xff, 0xe0, 0xc6, 0x3f, 0xff, 0xff,
    0xfc, 0x4, 0x3, 0xff, 0x88, 0x42, 0x3f, 0xf8,
    0x84, 0x23, 0xff, 0x80, 0x0, 0x1c, 0x73, 0xc0,
    0x70,

    /* U+9ED2 "黒" */
    0x3f, 0xf8, 0x8c, 0x22, 0x30, 0x8f, 0xfe, 0x23,
    0x8, 0xff, 0xe0, 0x30, 0x1f, 0xfe, 0x3, 0x3,
    0xff, 0xf0, 0x0, 0x9, 0x22, 0x44, 0x4f, 0x11,
    0x10
};

/*---------------------
 *  GLYPH DESCRIPTION
 *--------------------*/

static const lv_font_fmt_txt_glyph_dsc_t glyph_dsc[] = {
    {.bitmap_index = 0, .adv_w = 0, .box_w = 0, .box_h = 0, .ofs_x = 0, .ofs_y = 0} /* id = 0 reserved */,
    {.bitmap_index = 0, .adv_w = 256, .box_w = 11, .box_h = 12, .ofs_x = 3, .ofs_y = -1},
    {.bitmap_index = 17, .adv_w = 256, .box_w = 13, .box_h = 14, .ofs_x = 2, .ofs_y = -1},
    {.bitmap_index = 40, .adv_w = 256, .box_w = 10, .box_h = 9, .ofs_x = 3, .ofs_y = 0},
    {.bitmap_index = 52, .adv_w = 256, .box_w = 12, .box_h = 11, .ofs_x = 2, .ofs_y = 0},
    {.bitmap_index = 69, .adv_w = 256, .box_w = 8, .box_h = 12, .ofs_x = 4, .ofs_y = -1},
    {.bitmap_index = 81, .adv_w = 256, .box_w = 10, .box_h = 13, .ofs_x = 3, .ofs_y = 0},
    {.bitmap_index = 98, .adv_w = 256, .box_w = 10, .box_h = 11, .ofs_x = 3, .ofs_y = -1},
    {.bitmap_index = 112, .adv_w = 256, .box_w = 12, .box_h = 12, .ofs_x = 2, .ofs_y = 0},
    {.bitmap_index = 130, .adv_w = 256, .box_w = 11, .box_h = 11, .ofs_x = 3, .ofs_y = -1},
    {.bitmap_index = 146, .adv_w = 256, .box_w = 13, .box_h = 13, .ofs_x = 2, .ofs_y = 0},
    {.bitmap_index = 168, .adv_w = 256, .box_w = 14, .box_h = 12, .ofs_x = 2, .ofs_y = 0},
    {.bitmap_index = 189, .adv_w = 256, .box_w = 14, .box_h = 13, .ofs_x = 1, .ofs_y = 0},
    {.bitmap_index = 212, .adv_w = 256, .box_w = 11, .box_h = 14, .ofs_x = 3, .ofs_y = -1},
    {.bitmap_index = 232, .adv_w = 256, .box_w = 13, .box_h = 15, .ofs_x = 2, .ofs_y = -1},
    {.bitmap_index = 257, .adv_w = 256, .box_w = 9, .box_h = 14, .ofs_x = 3, .ofs_y = -1},
    {.bitmap_index = 273, .adv_w = 256, .box_w = 11, .box_h = 14, .ofs_x = 3, .ofs_y = -1},
    {.bitmap_index = 293, .adv_w = 256, .box_w = 13, .box_h = 14, .ofs_x = 2, .ofs_y = -1},
    {.bitmap_index = 316, .adv_w = 256, .box_w = 14, .box_h = 14, .ofs_x = 2, .ofs_y = -1},
    {.bitmap_index = 341, .adv_w = 256, .box_w = 10, .box_h = 11, .ofs_x = 3, .ofs_y = 0},
    {.bitmap_index = 355, .adv_w = 256, .box_w = 13, .box_h = 14, .ofs_x = 3, .ofs_y = 0},
    {.bitmap_index = 378, .adv_w = 256, .box_w = 11, .box_h = 14, .ofs_x = 3, .ofs_y = -1},
    {.bitmap_index = 398, .adv_w = 256, .box_w = 12, .box_h = 15, .ofs_x = 3, .ofs_y = -1},
    {.bitmap_index = 421, .adv_w = 256, .box_w = 10, .box_h = 14, .ofs_x = 4, .ofs_y = -1},
    {.bitmap_index = 439, .adv_w = 256, .box_w = 10, .box_h = 13, .ofs_x = 4, .ofs_y = -1},
    {.bitmap_index = 456, .adv_w = 256, .box_w = 13, .box_h = 13, .ofs_x = 2, .ofs_y = 0},
    {.bitmap_index = 478, .adv_w = 256, .box_w = 13, .box_h = 15, .ofs_x = 1, .ofs_y = -1},
    {.bitmap_index = 503, .adv_w = 256, .box_w = 13, .box_h = 12, .ofs_x = 1, .ofs_y = 0},
    {.bitmap_index = 523, .adv_w = 256, .box_w = 14, .box_h = 13, .ofs_x = 1, .ofs_y = 0},
    {.bitmap_index = 546, .adv_w = 256, .box_w = 12, .box_h = 13, .ofs_x = 2, .ofs_y = -1},
    {.bitmap_index = 566, .adv_w = 256, .box_w = 13, .box_h = 13, .ofs_x = 1, .ofs_y = -1},
    {.bitmap_index = 588, .adv_w = 256, .box_w = 13, .box_h = 13, .ofs_x = 2, .ofs_y = 0},
    {.bitmap_index = 610, .adv_w = 256, .box_w = 14, .box_h = 13, .ofs_x = 1, .ofs_y = 0},
    {.bitmap_index = 633, .adv_w = 256, .box_w = 12, .box_h = 13, .ofs_x = 2, .ofs_y = 0},
    {.bitmap_index = 653, .adv_w = 256, .box_w = 15, .box_h = 14, .ofs_x = 1, .ofs_y = -1},
    {.bitmap_index = 680, .adv_w = 256, .box_w = 11, .box_h = 8, .ofs_x = 2, .ofs_y = 0},
    {.bitmap_index = 691, .adv_w = 256, .box_w = 13, .box_h = 10, .ofs_x = 1, .ofs_y = 0},
    {.bitmap_index = 708, .adv_w = 256, .box_w = 14, .box_h = 13, .ofs_x = 1, .ofs_y = 0},
    {.bitmap_index = 731, .adv_w = 256, .box_w = 13, .box_h = 11, .ofs_x = 1, .ofs_y = 0},
    {.bitmap_index = 749, .adv_w = 256, .box_w = 14, .box_h = 11, .ofs_x = 1, .ofs_y = 0},
    {.bitmap_index = 769, .adv_w = 256, .box_w = 10, .box_h = 13, .ofs_x = 3, .ofs_y = 0},
    {.bitmap_index = 786, .adv_w = 256, .box_w = 12, .box_h = 13, .ofs_x = 3, .ofs_y = 0},
    {.bitmap_index = 806, .adv_w = 256, .box_w = 14, .box_h = 14, .ofs_x = 1, .ofs_y = -1},
    {.bitmap_index = 831, .adv_w = 256, .box_w = 13, .box_h = 14, .ofs_x = 2, .ofs_y = -1},
    {.bitmap_index = 854, .adv_w = 256, .box_w = 14, .box_h = 13, .ofs_x = 1, .ofs_y = 0},
    {.bitmap_index = 877, .adv_w = 256, .box_w = 15, .box_h = 13, .ofs_x = 1, .ofs_y = 0},
    {.bitmap_index = 902, .adv_w = 256, .box_w = 13, .box_h = 12, .ofs_x = 2, .ofs_y = 0},
    {.bitmap_index = 922, .adv_w = 256, .box_w = 13, .box_h = 12, .ofs_x = 2, .ofs_y = 0},
    {.bitmap_index = 942, .adv_w = 256, .box_w = 14, .box_h = 14, .ofs_x = 2, .ofs_y = -1},
    {.bitmap_index = 967, .adv_w = 256, .box_w = 14, .box_h = 14, .ofs_x = 2, .ofs_y = -1},
    {.bitmap_index = 992, .adv_w = 256, .box_w = 13, .box_h = 12, .ofs_x = 2, .ofs_y = -1},
    {.bitmap_index = 1012, .adv_w = 256, .box_w = 14, .box_h = 14, .ofs_x = 1, .ofs_y = -1},
    {.bitmap_index = 1037, .adv_w = 256, .box_w = 15, .box_h = 14, .ofs_x = 1, .ofs_y = -1},
    {.bitmap_index = 1064, .adv_w = 256, .box_w = 15, .box_h = 13, .ofs_x = 0, .ofs_y = 0},
    {.bitmap_index = 1089, .adv_w = 256, .box_w = 15, .box_h = 13, .ofs_x = 0, .ofs_y = 0},
    {.bitmap_index = 1114, .adv_w = 256, .box_w = 16, .box_h = 13, .ofs_x = 0, .ofs_y = 0},
    {.bitmap_index = 1140, .adv_w = 256, .box_w = 14, .box_h = 9, .ofs_x = 1, .ofs_y = 1},
    {.bitmap_index = 1156, .adv_w = 256, .box_w = 14, .box_h = 12, .ofs_x = 1, .ofs_y = 0},
    {.bitmap_index = 1177, .adv_w = 256, .box_w = 15, .box_h = 12, .ofs_x = 0, .ofs_y = 0},
    {.bitmap_index = 1200, .adv_w = 256, .box_w = 13, .box_h = 12, .ofs_x = 2, .ofs_y = 0},
    {.bitmap_index = 1220, .adv_w = 256, .box_w = 14, .box_h = 14, .ofs_x = 1, .ofs_y = -1},
    {.bitmap_index = 1245, .adv_w = 256, .box_w = 15, .box_h = 14, .ofs_x = 1, .ofs_y = -1},
    {.bitmap_index = 1272, .adv_w = 256, .box_w = 11, .box_h = 14, .ofs_x = 3, .ofs_y = -1},
    {.bitmap_index = 1292, .adv_w = 256, .box_w = 14, .box_h = 13, .ofs_x = 1, .ofs_y = -1},
    {.bitmap_index = 1315, .adv_w = 256, .box_w = 13, .box_h = 14, .ofs_x = 1, .ofs_y = -1},
    {.bitmap_index = 1338, .adv_w = 256, .box_w = 13, .box_h = 12, .ofs_x = 1, .ofs_y = 0},
    {.bitmap_index = 1358, .adv_w = 256, .box_w = 12, .box_h = 14, .ofs_x = 2, .ofs_y = -1},
    {.bitmap_index = 1379, .adv_w = 256, .box_w = 11, .box_h = 11, .ofs_x = 2, .ofs_y = -1},
    {.bitmap_index = 1395, .adv_w = 256, .box_w = 13, .box_h = 14, .ofs_x = 1, .ofs_y = -1},
    {.bitmap_index = 1418, .adv_w = 256, .box_w = 10, .box_h = 11, .ofs_x = 3, .ofs_y = -1},
    {.bitmap_index = 1432, .adv_w = 256, .box_w = 12, .box_h = 14, .ofs_x = 2, .ofs_y = -1},
    {.bitmap_index = 1453, .adv_w = 256, .box_w = 10, .box_h = 10, .ofs_x = 3, .ofs_y = -1},
    {.bitmap_index = 1466, .adv_w = 256, .box_w = 12, .box_h = 14, .ofs_x = 2, .ofs_y = -1},
    {.bitmap_index = 1487, .adv_w = 256, .box_w = 10, .box_h = 13, .ofs_x = 3, .ofs_y = -1},
    {.bitmap_index = 1504, .adv_w = 256, .box_w = 9, .box_h = 13, .ofs_x = 4, .ofs_y = 0},
    {.bitmap_index = 1519, .adv_w = 256, .box_w = 12, .box_h = 13, .ofs_x = 2, .ofs_y = -1},
    {.bitmap_index = 1539, .adv_w = 256, .box_w = 14, .box_h = 13, .ofs_x = 1, .ofs_y = 0},
    {.bitmap_index = 1562, .adv_w = 256, .box_w = 12, .box_h = 13, .ofs_x = 1, .ofs_y = -1},
    {.bitmap_index = 1582, .adv_w = 256, .box_w = 11, .box_h = 11, .ofs_x = 2, .ofs_y = 0},
    {.bitmap_index = 1598, .adv_w = 256, .box_w = 14, .box_h = 13, .ofs_x = 1, .ofs_y = 0},
    {.bitmap_index = 1621, .adv_w = 256, .box_w = 13, .box_h = 13, .ofs_x = 2, .ofs_y = -1},
    {.bitmap_index = 1643, .adv_w = 256, .box_w = 14, .box_h = 13, .ofs_x = 1, .ofs_y = -1},
    {.bitmap_index = 1666, .adv_w = 256, .box_w = 12, .box_h = 14, .ofs_x = 2, .ofs_y = -1},
    {.bitmap_index = 1687, .adv_w = 256, .box_w = 14, .box_h = 13, .ofs_x = 1, .ofs_y = 0},
    {.bitmap_index = 1710, .adv_w = 256, .box_w = 13, .box_h = 13, .ofs_x = 2, .ofs_y = 0},
    {.bitmap_index = 1732, .adv_w = 256, .box_w = 12, .box_h = 11, .ofs_x = 2, .ofs_y = -1},
    {.bitmap_index = 1749, .adv_w = 256, .box_w = 10, .box_h = 11, .ofs_x = 3, .ofs_y = -1},
    {.bitmap_index = 1763, .adv_w = 0, .box_w = 4, .box_h = 3, .ofs_x = -4, .ofs_y = 11},
    {.bitmap_index = 1765, .adv_w = 0, .box_w = 4, .box_h = 4, .ofs_x = -4, .ofs_y = 10},
    {.bitmap_index = 1767, .adv_w = 256, .box_w = 5, .box_h = 3, .ofs_x = 0, .ofs_y = 10},
    {.bitmap_index = 1769, .adv_w = 256, .box_w = 4, .box_h = 4, .ofs_x = 0, .ofs_y = 9},
    {.bitmap_index = 1771, .adv_w = 256, .box_w = 7, .box_h = 9, .ofs_x = 5, .ofs_y = 1},
    {.bitmap_index = 1779, .adv_w = 256, .box_w = 8, .box_h = 11, .ofs_x = 5, .ofs_y = 1},
    {.bitmap_index = 1790, .adv_w = 256, .box_w = 13, .box_h = 14, .ofs_x = 1, .ofs_y = -1},
    {.bitmap_index = 1813, .adv_w = 256, .box_w = 7, .box_h = 4, .ofs_x = 4, .ofs_y = 4},
    {.bitmap_index = 1817, .adv_w = 256, .box_w = 10, .box_h = 10, .ofs_x = 3, .ofs_y = -1},
    {.bitmap_index = 1830, .adv_w = 256, .box_w = 12, .box_h = 12, .ofs_x = 2, .ofs_y = -1},
    {.bitmap_index = 1848, .adv_w = 256, .box_w = 11, .box_h = 11, .ofs_x = 2, .ofs_y = -1},
    {.bitmap_index = 1864, .adv_w = 256, .box_w = 12, .box_h = 14, .ofs_x = 1, .ofs_y = -1},
    {.bitmap_index = 1885, .adv_w = 256, .box_w = 10, .box_h = 11, .ofs_x = 3, .ofs_y = -1},
    {.bitmap_index = 1899, .adv_w = 256, .box_w = 12, .box_h = 14, .ofs_x = 2, .ofs_y = -1},
    {.bitmap_index = 1920, .adv_w = 256, .box_w = 11, .box_h = 10, .ofs_x = 2, .ofs_y = -1},
    {.bitmap_index = 1934, .adv_w = 256, .box_w = 13, .box_h = 11, .ofs_x = 1, .ofs_y = 0},
    {.bitmap_index = 1952, .adv_w = 256, .box_w = 11, .box_h = 11, .ofs_x = 3, .ofs_y = -1},
    {.bitmap_index = 1968, .adv_w = 256, .box_w = 14, .box_h = 13, .ofs_x = 1, .ofs_y = 0},
    {.bitmap_index = 1991, .adv_w = 256, .box_w = 12, .box_h = 13, .ofs_x = 2, .ofs_y = 0},
    {.bitmap_index = 2011, .adv_w = 256, .box_w = 14, .box_h = 14, .ofs_x = 2, .ofs_y = 0},
    {.bitmap_index = 2036, .adv_w = 256, .box_w = 12, .box_h = 14, .ofs_x = 2, .ofs_y = -1},
    {.bitmap_index = 2057, .adv_w = 256, .box_w = 14, .box_h = 15, .ofs_x = 1, .ofs_y = -1},
    {.bitmap_index = 2084, .adv_w = 256, .box_w = 12, .box_h = 13, .ofs_x = 2, .ofs_y = -1},
    {.bitmap_index = 2104, .adv_w = 256, .box_w = 14, .box_h = 14, .ofs_x = 1, .ofs_y = -1},
    {.bitmap_index = 2129, .adv_w = 256, .box_w = 13, .box_h = 14, .ofs_x = 1, .ofs_y = -1},
    {.bitmap_index = 2152, .adv_w = 256, .box_w = 14, .box_h = 15, .ofs_x = 1, .ofs_y = -1},
    {.bitmap_index = 2179, .adv_w = 256, .box_w = 12, .box_h = 11, .ofs_x = 2, .ofs_y = 0},
    {.bitmap_index = 2196, .adv_w = 256, .box_w = 14, .box_h = 14, .ofs_x = 2, .ofs_y = -1},
    {.bitmap_index = 2221, .adv_w = 256, .box_w = 13, .box_h = 13, .ofs_x = 2, .ofs_y = -1},
    {.bitmap_index = 2243, .adv_w = 256, .box_w = 14, .box_h = 14, .ofs_x = 1, .ofs_y = -1},
    {.bitmap_index = 2268, .adv_w = 256, .box_w = 13, .box_h = 12, .ofs_x = 2, .ofs_y = 0},
    {.bitmap_index = 2288, .adv_w = 256, .box_w = 14, .box_h = 14, .ofs_x = 1, .ofs_y = -1},
    {.bitmap_index = 2313, .adv_w = 256, .box_w = 12, .box_h = 11, .ofs_x = 2, .ofs_y = 0},
    {.bitmap_index = 2330, .adv_w = 256, .box_w = 14, .box_h = 14, .ofs_x = 1, .ofs_y = 0},
    {.bitmap_index = 2355, .adv_w = 256, .box_w = 13, .box_h = 12, .ofs_x = 1, .ofs_y = 0},
    {.bitmap_index = 2375, .adv_w = 256, .box_w = 14, .box_h = 14, .ofs_x = 1, .ofs_y = 0},
    {.bitmap_index = 2400, .adv_w = 256, .box_w = 12, .box_h = 12, .ofs_x = 2, .ofs_y = 0},
    {.bitmap_index = 2418, .adv_w = 256, .box_w = 13, .box_h = 15, .ofs_x = 2, .ofs_y = -1},
    {.bitmap_index = 2443, .adv_w = 256, .box_w = 13, .box_h = 13, .ofs_x = 1, .ofs_y = 0},
    {.bitmap_index = 2465, .adv_w = 256, .box_w = 14, .box_h = 14, .ofs_x = 1, .ofs_y = -1},
    {.bitmap_index = 2490, .adv_w = 256, .box_w = 13, .box_h = 13, .ofs_x = 2, .ofs_y = -1},
    {.bitmap_index = 2512, .adv_w = 256, .box_w = 14, .box_h = 13, .ofs_x = 1, .ofs_y = -1},
    {.bitmap_index = 2535, .adv_w = 256, .box_w = 11, .box_h = 10, .ofs_x = 3, .ofs_y = -1},
    {.bitmap_index = 2549, .adv_w = 256, .box_w = 12, .box_h = 13, .ofs_x = 2, .ofs_y = -1},
    {.bitmap_index = 2569, .adv_w = 256, .box_w = 14, .box_h = 15, .ofs_x = 1, .ofs_y = -1},
    {.bitmap_index = 2596, .adv_w = 256, .box_w = 13, .box_h = 13, .ofs_x = 2, .ofs_y = -1},
    {.bitmap_index = 2618, .adv_w = 256, .box_w = 15, .box_h = 15, .ofs_x = 1, .ofs_y = -1},
    {.bitmap_index = 2647, .adv_w = 256, .box_w = 9, .box_h = 13, .ofs_x = 5, .ofs_y = 0},
    {.bitmap_index = 2662, .adv_w = 256, .box_w = 10, .box_h = 13, .ofs_x = 5, .ofs_y = -1},
    {.bitmap_index = 2679, .adv_w = 256, .box_w = 13, .box_h = 13, .ofs_x = 2, .ofs_y = 0},
    {.bitmap_index = 2701, .adv_w = 256, .box_w = 13, .box_h = 9, .ofs_x = 1, .ofs_y = 1},
    {.bitmap_index = 2716, .adv_w = 256, .box_w = 11, .box_h = 12, .ofs_x = 2, .ofs_y = -1},
    {.bitmap_index = 2733, .adv_w = 256, .box_w = 13, .box_h = 14, .ofs_x = 2, .ofs_y = -1},
    {.bitmap_index = 2756, .adv_w = 256, .box_w = 11, .box_h = 12, .ofs_x = 2, .ofs_y = 0},
    {.bitmap_index = 2773, .adv_w = 256, .box_w = 14, .box_h = 11, .ofs_x = 1, .ofs_y = 0},
    {.bitmap_index = 2793, .adv_w = 256, .box_w = 14, .box_h = 13, .ofs_x = 1, .ofs_y = 0},
    {.bitmap_index = 2816, .adv_w = 256, .box_w = 15, .box_h = 13, .ofs_x = 1, .ofs_y = 0},
    {.bitmap_index = 2841, .adv_w = 256, .box_w = 11, .box_h = 12, .ofs_x = 3, .ofs_y = 0},
    {.bitmap_index = 2858, .adv_w = 256, .box_w = 12, .box_h = 13, .ofs_x = 3, .ofs_y = 0},
    {.bitmap_index = 2878, .adv_w = 256, .box_w = 13, .box_h = 13, .ofs_x = 3, .ofs_y = 0},
    {.bitmap_index = 2900, .adv_w = 256, .box_w = 12, .box_h = 11, .ofs_x = 2, .ofs_y = 0},
    {.bitmap_index = 2917, .adv_w = 256, .box_w = 13, .box_h = 14, .ofs_x = 2, .ofs_y = 0},
    {.bitmap_index = 2940, .adv_w = 256, .box_w = 14, .box_h = 13, .ofs_x = 2, .ofs_y = 0},
    {.bitmap_index = 2963, .adv_w = 256, .box_w = 14, .box_h = 9, .ofs_x = 1, .ofs_y = 1},
    {.bitmap_index = 2979, .adv_w = 256, .box_w = 14, .box_h = 12, .ofs_x = 1, .ofs_y = 0},
    {.bitmap_index = 3000, .adv_w = 256, .box_w = 15, .box_h = 11, .ofs_x = 0, .ofs_y = 1},
    {.bitmap_index = 3021, .adv_w = 256, .box_w = 13, .box_h = 13, .ofs_x = 2, .ofs_y = 0},
    {.bitmap_index = 3043, .adv_w = 256, .box_w = 14, .box_h = 14, .ofs_x = 1, .ofs_y = -1},
    {.bitmap_index = 3068, .adv_w = 256, .box_w = 14, .box_h = 14, .ofs_x = 1, .ofs_y = -1},
    {.bitmap_index = 3093, .adv_w = 256, .box_w = 13, .box_h = 11, .ofs_x = 2, .ofs_y = 0},
    {.bitmap_index = 3111, .adv_w = 256, .box_w = 11, .box_h = 12, .ofs_x = 2, .ofs_y = 0},
    {.bitmap_index = 3128, .adv_w = 256, .box_w = 14, .box_h = 13, .ofs_x = 1, .ofs_y = -1},
    {.bitmap_index = 3151, .adv_w = 256, .box_w = 12, .box_h = 13, .ofs_x = 2, .ofs_y = -1},
    {.bitmap_index = 3171, .adv_w = 256, .box_w = 13, .box_h = 12, .ofs_x = 2, .ofs_y = 0},
    {.bitmap_index = 3191, .adv_w = 256, .box_w = 12, .box_h = 11, .ofs_x = 2, .ofs_y = -1},
    {.bitmap_index = 3208, .adv_w = 256, .box_w = 14, .box_h = 14, .ofs_x = 1, .ofs_y = -1},
    {.bitmap_index = 3233, .adv_w = 256, .box_w = 11, .box_h = 8, .ofs_x = 3, .ofs_y = 0},
    {.bitmap_index = 3244, .adv_w = 256, .box_w = 14, .box_h = 10, .ofs_x = 1, .ofs_y = 1},
    {.bitmap_index = 3262, .adv_w = 256, .box_w = 10, .box_h = 10, .ofs_x = 3, .ofs_y = -1},
    {.bitmap_index = 3275, .adv_w = 256, .box_w = 11, .box_h = 11, .ofs_x = 3, .ofs_y = 0},
    {.bitmap_index = 3291, .adv_w = 256, .box_w = 11, .box_h = 13, .ofs_x = 3, .ofs_y = -1},
    {.bitmap_index = 3309, .adv_w = 256, .box_w = 8, .box_h = 12, .ofs_x = 4, .ofs_y = 0},
    {.bitmap_index = 3321, .adv_w = 256, .box_w = 13, .box_h = 12, .ofs_x = 1, .ofs_y = 0},
    {.bitmap_index = 3341, .adv_w = 256, .box_w = 10, .box_h = 12, .ofs_x = 4, .ofs_y = 0},
    {.bitmap_index = 3356, .adv_w = 256, .box_w = 12, .box_h = 11, .ofs_x = 2, .ofs_y = 0},
    {.bitmap_index = 3373, .adv_w = 256, .box_w = 10, .box_h = 10, .ofs_x = 3, .ofs_y = -2},
    {.bitmap_index = 3386, .adv_w = 256, .box_w = 12, .box_h = 12, .ofs_x = 2, .ofs_y = -1},
    {.bitmap_index = 3404, .adv_w = 256, .box_w = 12, .box_h = 13, .ofs_x = 2, .ofs_y = -1},
    {.bitmap_index = 3424, .adv_w = 256, .box_w = 13, .box_h = 11, .ofs_x = 1, .ofs_y = 0},
    {.bitmap_index = 3442, .adv_w = 256, .box_w = 11, .box_h = 12, .ofs_x = 3, .ofs_y = -1},
    {.bitmap_index = 3459, .adv_w = 256, .box_w = 13, .box_h = 12, .ofs_x = 2, .ofs_y = 0},
    {.bitmap_index = 3479, .adv_w = 256, .box_w = 13, .box_h = 15, .ofs_x = 2, .ofs_y = -1},
    {.bitmap_index = 3504, .adv_w = 256, .box_w = 10, .box_h = 10, .ofs_x = 3, .ofs_y = -1},
    {.bitmap_index = 3517, .adv_w = 256, .box_w = 12, .box_h = 11, .ofs_x = 2, .ofs_y = -1},
    {.bitmap_index = 3534, .adv_w = 256, .box_w = 13, .box_h = 15, .ofs_x = 2, .ofs_y = -1},
    {.bitmap_index = 3559, .adv_w = 256, .box_w = 13, .box_h = 14, .ofs_x = 2, .ofs_y = -1},
    {.bitmap_index = 3582, .adv_w = 256, .box_w = 14, .box_h = 13, .ofs_x = 1, .ofs_y = 0},
    {.bitmap_index = 3605, .adv_w = 256, .box_w = 13, .box_h = 15, .ofs_x = 2, .ofs_y = -1},
    {.bitmap_index = 3630, .adv_w = 256, .box_w = 3, .box_h = 3, .ofs_x = 6, .ofs_y = 4},
    {.bitmap_index = 3632, .adv_w = 256, .box_w = 13, .box_h = 1, .ofs_x = 1, .ofs_y = 6},
    {.bitmap_index = 3634, .adv_w = 256, .box_w = 7, .box_h = 7, .ofs_x = 5, .ofs_y = 2},
    {.bitmap_index = 3641, .adv_w = 256, .box_w = 9, .box_h = 10, .ofs_x = 4, .ofs_y = 2},
    {.bitmap_index = 3653, .adv_w = 256, .box_w = 9, .box_h = 13, .ofs_x = 3, .ofs_y = -1},
    {.bitmap_index = 3668, .adv_w = 256, .box_w = 15, .box_h = 1, .ofs_x = 1, .ofs_y = 6},
    {.bitmap_index = 3670, .adv_w = 256, .box_w = 15, .box_h = 14, .ofs_x = 1, .ofs_y = -1},
    {.bitmap_index = 3697, .adv_w = 256, .box_w = 14, .box_h = 14, .ofs_x = 0, .ofs_y = -1},
    {.bitmap_index = 3722, .adv_w = 256, .box_w = 14, .box_h = 12, .ofs_x = 1, .ofs_y = 0},
    {.bitmap_index = 3743, .adv_w = 256, .box_w = 15, .box_h = 14, .ofs_x = 0, .ofs_y = -1},
    {.bitmap_index = 3770, .adv_w = 256, .box_w = 14, .box_h = 14, .ofs_x = 1, .ofs_y = -1},
    {.bitmap_index = 3795, .adv_w = 256, .box_w = 15, .box_h = 14, .ofs_x = 1, .ofs_y = -1},
    {.bitmap_index = 3822, .adv_w = 256, .box_w = 14, .box_h = 14, .ofs_x = 1, .ofs_y = -1},
    {.bitmap_index = 3847, .adv_w = 256, .box_w = 15, .box_h = 14, .ofs_x = 1, .ofs_y = -1},
    {.bitmap_index = 3874, .adv_w = 256, .box_w = 14, .box_h = 15, .ofs_x = 1, .ofs_y = -1},
    {.bitmap_index = 3901, .adv_w = 256, .box_w = 14, .box_h = 14, .ofs_x = 1, .ofs_y = -1},
    {.bitmap_index = 3926, .adv_w = 256, .box_w = 15, .box_h = 14, .ofs_x = 1, .ofs_y = -1},
    {.bitmap_index = 3953, .adv_w = 256, .box_w = 15, .box_h = 14, .ofs_x = 1, .ofs_y = -1},
    {.bitmap_index = 3980, .adv_w = 256, .box_w = 14, .box_h = 11, .ofs_x = 1, .ofs_y = 0},
    {.bitmap_index = 4000, .adv_w = 256, .box_w = 15, .box_h = 15, .ofs_x = 0, .ofs_y = -2},
    {.bitmap_index = 4029, .adv_w = 256, .box_w = 15, .box_h = 14, .ofs_x = 0, .ofs_y = -1},
    {.bitmap_index = 4056, .adv_w = 256, .box_w = 15, .box_h = 14, .ofs_x = 0, .ofs_y = -1},
    {.bitmap_index = 4083, .adv_w = 256, .box_w = 14, .box_h = 14, .ofs_x = 1, .ofs_y = -1},
    {.bitmap_index = 4108, .adv_w = 256, .box_w = 16, .box_h = 14, .ofs_x = 0, .ofs_y = -1},
    {.bitmap_index = 4136, .adv_w = 256, .box_w = 15, .box_h = 13, .ofs_x = 1, .ofs_y = 0},
    {.bitmap_index = 4161, .adv_w = 256, .box_w = 14, .box_h = 14, .ofs_x = 1, .ofs_y = -1},
    {.bitmap_index = 4186, .adv_w = 256, .box_w = 15, .box_h = 14, .ofs_x = 0, .ofs_y = -1},
    {.bitmap_index = 4213, .adv_w = 256, .box_w = 15, .box_h = 14, .ofs_x = 1, .ofs_y = -1},
    {.bitmap_index = 4240, .adv_w = 256, .box_w = 15, .box_h = 15, .ofs_x = 1, .ofs_y = -1},
    {.bitmap_index = 4269, .adv_w = 256, .box_w = 15, .box_h = 14, .ofs_x = 1, .ofs_y = -1},
    {.bitmap_index = 4296, .adv_w = 256, .box_w = 15, .box_h = 15, .ofs_x = 1, .ofs_y = -1},
    {.bitmap_index = 4325, .adv_w = 256, .box_w = 15, .box_h = 14, .ofs_x = 1, .ofs_y = -1},
    {.bitmap_index = 4352, .adv_w = 256, .box_w = 14, .box_h = 15, .ofs_x = 1, .ofs_y = -1},
    {.bitmap_index = 4379, .adv_w = 256, .box_w = 15, .box_h = 15, .ofs_x = 1, .ofs_y = -1},
    {.bitmap_index = 4408, .adv_w = 256, .box_w = 15, .box_h = 15, .ofs_x = 1, .ofs_y = -1},
    {.bitmap_index = 4437, .adv_w = 256, .box_w = 15, .box_h = 15, .ofs_x = 1, .ofs_y = -1},
    {.bitmap_index = 4466, .adv_w = 256, .box_w = 15, .box_h = 15, .ofs_x = 1, .ofs_y = -1},
    {.bitmap_index = 4495, .adv_w = 256, .box_w = 15, .box_h = 14, .ofs_x = 1, .ofs_y = -1},
    {.bitmap_index = 4522, .adv_w = 256, .box_w = 15, .box_h = 14, .ofs_x = 0, .ofs_y = -1},
    {.bitmap_index = 4549, .adv_w = 256, .box_w = 15, .box_h = 14, .ofs_x = 1, .ofs_y = -1},
    {.bitmap_index = 4576, .adv_w = 256, .box_w = 15, .box_h = 14, .ofs_x = 1, .ofs_y = -1},
    {.bitmap_index = 4603, .adv_w = 256, .box_w = 15, .box_h = 15, .ofs_x = 1, .ofs_y = -1},
    {.bitmap_index = 4632, .adv_w = 256, .box_w = 15, .box_h = 14, .ofs_x = 1, .ofs_y = -1},
    {.bitmap_index = 4659, .adv_w = 256, .box_w = 14, .box_h = 13, .ofs_x = 1, .ofs_y = -1},
    {.bitmap_index = 4682, .adv_w = 256, .box_w = 15, .box_h = 14, .ofs_x = 1, .ofs_y = -1},
    {.bitmap_index = 4709, .adv_w = 256, .box_w = 15, .box_h = 14, .ofs_x = 1, .ofs_y = -1},
    {.bitmap_index = 4736, .adv_w = 256, .box_w = 15, .box_h = 14, .ofs_x = 1, .ofs_y = -1},
    {.bitmap_index = 4763, .adv_w = 256, .box_w = 15, .box_h = 14, .ofs_x = 0, .ofs_y = -1},
    {.bitmap_index = 4790, .adv_w = 256, .box_w = 15, .box_h = 14, .ofs_x = 0, .ofs_y = -1},
    {.bitmap_index = 4817, .adv_w = 256, .box_w = 15, .box_h = 14, .ofs_x = 0, .ofs_y = -1},
    {.bitmap_index = 4844, .adv_w = 256, .box_w = 15, .box_h = 14, .ofs_x = 0, .ofs_y = -2},
    {.bitmap_index = 4871, .adv_w = 256, .box_w = 14, .box_h = 14, .ofs_x = 1, .ofs_y = -1},
    {.bitmap_index = 4896, .adv_w = 256, .box_w = 14, .box_h = 14, .ofs_x = 0, .ofs_y = -1},
    {.bitmap_index = 4921, .adv_w = 256, .box_w = 15, .box_h = 15, .ofs_x = 1, .ofs_y = -2},
    {.bitmap_index = 4950, .adv_w = 256, .box_w = 13, .box_h = 14, .ofs_x = 2, .ofs_y = -1},
    {.bitmap_index = 4973, .adv_w = 256, .box_w = 14, .box_h = 14, .ofs_x = 1, .ofs_y = -1},
    {.bitmap_index = 4998, .adv_w = 256, .box_w = 14, .box_h = 14, .ofs_x = 1, .ofs_y = -1},
    {.bitmap_index = 5023, .adv_w = 256, .box_w = 16, .box_h = 15, .ofs_x = 0, .ofs_y = -1},
    {.bitmap_index = 5053, .adv_w = 256, .box_w = 13, .box_h = 14, .ofs_x = 1, .ofs_y = -1},
    {.bitmap_index = 5076, .adv_w = 256, .box_w = 15, .box_h = 12, .ofs_x = 0, .ofs_y = -1},
    {.bitmap_index = 5099, .adv_w = 256, .box_w = 15, .box_h = 14, .ofs_x = 0, .ofs_y = -1},
    {.bitmap_index = 5126, .adv_w = 256, .box_w = 15, .box_h = 14, .ofs_x = 0, .ofs_y = -1},
    {.bitmap_index = 5153, .adv_w = 256, .box_w = 15, .box_h = 14, .ofs_x = 0, .ofs_y = -1},
    {.bitmap_index = 5180, .adv_w = 256, .box_w = 14, .box_h = 14, .ofs_x = 1, .ofs_y = -1},
    {.bitmap_index = 5205, .adv_w = 256, .box_w = 14, .box_h = 15, .ofs_x = 1, .ofs_y = -1},
    {.bitmap_index = 5232, .adv_w = 256, .box_w = 14, .box_h = 14, .ofs_x = 1, .ofs_y = -1},
    {.bitmap_index = 5257, .adv_w = 256, .box_w = 14, .box_h = 14, .ofs_x = 1, .ofs_y = -1},
    {.bitmap_index = 5282, .adv_w = 256, .box_w = 15, .box_h = 14, .ofs_x = 0, .ofs_y = -1},
    {.bitmap_index = 5309, .adv_w = 256, .box_w = 16, .box_h = 15, .ofs_x = 0, .ofs_y = -1},
    {.bitmap_index = 5339, .adv_w = 256, .box_w = 16, .box_h = 14, .ofs_x = 0, .ofs_y = -1},
    {.bitmap_index = 5367, .adv_w = 256, .box_w = 15, .box_h = 14, .ofs_x = 1, .ofs_y = -1},
    {.bitmap_index = 5394, .adv_w = 256, .box_w = 15, .box_h = 14, .ofs_x = 1, .ofs_y = -1},
    {.bitmap_index = 5421, .adv_w = 256, .box_w = 15, .box_h = 14, .ofs_x = 0, .ofs_y = -1},
    {.bitmap_index = 5448, .adv_w = 256, .box_w = 15, .box_h = 15, .ofs_x = 1, .ofs_y = -1},
    {.bitmap_index = 5477, .adv_w = 256, .box_w = 14, .box_h = 14, .ofs_x = 1, .ofs_y = -1},
    {.bitmap_index = 5502, .adv_w = 256, .box_w = 14, .box_h = 14, .ofs_x = 2, .ofs_y = -1},
    {.bitmap_index = 5527, .adv_w = 256, .box_w = 14, .box_h = 14, .ofs_x = 1, .ofs_y = -1},
    {.bitmap_index = 5552, .adv_w = 256, .box_w = 13, .box_h = 14, .ofs_x = 2, .ofs_y = -1},
    {.bitmap_index = 5575, .adv_w = 256, .box_w = 14, .box_h = 14, .ofs_x = 1, .ofs_y = -1},
    {.bitmap_index = 5600, .adv_w = 256, .box_w = 15, .box_h = 14, .ofs_x = 1, .ofs_y = -1},
    {.bitmap_index = 5627, .adv_w = 256, .box_w = 15, .box_h = 16, .ofs_x = 0, .ofs_y = -2},
    {.bitmap_index = 5657, .adv_w = 256, .box_w = 15, .box_h = 15, .ofs_x = 0, .ofs_y = -2},
    {.bitmap_index = 5686, .adv_w = 256, .box_w = 16, .box_h = 14, .ofs_x = 1, .ofs_y = -1},
    {.bitmap_index = 5714, .adv_w = 256, .box_w = 16, .box_h = 14, .ofs_x = 0, .ofs_y = -1},
    {.bitmap_index = 5742, .adv_w = 256, .box_w = 14, .box_h = 15, .ofs_x = 1, .ofs_y = -1},
    {.bitmap_index = 5769, .adv_w = 256, .box_w = 12, .box_h = 13, .ofs_x = 1, .ofs_y = -1},
    {.bitmap_index = 5789, .adv_w = 256, .box_w = 14, .box_h = 14, .ofs_x = 1, .ofs_y = -1},
    {.bitmap_index = 5814, .adv_w = 256, .box_w = 14, .box_h = 15, .ofs_x = 1, .ofs_y = -1},
    {.bitmap_index = 5841, .adv_w = 256, .box_w = 13, .box_h = 14, .ofs_x = 1, .ofs_y = -1},
    {.bitmap_index = 5864, .adv_w = 256, .box_w = 15, .box_h = 14, .ofs_x = 0, .ofs_y = -1},
    {.bitmap_index = 5891, .adv_w = 256, .box_w = 14, .box_h = 14, .ofs_x = 0, .ofs_y = -1},
    {.bitmap_index = 5916, .adv_w = 256, .box_w = 15, .box_h = 15, .ofs_x = 1, .ofs_y = -1},
    {.bitmap_index = 5945, .adv_w = 256, .box_w = 15, .box_h = 14, .ofs_x = 1, .ofs_y = -1},
    {.bitmap_index = 5972, .adv_w = 256, .box_w = 13, .box_h = 14, .ofs_x = 1, .ofs_y = -1},
    {.bitmap_index = 5995, .adv_w = 256, .box_w = 13, .box_h = 15, .ofs_x = 1, .ofs_y = -1},
    {.bitmap_index = 6020, .adv_w = 256, .box_w = 15, .box_h = 15, .ofs_x = 1, .ofs_y = -2},
    {.bitmap_index = 6049, .adv_w = 256, .box_w = 14, .box_h = 14, .ofs_x = 1, .ofs_y = -1},
    {.bitmap_index = 6074, .adv_w = 256, .box_w = 15, .box_h = 14, .ofs_x = 0, .ofs_y = -1},
    {.bitmap_index = 6101, .adv_w = 256, .box_w = 14, .box_h = 14, .ofs_x = 1, .ofs_y = -1},
    {.bitmap_index = 6126, .adv_w = 256, .box_w = 15, .box_h = 15, .ofs_x = 0, .ofs_y = -1},
    {.bitmap_index = 6155, .adv_w = 256, .box_w = 15, .box_h = 15, .ofs_x = 1, .ofs_y = -1},
    {.bitmap_index = 6184, .adv_w = 256, .box_w = 14, .box_h = 14, .ofs_x = 1, .ofs_y = -1},
    {.bitmap_index = 6209, .adv_w = 256, .box_w = 14, .box_h = 14, .ofs_x = 1, .ofs_y = -1},
    {.bitmap_index = 6234, .adv_w = 256, .box_w = 14, .box_h = 14, .ofs_x = 0, .ofs_y = -1},
    {.bitmap_index = 6259, .adv_w = 256, .box_w = 14, .box_h = 14, .ofs_x = 1, .ofs_y = -1},
    {.bitmap_index = 6284, .adv_w = 256, .box_w = 14, .box_h = 14, .ofs_x = 1, .ofs_y = -1},
    {.bitmap_index = 6309, .adv_w = 256, .box_w = 15, .box_h = 14, .ofs_x = 1, .ofs_y = -1},
    {.bitmap_index = 6336, .adv_w = 256, .box_w = 14, .box_h = 14, .ofs_x = 1, .ofs_y = -1},
    {.bitmap_index = 6361, .adv_w = 256, .box_w = 14, .box_h = 14, .ofs_x = 1, .ofs_y = -1},
    {.bitmap_index = 6386, .adv_w = 256, .box_w = 14, .box_h = 14, .ofs_x = 1, .ofs_y = -1},
    {.bitmap_index = 6411, .adv_w = 256, .box_w = 14, .box_h = 14, .ofs_x = 1, .ofs_y = -1},
    {.bitmap_index = 6436, .adv_w = 256, .box_w = 15, .box_h = 14, .ofs_x = 1, .ofs_y = -1},
    {.bitmap_index = 6463, .adv_w = 256, .box_w = 15, .box_h = 13, .ofs_x = 0, .ofs_y = 0},
    {.bitmap_index = 6488, .adv_w = 256, .box_w = 14, .box_h = 14, .ofs_x = 1, .ofs_y = -1},
    {.bitmap_index = 6513, .adv_w = 256, .box_w = 15, .box_h = 14, .ofs_x = 1, .ofs_y = -1},
    {.bitmap_index = 6540, .adv_w = 256, .box_w = 15, .box_h = 14, .ofs_x = 1, .ofs_y = -1},
    {.bitmap_index = 6567, .adv_w = 256, .box_w = 14, .box_h = 13, .ofs_x = 1, .ofs_y = 0},
    {.bitmap_index = 6590, .adv_w = 256, .box_w = 15, .box_h = 14, .ofs_x = 1, .ofs_y = -1},
    {.bitmap_index = 6617, .adv_w = 256, .box_w = 15, .box_h = 14, .ofs_x = 1, .ofs_y = -1},
    {.bitmap_index = 6644, .adv_w = 256, .box_w = 14, .box_h = 14, .ofs_x = 1, .ofs_y = -1},
    {.bitmap_index = 6669, .adv_w = 256, .box_w = 14, .box_h = 13, .ofs_x = 1, .ofs_y = 0},
    {.bitmap_index = 6692, .adv_w = 256, .box_w = 15, .box_h = 14, .ofs_x = 1, .ofs_y = -1},
    {.bitmap_index = 6719, .adv_w = 256, .box_w = 16, .box_h = 14, .ofs_x = 0, .ofs_y = -1},
    {.bitmap_index = 6747, .adv_w = 256, .box_w = 16, .box_h = 14, .ofs_x = 0, .ofs_y = -1},
    {.bitmap_index = 6775, .adv_w = 256, .box_w = 14, .box_h = 15, .ofs_x = 1, .ofs_y = -2},
    {.bitmap_index = 6802, .adv_w = 256, .box_w = 15, .box_h = 14, .ofs_x = 0, .ofs_y = -1},
    {.bitmap_index = 6829, .adv_w = 256, .box_w = 14, .box_h = 14, .ofs_x = 1, .ofs_y = -1},
    {.bitmap_index = 6854, .adv_w = 256, .box_w = 15, .box_h = 13, .ofs_x = 0, .ofs_y = -1},
    {.bitmap_index = 6879, .adv_w = 256, .box_w = 14, .box_h = 14, .ofs_x = 1, .ofs_y = -1},
    {.bitmap_index = 6904, .adv_w = 256, .box_w = 14, .box_h = 15, .ofs_x = 1, .ofs_y = -1},
    {.bitmap_index = 6931, .adv_w = 256, .box_w = 14, .box_h = 14, .ofs_x = 1, .ofs_y = -1},
    {.bitmap_index = 6956, .adv_w = 256, .box_w = 15, .box_h = 13, .ofs_x = 1, .ofs_y = -1},
    {.bitmap_index = 6981, .adv_w = 256, .box_w = 13, .box_h = 14, .ofs_x = 1, .ofs_y = -1},
    {.bitmap_index = 7004, .adv_w = 256, .box_w = 15, .box_h = 14, .ofs_x = 0, .ofs_y = -1},
    {.bitmap_index = 7031, .adv_w = 256, .box_w = 15, .box_h = 15, .ofs_x = 1, .ofs_y = -1},
    {.bitmap_index = 7060, .adv_w = 256, .box_w = 14, .box_h = 15, .ofs_x = 1, .ofs_y = -1},
    {.bitmap_index = 7087, .adv_w = 256, .box_w = 13, .box_h = 14, .ofs_x = 1, .ofs_y = -1},
    {.bitmap_index = 7110, .adv_w = 256, .box_w = 14, .box_h = 14, .ofs_x = 0, .ofs_y = -1},
    {.bitmap_index = 7135, .adv_w = 256, .box_w = 14, .box_h = 14, .ofs_x = 1, .ofs_y = -1},
    {.bitmap_index = 7160, .adv_w = 256, .box_w = 14, .box_h = 14, .ofs_x = 1, .ofs_y = -1},
    {.bitmap_index = 7185, .adv_w = 256, .box_w = 13, .box_h = 14, .ofs_x = 1, .ofs_y = -1},
    {.bitmap_index = 7208, .adv_w = 256, .box_w = 14, .box_h = 14, .ofs_x = 1, .ofs_y = -1},
    {.bitmap_index = 7233, .adv_w = 256, .box_w = 14, .box_h = 14, .ofs_x = 1, .ofs_y = -1},
    {.bitmap_index = 7258, .adv_w = 256, .box_w = 14, .box_h = 14, .ofs_x = 1, .ofs_y = -1},
    {.bitmap_index = 7283, .adv_w = 256, .box_w = 14, .box_h = 14, .ofs_x = 1, .ofs_y = -1},
    {.bitmap_index = 7308, .adv_w = 256, .box_w = 13, .box_h = 14, .ofs_x = 1, .ofs_y = -1},
    {.bitmap_index = 7331, .adv_w = 256, .box_w = 15, .box_h = 14, .ofs_x = 0, .ofs_y = -1},
    {.bitmap_index = 7358, .adv_w = 256, .box_w = 14, .box_h = 14, .ofs_x = 0, .ofs_y = -1},
    {.bitmap_index = 7383, .adv_w = 256, .box_w = 16, .box_h = 14, .ofs_x = 0, .ofs_y = -1},
    {.bitmap_index = 7411, .adv_w = 256, .box_w = 15, .box_h = 14, .ofs_x = 0, .ofs_y = -1},
    {.bitmap_index = 7438, .adv_w = 256, .box_w = 15, .box_h = 14, .ofs_x = 1, .ofs_y = -1},
    {.bitmap_index = 7465, .adv_w = 256, .box_w = 15, .box_h = 14, .ofs_x = 0, .ofs_y = -1},
    {.bitmap_index = 7492, .adv_w = 256, .box_w = 16, .box_h = 14, .ofs_x = 0, .ofs_y = -1},
    {.bitmap_index = 7520, .adv_w = 256, .box_w = 15, .box_h = 15, .ofs_x = 0, .ofs_y = -2},
    {.bitmap_index = 7549, .adv_w = 256, .box_w = 13, .box_h = 14, .ofs_x = 1, .ofs_y = -1},
    {.bitmap_index = 7572, .adv_w = 256, .box_w = 14, .box_h = 14, .ofs_x = 1, .ofs_y = -1},
    {.bitmap_index = 7597, .adv_w = 256, .box_w = 14, .box_h = 14, .ofs_x = 1, .ofs_y = -1},
    {.bitmap_index = 7622, .adv_w = 256, .box_w = 14, .box_h = 14, .ofs_x = 1, .ofs_y = -1},
    {.bitmap_index = 7647, .adv_w = 256, .box_w = 14, .box_h = 13, .ofs_x = 1, .ofs_y = -1},
    {.bitmap_index = 7670, .adv_w = 256, .box_w = 15, .box_h = 14, .ofs_x = 0, .ofs_y = -1},
    {.bitmap_index = 7697, .adv_w = 256, .box_w = 15, .box_h = 15, .ofs_x = 0, .ofs_y = -1},
    {.bitmap_index = 7726, .adv_w = 256, .box_w = 15, .box_h = 14, .ofs_x = 1, .ofs_y = -1},
    {.bitmap_index = 7753, .adv_w = 256, .box_w = 14, .box_h = 14, .ofs_x = 1, .ofs_y = -1},
    {.bitmap_index = 7778, .adv_w = 256, .box_w = 15, .box_h = 14, .ofs_x = 0, .ofs_y = -1},
    {.bitmap_index = 7805, .adv_w = 256, .box_w = 14, .box_h = 14, .ofs_x = 1, .ofs_y = -1},
    {.bitmap_index = 7830, .adv_w = 256, .box_w = 15, .box_h = 15, .ofs_x = 1, .ofs_y = -1},
    {.bitmap_index = 7859, .adv_w = 256, .box_w = 15, .box_h = 14, .ofs_x = 0, .ofs_y = -1},
    {.bitmap_index = 7886, .adv_w = 256, .box_w = 15, .box_h = 14, .ofs_x = 0, .ofs_y = -1},
    {.bitmap_index = 7913, .adv_w = 256, .box_w = 15, .box_h = 14, .ofs_x = 0, .ofs_y = -1},
    {.bitmap_index = 7940, .adv_w = 256, .box_w = 15, .box_h = 14, .ofs_x = 0, .ofs_y = -1},
    {.bitmap_index = 7967, .adv_w = 256, .box_w = 15, .box_h = 14, .ofs_x = 0, .ofs_y = -1},
    {.bitmap_index = 7994, .adv_w = 256, .box_w = 12, .box_h = 14, .ofs_x = 2, .ofs_y = -1},
    {.bitmap_index = 8015, .adv_w = 256, .box_w = 13, .box_h = 14, .ofs_x = 1, .ofs_y = -1},
    {.bitmap_index = 8038, .adv_w = 256, .box_w = 14, .box_h = 15, .ofs_x = 1, .ofs_y = -1},
    {.bitmap_index = 8065, .adv_w = 256, .box_w = 13, .box_h = 14, .ofs_x = 1, .ofs_y = -1},
    {.bitmap_index = 8088, .adv_w = 256, .box_w = 15, .box_h = 15, .ofs_x = 0, .ofs_y = -1},
    {.bitmap_index = 8117, .adv_w = 256, .box_w = 12, .box_h = 14, .ofs_x = 2, .ofs_y = -1},
    {.bitmap_index = 8138, .adv_w = 256, .box_w = 15, .box_h = 15, .ofs_x = 1, .ofs_y = -1},
    {.bitmap_index = 8167, .adv_w = 256, .box_w = 16, .box_h = 15, .ofs_x = 0, .ofs_y = -1},
    {.bitmap_index = 8197, .adv_w = 256, .box_w = 14, .box_h = 14, .ofs_x = 1, .ofs_y = -1},
    {.bitmap_index = 8222, .adv_w = 256, .box_w = 15, .box_h = 14, .ofs_x = 1, .ofs_y = -1},
    {.bitmap_index = 8249, .adv_w = 256, .box_w = 14, .box_h = 15, .ofs_x = 1, .ofs_y = -1},
    {.bitmap_index = 8276, .adv_w = 256, .box_w = 14, .box_h = 14, .ofs_x = 1, .ofs_y = -1},
    {.bitmap_index = 8301, .adv_w = 256, .box_w = 15, .box_h = 14, .ofs_x = 0, .ofs_y = -1},
    {.bitmap_index = 8328, .adv_w = 256, .box_w = 14, .box_h = 14, .ofs_x = 1, .ofs_y = -1},
    {.bitmap_index = 8353, .adv_w = 256, .box_w = 15, .box_h = 14, .ofs_x = 1, .ofs_y = -1},
    {.bitmap_index = 8380, .adv_w = 256, .box_w = 13, .box_h = 15, .ofs_x = 1, .ofs_y = -1},
    {.bitmap_index = 8405, .adv_w = 256, .box_w = 14, .box_h = 14, .ofs_x = 1, .ofs_y = -1},
    {.bitmap_index = 8430, .adv_w = 256, .box_w = 15, .box_h = 14, .ofs_x = 0, .ofs_y = -1},
    {.bitmap_index = 8457, .adv_w = 256, .box_w = 15, .box_h = 14, .ofs_x = 0, .ofs_y = -1},
    {.bitmap_index = 8484, .adv_w = 256, .box_w = 15, .box_h = 14, .ofs_x = 1, .ofs_y = -1},
    {.bitmap_index = 8511, .adv_w = 256, .box_w = 14, .box_h = 14, .ofs_x = 1, .ofs_y = -1},
    {.bitmap_index = 8536, .adv_w = 256, .box_w = 16, .box_h = 14, .ofs_x = 0, .ofs_y = -1},
    {.bitmap_index = 8564, .adv_w = 256, .box_w = 15, .box_h = 14, .ofs_x = 0, .ofs_y = -1},
    {.bitmap_index = 8591, .adv_w = 256, .box_w = 14, .box_h = 14, .ofs_x = 1, .ofs_y = -1},
    {.bitmap_index = 8616, .adv_w = 256, .box_w = 14, .box_h = 14, .ofs_x = 1, .ofs_y = -1},
    {.bitmap_index = 8641, .adv_w = 256, .box_w = 14, .box_h = 14, .ofs_x = 1, .ofs_y = -1},
    {.bitmap_index = 8666, .adv_w = 256, .box_w = 14, .box_h = 14, .ofs_x = 1, .ofs_y = -1},
    {.bitmap_index = 8691, .adv_w = 256, .box_w = 15, .box_h = 14, .ofs_x = 1, .ofs_y = -1},
    {.bitmap_index = 8718, .adv_w = 256, .box_w = 15, .box_h = 14, .ofs_x = 1, .ofs_y = -1},
    {.bitmap_index = 8745, .adv_w = 256, .box_w = 14, .box_h = 14, .ofs_x = 1, .ofs_y = -1},
    {.bitmap_index = 8770, .adv_w = 256, .box_w = 15, .box_h = 14, .ofs_x = 1, .ofs_y = -1},
    {.bitmap_index = 8797, .adv_w = 256, .box_w = 14, .box_h = 14, .ofs_x = 1, .ofs_y = -1},
    {.bitmap_index = 8822, .adv_w = 256, .box_w = 15, .box_h = 14, .ofs_x = 0, .ofs_y = -1},
    {.bitmap_index = 8849, .adv_w = 256, .box_w = 15, .box_h = 14, .ofs_x = 1, .ofs_y = -1},
    {.bitmap_index = 8876, .adv_w = 256, .box_w = 14, .box_h = 14, .ofs_x = 1, .ofs_y = -1},
    {.bitmap_index = 8901, .adv_w = 256, .box_w = 15, .box_h = 14, .ofs_x = 1, .ofs_y = -1},
    {.bitmap_index = 8928, .adv_w = 256, .box_w = 15, .box_h = 14, .ofs_x = 0, .ofs_y = -1},
    {.bitmap_index = 8955, .adv_w = 256, .box_w = 15, .box_h = 14, .ofs_x = 0, .ofs_y = -1},
    {.bitmap_index = 8982, .adv_w = 256, .box_w = 14, .box_h = 14, .ofs_x = 1, .ofs_y = -1},
    {.bitmap_index = 9007, .adv_w = 256, .box_w = 15, .box_h = 14, .ofs_x = 1, .ofs_y = -1},
    {.bitmap_index = 9034, .adv_w = 256, .box_w = 16, .box_h = 14, .ofs_x = 0, .ofs_y = -1},
    {.bitmap_index = 9062, .adv_w = 256, .box_w = 15, .box_h = 14, .ofs_x = 0, .ofs_y = -1},
    {.bitmap_index = 9089, .adv_w = 256, .box_w = 15, .box_h = 14, .ofs_x = 1, .ofs_y = -1},
    {.bitmap_index = 9116, .adv_w = 256, .box_w = 15, .box_h = 15, .ofs_x = 0, .ofs_y = -1},
    {.bitmap_index = 9145, .adv_w = 256, .box_w = 15, .box_h = 14, .ofs_x = 0, .ofs_y = -1},
    {.bitmap_index = 9172, .adv_w = 256, .box_w = 14, .box_h = 14, .ofs_x = 1, .ofs_y = -1},
    {.bitmap_index = 9197, .adv_w = 256, .box_w = 16, .box_h = 14, .ofs_x = 0, .ofs_y = -1},
    {.bitmap_index = 9225, .adv_w = 256, .box_w = 16, .box_h = 14, .ofs_x = 0, .ofs_y = -1},
    {.bitmap_index = 9253, .adv_w = 256, .box_w = 16, .box_h = 14, .ofs_x = 0, .ofs_y = -1},
    {.bitmap_index = 9281, .adv_w = 256, .box_w = 11, .box_h = 13, .ofs_x = 2, .ofs_y = -1},
    {.bitmap_index = 9299, .adv_w = 256, .box_w = 15, .box_h = 14, .ofs_x = 1, .ofs_y = -1},
    {.bitmap_index = 9326, .adv_w = 256, .box_w = 15, .box_h = 14, .ofs_x = 1, .ofs_y = -1},
    {.bitmap_index = 9353, .adv_w = 256, .box_w = 14, .box_h = 14, .ofs_x = 1, .ofs_y = -1},
    {.bitmap_index = 9378, .adv_w = 256, .box_w = 14, .box_h = 14, .ofs_x = 1, .ofs_y = -1},
    {.bitmap_index = 9403, .adv_w = 256, .box_w = 15, .box_h = 15, .ofs_x = 1, .ofs_y = -1},
    {.bitmap_index = 9432, .adv_w = 256, .box_w = 15, .box_h = 14, .ofs_x = 1, .ofs_y = -1},
    {.bitmap_index = 9459, .adv_w = 256, .box_w = 14, .box_h = 14, .ofs_x = 1, .ofs_y = -1},
    {.bitmap_index = 9484, .adv_w = 256, .box_w = 14, .box_h = 14, .ofs_x = 1, .ofs_y = -1},
    {.bitmap_index = 9509, .adv_w = 256, .box_w = 15, .box_h = 14, .ofs_x = 1, .ofs_y = -1},
    {.bitmap_index = 9536, .adv_w = 256, .box_w = 15, .box_h = 14, .ofs_x = 1, .ofs_y = -1},
    {.bitmap_index = 9563, .adv_w = 256, .box_w = 14, .box_h = 14, .ofs_x = 1, .ofs_y = -1},
    {.bitmap_index = 9588, .adv_w = 256, .box_w = 14, .box_h = 14, .ofs_x = 1, .ofs_y = -1},
    {.bitmap_index = 9613, .adv_w = 256, .box_w = 14, .box_h = 14, .ofs_x = 0, .ofs_y = -1},
    {.bitmap_index = 9638, .adv_w = 256, .box_w = 14, .box_h = 14, .ofs_x = 1, .ofs_y = -1},
    {.bitmap_index = 9663, .adv_w = 256, .box_w = 15, .box_h = 14, .ofs_x = 0, .ofs_y = -1},
    {.bitmap_index = 9690, .adv_w = 256, .box_w = 14, .box_h = 14, .ofs_x = 1, .ofs_y = -1},
    {.bitmap_index = 9715, .adv_w = 256, .box_w = 15, .box_h = 14, .ofs_x = 1, .ofs_y = -1},
    {.bitmap_index = 9742, .adv_w = 256, .box_w = 15, .box_h = 14, .ofs_x = 1, .ofs_y = -1},
    {.bitmap_index = 9769, .adv_w = 256, .box_w = 15, .box_h = 14, .ofs_x = 1, .ofs_y = -1},
    {.bitmap_index = 9796, .adv_w = 256, .box_w = 15, .box_h = 14, .ofs_x = 1, .ofs_y = -1},
    {.bitmap_index = 9823, .adv_w = 256, .box_w = 15, .box_h = 14, .ofs_x = 1, .ofs_y = -1},
    {.bitmap_index = 9850, .adv_w = 256, .box_w = 15, .box_h = 14, .ofs_x = 1, .ofs_y = -1},
    {.bitmap_index = 9877, .adv_w = 256, .box_w = 15, .box_h = 14, .ofs_x = 0, .ofs_y = -1},
    {.bitmap_index = 9904, .adv_w = 256, .box_w = 15, .box_h = 14, .ofs_x = 0, .ofs_y = -1},
    {.bitmap_index = 9931, .adv_w = 256, .box_w = 15, .box_h = 14, .ofs_x = 1, .ofs_y = -1},
    {.bitmap_index = 9958, .adv_w = 256, .box_w = 14, .box_h = 14, .ofs_x = 1, .ofs_y = -1},
    {.bitmap_index = 9983, .adv_w = 256, .box_w = 15, .box_h = 14, .ofs_x = 1, .ofs_y = -1},
    {.bitmap_index = 10010, .adv_w = 256, .box_w = 15, .box_h = 14, .ofs_x = 0, .ofs_y = -1},
    {.bitmap_index = 10037, .adv_w = 256, .box_w = 14, .box_h = 14, .ofs_x = 1, .ofs_y = -1},
    {.bitmap_index = 10062, .adv_w = 256, .box_w = 15, .box_h = 15, .ofs_x = 0, .ofs_y = -1},
    {.bitmap_index = 10091, .adv_w = 256, .box_w = 15, .box_h = 14, .ofs_x = 0, .ofs_y = -1},
    {.bitmap_index = 10118, .adv_w = 256, .box_w = 15, .box_h = 14, .ofs_x = 1, .ofs_y = -1},
    {.bitmap_index = 10145, .adv_w = 256, .box_w = 15, .box_h = 14, .ofs_x = 1, .ofs_y = -1},
    {.bitmap_index = 10172, .adv_w = 256, .box_w = 15, .box_h = 16, .ofs_x = 0, .ofs_y = -2},
    {.bitmap_index = 10202, .adv_w = 256, .box_w = 15, .box_h = 16, .ofs_x = 0, .ofs_y = -2},
    {.bitmap_index = 10232, .adv_w = 256, .box_w = 15, .box_h = 15, .ofs_x = 1, .ofs_y = -1},
    {.bitmap_index = 10261, .adv_w = 256, .box_w = 14, .box_h = 14, .ofs_x = 1, .ofs_y = -1},
    {.bitmap_index = 10286, .adv_w = 256, .box_w = 14, .box_h = 13, .ofs_x = 1, .ofs_y = -1},
    {.bitmap_index = 10309, .adv_w = 256, .box_w = 14, .box_h = 15, .ofs_x = 1, .ofs_y = -2},
    {.bitmap_index = 10336, .adv_w = 256, .box_w = 15, .box_h = 14, .ofs_x = 1, .ofs_y = -1},
    {.bitmap_index = 10363, .adv_w = 256, .box_w = 15, .box_h = 15, .ofs_x = 1, .ofs_y = -1},
    {.bitmap_index = 10392, .adv_w = 256, .box_w = 14, .box_h = 14, .ofs_x = 1, .ofs_y = -1},
    {.bitmap_index = 10417, .adv_w = 256, .box_w = 15, .box_h = 15, .ofs_x = 1, .ofs_y = -1},
    {.bitmap_index = 10446, .adv_w = 256, .box_w = 15, .box_h = 14, .ofs_x = 1, .ofs_y = -1},
    {.bitmap_index = 10473, .adv_w = 256, .box_w = 14, .box_h = 15, .ofs_x = 1, .ofs_y = -1},
    {.bitmap_index = 10500, .adv_w = 256, .box_w = 16, .box_h = 14, .ofs_x = 0, .ofs_y = -1},
    {.bitmap_index = 10528, .adv_w = 256, .box_w = 15, .box_h = 14, .ofs_x = 0, .ofs_y = -1},
    {.bitmap_index = 10555, .adv_w = 256, .box_w = 15, .box_h = 14, .ofs_x = 0, .ofs_y = -1},
    {.bitmap_index = 10582, .adv_w = 256, .box_w = 14, .box_h = 15, .ofs_x = 1, .ofs_y = -2},
    {.bitmap_index = 10609, .adv_w = 256, .box_w = 15, .box_h = 15, .ofs_x = 1, .ofs_y = -1},
    {.bitmap_index = 10638, .adv_w = 256, .box_w = 15, .box_h = 14, .ofs_x = 1, .ofs_y = -1},
    {.bitmap_index = 10665, .adv_w = 256, .box_w = 16, .box_h = 14, .ofs_x = 0, .ofs_y = -1},
    {.bitmap_index = 10693, .adv_w = 256, .box_w = 15, .box_h = 14, .ofs_x = 0, .ofs_y = -1},
    {.bitmap_index = 10720, .adv_w = 256, .box_w = 15, .box_h = 14, .ofs_x = 1, .ofs_y = -1},
    {.bitmap_index = 10747, .adv_w = 256, .box_w = 14, .box_h = 15, .ofs_x = 1, .ofs_y = -1},
    {.bitmap_index = 10774, .adv_w = 256, .box_w = 15, .box_h = 14, .ofs_x = 1, .ofs_y = -1},
    {.bitmap_index = 10801, .adv_w = 256, .box_w = 14, .box_h = 14, .ofs_x = 1, .ofs_y = -1},
    {.bitmap_index = 10826, .adv_w = 256, .box_w = 15, .box_h = 14, .ofs_x = 0, .ofs_y = -1},
    {.bitmap_index = 10853, .adv_w = 256, .box_w = 15, .box_h = 14, .ofs_x = 1, .ofs_y = -1},
    {.bitmap_index = 10880, .adv_w = 256, .box_w = 14, .box_h = 15, .ofs_x = 1, .ofs_y = -1},
    {.bitmap_index = 10907, .adv_w = 256, .box_w = 15, .box_h = 14, .ofs_x = 1, .ofs_y = -1},
    {.bitmap_index = 10934, .adv_w = 256, .box_w = 15, .box_h = 14, .ofs_x = 1, .ofs_y = -1},
    {.bitmap_index = 10961, .adv_w = 256, .box_w = 14, .box_h = 15, .ofs_x = 1, .ofs_y = -1},
    {.bitmap_index = 10988, .adv_w = 256, .box_w = 15, .box_h = 14, .ofs_x = 0, .ofs_y = -1},
    {.bitmap_index = 11015, .adv_w = 256, .box_w = 15, .box_h = 15, .ofs_x = 1, .ofs_y = -2},
    {.bitmap_index = 11044, .adv_w = 256, .box_w = 14, .box_h = 14, .ofs_x = 0, .ofs_y = -1},
    {.bitmap_index = 11069, .adv_w = 256, .box_w = 15, .box_h = 14, .ofs_x = 0, .ofs_y = -1},
    {.bitmap_index = 11096, .adv_w = 256, .box_w = 15, .box_h = 15, .ofs_x = 0, .ofs_y = -2},
    {.bitmap_index = 11125, .adv_w = 256, .box_w = 15, .box_h = 14, .ofs_x = 1, .ofs_y = -1},
    {.bitmap_index = 11152, .adv_w = 256, .box_w = 16, .box_h = 14, .ofs_x = 0, .ofs_y = -1},
    {.bitmap_index = 11180, .adv_w = 256, .box_w = 15, .box_h = 14, .ofs_x = 0, .ofs_y = -1},
    {.bitmap_index = 11207, .adv_w = 256, .box_w = 14, .box_h = 14, .ofs_x = 1, .ofs_y = -1},
    {.bitmap_index = 11232, .adv_w = 256, .box_w = 15, .box_h = 15, .ofs_x = 1, .ofs_y = -2},
    {.bitmap_index = 11261, .adv_w = 256, .box_w = 16, .box_h = 14, .ofs_x = 0, .ofs_y = -1},
    {.bitmap_index = 11289, .adv_w = 256, .box_w = 14, .box_h = 14, .ofs_x = 1, .ofs_y = -1},
    {.bitmap_index = 11314, .adv_w = 256, .box_w = 14, .box_h = 14, .ofs_x = 1, .ofs_y = -1},
    {.bitmap_index = 11339, .adv_w = 256, .box_w = 14, .box_h = 14, .ofs_x = 1, .ofs_y = -1},
    {.bitmap_index = 11364, .adv_w = 256, .box_w = 14, .box_h = 14, .ofs_x = 1, .ofs_y = -1},
    {.bitmap_index = 11389, .adv_w = 256, .box_w = 15, .box_h = 12, .ofs_x = 0, .ofs_y = 0},
    {.bitmap_index = 11412, .adv_w = 256, .box_w = 15, .box_h = 14, .ofs_x = 1, .ofs_y = -1},
    {.bitmap_index = 11439, .adv_w = 256, .box_w = 15, .box_h = 14, .ofs_x = 0, .ofs_y = -1},
    {.bitmap_index = 11466, .adv_w = 256, .box_w = 15, .box_h = 13, .ofs_x = 0, .ofs_y = -1},
    {.bitmap_index = 11491, .adv_w = 256, .box_w = 14, .box_h = 14, .ofs_x = 1, .ofs_y = -1},
    {.bitmap_index = 11516, .adv_w = 256, .box_w = 15, .box_h = 14, .ofs_x = 1, .ofs_y = -1},
    {.bitmap_index = 11543, .adv_w = 256, .box_w = 15, .box_h = 14, .ofs_x = 1, .ofs_y = -1},
    {.bitmap_index = 11570, .adv_w = 256, .box_w = 15, .box_h = 14, .ofs_x = 0, .ofs_y = -1},
    {.bitmap_index = 11597, .adv_w = 256, .box_w = 14, .box_h = 14, .ofs_x = 1, .ofs_y = -1},
    {.bitmap_index = 11622, .adv_w = 256, .box_w = 13, .box_h = 15, .ofs_x = 2, .ofs_y = -1},
    {.bitmap_index = 11647, .adv_w = 256, .box_w = 15, .box_h = 14, .ofs_x = 1, .ofs_y = -1},
    {.bitmap_index = 11674, .adv_w = 256, .box_w = 12, .box_h = 14, .ofs_x = 2, .ofs_y = -1},
    {.bitmap_index = 11695, .adv_w = 256, .box_w = 14, .box_h = 14, .ofs_x = 1, .ofs_y = -1},
    {.bitmap_index = 11720, .adv_w = 256, .box_w = 15, .box_h = 14, .ofs_x = 1, .ofs_y = -1},
    {.bitmap_index = 11747, .adv_w = 256, .box_w = 14, .box_h = 14, .ofs_x = 1, .ofs_y = -1},
    {.bitmap_index = 11772, .adv_w = 256, .box_w = 15, .box_h = 15, .ofs_x = 0, .ofs_y = -1},
    {.bitmap_index = 11801, .adv_w = 256, .box_w = 15, .box_h = 13, .ofs_x = 0, .ofs_y = -1},
    {.bitmap_index = 11826, .adv_w = 256, .box_w = 14, .box_h = 14, .ofs_x = 1, .ofs_y = -1},
    {.bitmap_index = 11851, .adv_w = 256, .box_w = 15, .box_h = 15, .ofs_x = 1, .ofs_y = -1},
    {.bitmap_index = 11880, .adv_w = 256, .box_w = 15, .box_h = 14, .ofs_x = 0, .ofs_y = -1},
    {.bitmap_index = 11907, .adv_w = 256, .box_w = 15, .box_h = 14, .ofs_x = 1, .ofs_y = -1},
    {.bitmap_index = 11934, .adv_w = 256, .box_w = 15, .box_h = 14, .ofs_x = 1, .ofs_y = -1},
    {.bitmap_index = 11961, .adv_w = 256, .box_w = 15, .box_h = 14, .ofs_x = 0, .ofs_y = -1},
    {.bitmap_index = 11988, .adv_w = 256, .box_w = 16, .box_h = 14, .ofs_x = 0, .ofs_y = -1},
    {.bitmap_index = 12016, .adv_w = 256, .box_w = 16, .box_h = 15, .ofs_x = 0, .ofs_y = -1},
    {.bitmap_index = 12046, .adv_w = 256, .box_w = 15, .box_h = 14, .ofs_x = 1, .ofs_y = -1},
    {.bitmap_index = 12073, .adv_w = 256, .box_w = 15, .box_h = 14, .ofs_x = 0, .ofs_y = -1},
    {.bitmap_index = 12100, .adv_w = 256, .box_w = 15, .box_h = 15, .ofs_x = 0, .ofs_y = -1},
    {.bitmap_index = 12129, .adv_w = 256, .box_w = 15, .box_h = 15, .ofs_x = 0, .ofs_y = -1},
    {.bitmap_index = 12158, .adv_w = 256, .box_w = 13, .box_h = 14, .ofs_x = 1, .ofs_y = -1},
    {.bitmap_index = 12181, .adv_w = 256, .box_w = 16, .box_h = 14, .ofs_x = 0, .ofs_y = -1},
    {.bitmap_index = 12209, .adv_w = 256, .box_w = 14, .box_h = 13, .ofs_x = 1, .ofs_y = 0},
    {.bitmap_index = 12232, .adv_w = 256, .box_w = 15, .box_h = 14, .ofs_x = 1, .ofs_y = -1},
    {.bitmap_index = 12259, .adv_w = 256, .box_w = 15, .box_h = 15, .ofs_x = 0, .ofs_y = -1},
    {.bitmap_index = 12288, .adv_w = 256, .box_w = 14, .box_h = 14, .ofs_x = 1, .ofs_y = -1},
    {.bitmap_index = 12313, .adv_w = 256, .box_w = 16, .box_h = 15, .ofs_x = 1, .ofs_y = -1},
    {.bitmap_index = 12343, .adv_w = 256, .box_w = 15, .box_h = 14, .ofs_x = 0, .ofs_y = -1},
    {.bitmap_index = 12370, .adv_w = 256, .box_w = 15, .box_h = 14, .ofs_x = 1, .ofs_y = -1},
    {.bitmap_index = 12397, .adv_w = 256, .box_w = 15, .box_h = 14, .ofs_x = 0, .ofs_y = -1},
    {.bitmap_index = 12424, .adv_w = 256, .box_w = 15, .box_h = 14, .ofs_x = 0, .ofs_y = -1},
    {.bitmap_index = 12451, .adv_w = 256, .box_w = 15, .box_h = 14, .ofs_x = 0, .ofs_y = -1},
    {.bitmap_index = 12478, .adv_w = 256, .box_w = 15, .box_h = 15, .ofs_x = 0, .ofs_y = -1},
    {.bitmap_index = 12507, .adv_w = 256, .box_w = 15, .box_h = 15, .ofs_x = 1, .ofs_y = -1},
    {.bitmap_index = 12536, .adv_w = 256, .box_w = 15, .box_h = 15, .ofs_x = 0, .ofs_y = -1},
    {.bitmap_index = 12565, .adv_w = 256, .box_w = 15, .box_h = 15, .ofs_x = 0, .ofs_y = -1},
    {.bitmap_index = 12594, .adv_w = 256, .box_w = 15, .box_h = 14, .ofs_x = 0, .ofs_y = -1},
    {.bitmap_index = 12621, .adv_w = 256, .box_w = 16, .box_h = 14, .ofs_x = 0, .ofs_y = -1},
    {.bitmap_index = 12649, .adv_w = 256, .box_w = 16, .box_h = 14, .ofs_x = 0, .ofs_y = -1},
    {.bitmap_index = 12677, .adv_w = 256, .box_w = 15, .box_h = 15, .ofs_x = 0, .ofs_y = -1},
    {.bitmap_index = 12706, .adv_w = 256, .box_w = 15, .box_h = 15, .ofs_x = 0, .ofs_y = -1},
    {.bitmap_index = 12735, .adv_w = 256, .box_w = 15, .box_h = 15, .ofs_x = 0, .ofs_y = -1},
    {.bitmap_index = 12764, .adv_w = 256, .box_w = 14, .box_h = 14, .ofs_x = 1, .ofs_y = -1},
    {.bitmap_index = 12789, .adv_w = 256, .box_w = 14, .box_h = 14, .ofs_x = 1, .ofs_y = -1},
    {.bitmap_index = 12814, .adv_w = 256, .box_w = 15, .box_h = 14, .ofs_x = 0, .ofs_y = -1},
    {.bitmap_index = 12841, .adv_w = 256, .box_w = 14, .box_h = 14, .ofs_x = 0, .ofs_y = -1},
    {.bitmap_index = 12866, .adv_w = 256, .box_w = 14, .box_h = 14, .ofs_x = 1, .ofs_y = -1},
    {.bitmap_index = 12891, .adv_w = 256, .box_w = 14, .box_h = 14, .ofs_x = 1, .ofs_y = -1},
    {.bitmap_index = 12916, .adv_w = 256, .box_w = 13, .box_h = 14, .ofs_x = 2, .ofs_y = -1},
    {.bitmap_index = 12939, .adv_w = 256, .box_w = 12, .box_h = 14, .ofs_x = 2, .ofs_y = -1},
    {.bitmap_index = 12960, .adv_w = 256, .box_w = 15, .box_h = 15, .ofs_x = 0, .ofs_y = -1},
    {.bitmap_index = 12989, .adv_w = 256, .box_w = 12, .box_h = 14, .ofs_x = 2, .ofs_y = -1},
    {.bitmap_index = 13010, .adv_w = 256, .box_w = 15, .box_h = 14, .ofs_x = 0, .ofs_y = -1},
    {.bitmap_index = 13037, .adv_w = 256, .box_w = 15, .box_h = 14, .ofs_x = 1, .ofs_y = -1},
    {.bitmap_index = 13064, .adv_w = 256, .box_w = 16, .box_h = 14, .ofs_x = 0, .ofs_y = -1},
    {.bitmap_index = 13092, .adv_w = 256, .box_w = 16, .box_h = 14, .ofs_x = 0, .ofs_y = -1},
    {.bitmap_index = 13120, .adv_w = 256, .box_w = 16, .box_h = 14, .ofs_x = 0, .ofs_y = -1},
    {.bitmap_index = 13148, .adv_w = 256, .box_w = 16, .box_h = 14, .ofs_x = 0, .ofs_y = -1},
    {.bitmap_index = 13176, .adv_w = 256, .box_w = 14, .box_h = 15, .ofs_x = 1, .ofs_y = -2},
    {.bitmap_index = 13203, .adv_w = 256, .box_w = 15, .box_h = 14, .ofs_x = 0, .ofs_y = -1},
    {.bitmap_index = 13230, .adv_w = 256, .box_w = 14, .box_h = 14, .ofs_x = 1, .ofs_y = -1},
    {.bitmap_index = 13255, .adv_w = 256, .box_w = 15, .box_h = 14, .ofs_x = 1, .ofs_y = -1},
    {.bitmap_index = 13282, .adv_w = 256, .box_w = 15, .box_h = 14, .ofs_x = 1, .ofs_y = -1},
    {.bitmap_index = 13309, .adv_w = 256, .box_w = 15, .box_h = 14, .ofs_x = 1, .ofs_y = -1},
    {.bitmap_index = 13336, .adv_w = 256, .box_w = 15, .box_h = 14, .ofs_x = 1, .ofs_y = -1},
    {.bitmap_index = 13363, .adv_w = 256, .box_w = 16, .box_h = 14, .ofs_x = 0, .ofs_y = -1},
    {.bitmap_index = 13391, .adv_w = 256, .box_w = 15, .box_h = 14, .ofs_x = 1, .ofs_y = -1},
    {.bitmap_index = 13418, .adv_w = 256, .box_w = 15, .box_h = 15, .ofs_x = 1, .ofs_y = -2},
    {.bitmap_index = 13447, .adv_w = 256, .box_w = 14, .box_h = 14, .ofs_x = 0, .ofs_y = -1},
    {.bitmap_index = 13472, .adv_w = 256, .box_w = 15, .box_h = 15, .ofs_x = 1, .ofs_y = -1},
    {.bitmap_index = 13501, .adv_w = 256, .box_w = 15, .box_h = 15, .ofs_x = 0, .ofs_y = -1},
    {.bitmap_index = 13530, .adv_w = 256, .box_w = 14, .box_h = 14, .ofs_x = 0, .ofs_y = -1},
    {.bitmap_index = 13555, .adv_w = 256, .box_w = 15, .box_h = 14, .ofs_x = 0, .ofs_y = -1},
    {.bitmap_index = 13582, .adv_w = 256, .box_w = 15, .box_h = 14, .ofs_x = 0, .ofs_y = -1},
    {.bitmap_index = 13609, .adv_w = 256, .box_w = 15, .box_h = 14, .ofs_x = 0, .ofs_y = -1},
    {.bitmap_index = 13636, .adv_w = 256, .box_w = 15, .box_h = 15, .ofs_x = 0, .ofs_y = -2},
    {.bitmap_index = 13665, .adv_w = 256, .box_w = 15, .box_h = 14, .ofs_x = 0, .ofs_y = -1},
    {.bitmap_index = 13692, .adv_w = 256, .box_w = 14, .box_h = 14, .ofs_x = 1, .ofs_y = -1},
    {.bitmap_index = 13717, .adv_w = 256, .box_w = 15, .box_h = 15, .ofs_x = 0, .ofs_y = -1},
    {.bitmap_index = 13746, .adv_w = 256, .box_w = 15, .box_h = 14, .ofs_x = 1, .ofs_y = -1},
    {.bitmap_index = 13773, .adv_w = 256, .box_w = 15, .box_h = 15, .ofs_x = 1, .ofs_y = -1},
    {.bitmap_index = 13802, .adv_w = 256, .box_w = 14, .box_h = 15, .ofs_x = 0, .ofs_y = -1},
    {.bitmap_index = 13829, .adv_w = 256, .box_w = 16, .box_h = 14, .ofs_x = 0, .ofs_y = -1},
    {.bitmap_index = 13857, .adv_w = 256, .box_w = 14, .box_h = 14, .ofs_x = 1, .ofs_y = -1},
    {.bitmap_index = 13882, .adv_w = 256, .box_w = 15, .box_h = 14, .ofs_x = 1, .ofs_y = -1},
    {.bitmap_index = 13909, .adv_w = 256, .box_w = 15, .box_h = 14, .ofs_x = 1, .ofs_y = -1},
    {.bitmap_index = 13936, .adv_w = 256, .box_w = 14, .box_h = 14, .ofs_x = 1, .ofs_y = -1},
    {.bitmap_index = 13961, .adv_w = 256, .box_w = 15, .box_h = 14, .ofs_x = 1, .ofs_y = -1},
    {.bitmap_index = 13988, .adv_w = 256, .box_w = 15, .box_h = 14, .ofs_x = 0, .ofs_y = -1},
    {.bitmap_index = 14015, .adv_w = 256, .box_w = 15, .box_h = 14, .ofs_x = 0, .ofs_y = -1},
    {.bitmap_index = 14042, .adv_w = 256, .box_w = 16, .box_h = 14, .ofs_x = 0, .ofs_y = -1},
    {.bitmap_index = 14070, .adv_w = 256, .box_w = 14, .box_h = 14, .ofs_x = 1, .ofs_y = -1},
    {.bitmap_index = 14095, .adv_w = 256, .box_w = 14, .box_h = 14, .ofs_x = 1, .ofs_y = -1},
    {.bitmap_index = 14120, .adv_w = 256, .box_w = 15, .box_h = 14, .ofs_x = 1, .ofs_y = -1},
    {.bitmap_index = 14147, .adv_w = 256, .box_w = 15, .box_h = 15, .ofs_x = 1, .ofs_y = -1},
    {.bitmap_index = 14176, .adv_w = 256, .box_w = 14, .box_h = 14, .ofs_x = 1, .ofs_y = -1},
    {.bitmap_index = 14201, .adv_w = 256, .box_w = 15, .box_h = 14, .ofs_x = 0, .ofs_y = -1},
    {.bitmap_index = 14228, .adv_w = 256, .box_w = 15, .box_h = 14, .ofs_x = 0, .ofs_y = -1},
    {.bitmap_index = 14255, .adv_w = 256, .box_w = 15, .box_h = 14, .ofs_x = 0, .ofs_y = -1},
    {.bitmap_index = 14282, .adv_w = 256, .box_w = 14, .box_h = 15, .ofs_x = 1, .ofs_y = -1},
    {.bitmap_index = 14309, .adv_w = 256, .box_w = 15, .box_h = 14, .ofs_x = 1, .ofs_y = -1},
    {.bitmap_index = 14336, .adv_w = 256, .box_w = 14, .box_h = 14, .ofs_x = 1, .ofs_y = -1},
    {.bitmap_index = 14361, .adv_w = 256, .box_w = 14, .box_h = 14, .ofs_x = 1, .ofs_y = -1},
    {.bitmap_index = 14386, .adv_w = 256, .box_w = 15, .box_h = 14, .ofs_x = 0, .ofs_y = -1},
    {.bitmap_index = 14413, .adv_w = 256, .box_w = 14, .box_h = 15, .ofs_x = 1, .ofs_y = -2},
    {.bitmap_index = 14440, .adv_w = 256, .box_w = 14, .box_h = 15, .ofs_x = 1, .ofs_y = -2},
    {.bitmap_index = 14467, .adv_w = 256, .box_w = 14, .box_h = 15, .ofs_x = 1, .ofs_y = -2},
    {.bitmap_index = 14494, .adv_w = 256, .box_w = 13, .box_h = 14, .ofs_x = 1, .ofs_y = -1},
    {.bitmap_index = 14517, .adv_w = 256, .box_w = 14, .box_h = 16, .ofs_x = 0, .ofs_y = -2},
    {.bitmap_index = 14545, .adv_w = 256, .box_w = 14, .box_h = 15, .ofs_x = 0, .ofs_y = -1},
    {.bitmap_index = 14572, .adv_w = 256, .box_w = 15, .box_h = 14, .ofs_x = 1, .ofs_y = -1},
    {.bitmap_index = 14599, .adv_w = 256, .box_w = 15, .box_h = 14, .ofs_x = 0, .ofs_y = -1},
    {.bitmap_index = 14626, .adv_w = 256, .box_w = 15, .box_h = 14, .ofs_x = 1, .ofs_y = -1},
    {.bitmap_index = 14653, .adv_w = 256, .box_w = 15, .box_h = 14, .ofs_x = 0, .ofs_y = -1},
    {.bitmap_index = 14680, .adv_w = 256, .box_w = 14, .box_h = 15, .ofs_x = 1, .ofs_y = -1},
    {.bitmap_index = 14707, .adv_w = 256, .box_w = 15, .box_h = 14, .ofs_x = 1, .ofs_y = -1},
    {.bitmap_index = 14734, .adv_w = 256, .box_w = 13, .box_h = 14, .ofs_x = 1, .ofs_y = -1},
    {.bitmap_index = 14757, .adv_w = 256, .box_w = 15, .box_h = 14, .ofs_x = 1, .ofs_y = -1},
    {.bitmap_index = 14784, .adv_w = 256, .box_w = 14, .box_h = 14, .ofs_x = 1, .ofs_y = -1},
    {.bitmap_index = 14809, .adv_w = 256, .box_w = 14, .box_h = 14, .ofs_x = 1, .ofs_y = -1},
    {.bitmap_index = 14834, .adv_w = 256, .box_w = 14, .box_h = 14, .ofs_x = 1, .ofs_y = -1},
    {.bitmap_index = 14859, .adv_w = 256, .box_w = 14, .box_h = 15, .ofs_x = 1, .ofs_y = -1},
    {.bitmap_index = 14886, .adv_w = 256, .box_w = 16, .box_h = 14, .ofs_x = 0, .ofs_y = -1},
    {.bitmap_index = 14914, .adv_w = 256, .box_w = 14, .box_h = 14, .ofs_x = 1, .ofs_y = -1},
    {.bitmap_index = 14939, .adv_w = 256, .box_w = 14, .box_h = 14, .ofs_x = 1, .ofs_y = -1},
    {.bitmap_index = 14964, .adv_w = 256, .box_w = 15, .box_h = 14, .ofs_x = 1, .ofs_y = -1},
    {.bitmap_index = 14991, .adv_w = 256, .box_w = 14, .box_h = 15, .ofs_x = 1, .ofs_y = -1},
    {.bitmap_index = 15018, .adv_w = 256, .box_w = 15, .box_h = 14, .ofs_x = 1, .ofs_y = -1},
    {.bitmap_index = 15045, .adv_w = 256, .box_w = 14, .box_h = 14, .ofs_x = 1, .ofs_y = -1},
    {.bitmap_index = 15070, .adv_w = 256, .box_w = 14, .box_h = 14, .ofs_x = 1, .ofs_y = -1},
    {.bitmap_index = 15095, .adv_w = 256, .box_w = 15, .box_h = 14, .ofs_x = 0, .ofs_y = -1},
    {.bitmap_index = 15122, .adv_w = 256, .box_w = 15, .box_h = 15, .ofs_x = 1, .ofs_y = -1},
    {.bitmap_index = 15151, .adv_w = 256, .box_w = 15, .box_h = 15, .ofs_x = 1, .ofs_y = -1},
    {.bitmap_index = 15180, .adv_w = 256, .box_w = 16, .box_h = 14, .ofs_x = 0, .ofs_y = -1},
    {.bitmap_index = 15208, .adv_w = 256, .box_w = 15, .box_h = 14, .ofs_x = 0, .ofs_y = -1},
    {.bitmap_index = 15235, .adv_w = 256, .box_w = 15, .box_h = 14, .ofs_x = 0, .ofs_y = -1},
    {.bitmap_index = 15262, .adv_w = 256, .box_w = 15, .box_h = 15, .ofs_x = 1, .ofs_y = -2},
    {.bitmap_index = 15291, .adv_w = 256, .box_w = 14, .box_h = 14, .ofs_x = 1, .ofs_y = -1},
    {.bitmap_index = 15316, .adv_w = 256, .box_w = 14, .box_h = 14, .ofs_x = 1, .ofs_y = -1},
    {.bitmap_index = 15341, .adv_w = 256, .box_w = 14, .box_h = 14, .ofs_x = 1, .ofs_y = -1},
    {.bitmap_index = 15366, .adv_w = 256, .box_w = 15, .box_h = 14, .ofs_x = 1, .ofs_y = -1},
    {.bitmap_index = 15393, .adv_w = 256, .box_w = 14, .box_h = 14, .ofs_x = 1, .ofs_y = -1},
    {.bitmap_index = 15418, .adv_w = 256, .box_w = 14, .box_h = 15, .ofs_x = 1, .ofs_y = -1},
    {.bitmap_index = 15445, .adv_w = 256, .box_w = 14, .box_h = 14, .ofs_x = 1, .ofs_y = -1},
    {.bitmap_index = 15470, .adv_w = 256, .box_w = 16, .box_h = 14, .ofs_x = -1, .ofs_y = -1},
    {.bitmap_index = 15498, .adv_w = 256, .box_w = 15, .box_h = 14, .ofs_x = 1, .ofs_y = -1},
    {.bitmap_index = 15525, .adv_w = 256, .box_w = 13, .box_h = 14, .ofs_x = 1, .ofs_y = -1},
    {.bitmap_index = 15548, .adv_w = 256, .box_w = 14, .box_h = 15, .ofs_x = 1, .ofs_y = -2},
    {.bitmap_index = 15575, .adv_w = 256, .box_w = 14, .box_h = 14, .ofs_x = 1, .ofs_y = -1},
    {.bitmap_index = 15600, .adv_w = 256, .box_w = 14, .box_h = 14, .ofs_x = 1, .ofs_y = -1},
    {.bitmap_index = 15625, .adv_w = 256, .box_w = 13, .box_h = 14, .ofs_x = 2, .ofs_y = -1},
    {.bitmap_index = 15648, .adv_w = 256, .box_w = 15, .box_h = 14, .ofs_x = 1, .ofs_y = -1},
    {.bitmap_index = 15675, .adv_w = 256, .box_w = 14, .box_h = 14, .ofs_x = 1, .ofs_y = -1},
    {.bitmap_index = 15700, .adv_w = 256, .box_w = 15, .box_h = 14, .ofs_x = 1, .ofs_y = -1},
    {.bitmap_index = 15727, .adv_w = 256, .box_w = 15, .box_h = 14, .ofs_x = 0, .ofs_y = -1},
    {.bitmap_index = 15754, .adv_w = 256, .box_w = 14, .box_h = 14, .ofs_x = 1, .ofs_y = -1},
    {.bitmap_index = 15779, .adv_w = 256, .box_w = 15, .box_h = 14, .ofs_x = 1, .ofs_y = -1},
    {.bitmap_index = 15806, .adv_w = 256, .box_w = 15, .box_h = 14, .ofs_x = 1, .ofs_y = -1},
    {.bitmap_index = 15833, .adv_w = 256, .box_w = 16, .box_h = 15, .ofs_x = 0, .ofs_y = -2},
    {.bitmap_index = 15863, .adv_w = 256, .box_w = 15, .box_h = 14, .ofs_x = 0, .ofs_y = -1},
    {.bitmap_index = 15890, .adv_w = 256, .box_w = 14, .box_h = 14, .ofs_x = 1, .ofs_y = -1},
    {.bitmap_index = 15915, .adv_w = 256, .box_w = 15, .box_h = 14, .ofs_x = 0, .ofs_y = -1},
    {.bitmap_index = 15942, .adv_w = 256, .box_w = 16, .box_h = 14, .ofs_x = 0, .ofs_y = -1},
    {.bitmap_index = 15970, .adv_w = 256, .box_w = 16, .box_h = 14, .ofs_x = 0, .ofs_y = -1},
    {.bitmap_index = 15998, .adv_w = 256, .box_w = 13, .box_h = 14, .ofs_x = 2, .ofs_y = -1},
    {.bitmap_index = 16021, .adv_w = 256, .box_w = 15, .box_h = 16, .ofs_x = 1, .ofs_y = -2},
    {.bitmap_index = 16051, .adv_w = 256, .box_w = 14, .box_h = 14, .ofs_x = 1, .ofs_y = -1},
    {.bitmap_index = 16076, .adv_w = 256, .box_w = 15, .box_h = 14, .ofs_x = 0, .ofs_y = -1},
    {.bitmap_index = 16103, .adv_w = 256, .box_w = 14, .box_h = 14, .ofs_x = 1, .ofs_y = -1},
    {.bitmap_index = 16128, .adv_w = 256, .box_w = 15, .box_h = 15, .ofs_x = 0, .ofs_y = -2},
    {.bitmap_index = 16157, .adv_w = 256, .box_w = 14, .box_h = 14, .ofs_x = 1, .ofs_y = -1},
    {.bitmap_index = 16182, .adv_w = 256, .box_w = 14, .box_h = 14, .ofs_x = 1, .ofs_y = -1}
};

/*---------------------
 *  CHARACTER MAPPING
 *--------------------*/

static const uint16_t unicode_list_2[] = {
    0x0, 0x3, 0x7, 0x9, 0xa, 0xb, 0x16, 0x2d,
    0x38, 0x3b, 0x57, 0x5d, 0x8b, 0x8c, 0xa4, 0xac,
    0xba, 0xca, 0xe3, 0xe5, 0xf6, 0x111, 0x11a, 0x13c,
    0x14d, 0x14f, 0x153, 0x155, 0x15c, 0x1c3, 0x20b, 0x219,
    0x21f, 0x265, 0x274, 0x2b7, 0x2cf, 0x304, 0x343, 0x344,
    0x348, 0x349, 0x350, 0x365, 0x368, 0x36b, 0x36c, 0x36d,
    0x371, 0x385, 0x386, 0x399, 0x3ac, 0x3fa, 0x400, 0x406,
    0x407, 0x437, 0x447, 0x44d, 0x475, 0x49b, 0x4a0, 0x4dd,
    0x517, 0x53a, 0x541, 0x543, 0x548, 0x54a, 0x553, 0x554,
    0x557, 0x570, 0x59f, 0x5c2, 0x5cb, 0x5ce, 0x5d6, 0x5d7,
    0x5e3, 0x5e4, 0x5f0, 0x5f2, 0x5f3, 0x5f8, 0x604, 0x608,
    0x60c, 0x60d, 0x638, 0x64a, 0x668, 0x67c, 0x68c, 0x6b2,
    0x746, 0x79c, 0x831, 0x868, 0x8db, 0x8de, 0x8f2, 0x8f3,
    0x8fa, 0x8fd, 0x912, 0x91f, 0x928, 0x930, 0x942, 0x98b,
    0xa34, 0xa69, 0xa97, 0xaeb, 0xaf2, 0xb0f, 0xb16, 0xb1a,
    0xb1c, 0xb27, 0xb29, 0xb2a, 0xb73, 0xbb9, 0xd50, 0xd57,
    0xd58, 0xd63, 0xd66, 0xd85, 0xd88, 0xd8c, 0xd97, 0xd98,
    0xd9f, 0xda3, 0xda4, 0xdb0, 0xdb3, 0xdb6, 0xdbf, 0xddf,
    0xe02, 0xe0f, 0xe11, 0xe31, 0xe3a, 0xe64, 0xe71, 0xea9,
    0xfdd, 0xfe5, 0xfe6, 0xfee, 0x1002, 0x100c, 0x102d, 0x1030,
    0x1074, 0x1083, 0x108f, 0x1097, 0x10ab, 0x10b7, 0x1113, 0x1115,
    0x111f, 0x1131, 0x1137, 0x1153, 0x1162, 0x1184, 0x1185, 0x118c,
    0x1193, 0x11c3, 0x121d, 0x12dc, 0x12f3, 0x131b, 0x1410, 0x1426,
    0x1438, 0x144b, 0x144d, 0x1498, 0x149e, 0x14d3, 0x1501, 0x1507,
    0x1519, 0x155c, 0x1568, 0x1583, 0x1588, 0x15a5, 0x160d, 0x1642,
    0x16cd, 0x1739, 0x1751, 0x1759, 0x1763, 0x1770, 0x1774, 0x1787,
    0x1789, 0x17a5, 0x17b0, 0x17b9, 0x17c5, 0x17cf, 0x17d7, 0x17e5,
    0x17e9, 0x180e, 0x181f, 0x1825, 0x1828, 0x183c, 0x1842, 0x186f,
    0x1874, 0x18dc, 0x18f8, 0x1900, 0x1908, 0x191d, 0x192c, 0x192d,
    0x1950, 0x1951, 0x1971, 0x1997, 0x199c, 0x19d3, 0x1a04, 0x1a21,
    0x1a48, 0x1ab0, 0x1aee, 0x1b0d, 0x1b75, 0x1b7d, 0x1bd8, 0x1c39,
    0x1c5f, 0x1d20, 0x1d21, 0x1d4c, 0x1d62, 0x1d63, 0x1d69, 0x1d8b,
    0x1dba, 0x1dcd, 0x1dce, 0x1e0f, 0x1e17, 0x1e34, 0x1e42, 0x1e60,
    0x1e7a, 0x1e7d, 0x1ebb, 0x1ec9, 0x1ee3, 0x1f17, 0x1f3b, 0x1f41,
    0x1f44, 0x1f45, 0x1f77, 0x1ff1, 0x2005, 0x2056, 0x2096, 0x20dd,
    0x2101, 0x21c1, 0x222c, 0x226b, 0x22b9, 0x2336, 0x233c, 0x2367,
    0x236e, 0x23e5, 0x2436, 0x245b, 0x24ac, 0x24b6, 0x258b, 0x271f,
    0x2723, 0x2728, 0x2730, 0x273a, 0x273b, 0x276a, 0x2773, 0x287d,
    0x28db, 0x28ee, 0x28f4, 0x28f8, 0x291f, 0x29e5, 0x29f3, 0x2a26,
    0x2ac1, 0x2b0e, 0x2b3c, 0x2b3e, 0x2b5d, 0x2b5e, 0x2b6d, 0x2bcb,
    0x2bd1, 0x2c0e, 0x2c2e, 0x2c7a, 0x2c93, 0x2ccb, 0x2cf6, 0x2cf9,
    0x2d2c, 0x2d54, 0x2d56, 0x2d97, 0x2da1, 0x2dc0, 0x2e73, 0x2ef8,
    0x2f00, 0x2f30, 0x2f44, 0x2f50, 0x2f66, 0x2f75, 0x2f76, 0x2fcf,
    0x2fda, 0x316a, 0x318a, 0x31bd, 0x3203, 0x3233, 0x325e, 0x3289,
    0x32c3, 0x33b3, 0x33ea, 0x340c, 0x340e, 0x342a, 0x3439, 0x3472,
    0x34b1, 0x34b8, 0x34bd, 0x34e5, 0x34f1, 0x3536, 0x3549, 0x363d,
    0x3649, 0x3735, 0x386b, 0x3a40, 0x3a46, 0x3a4c, 0x3a53, 0x3a57,
    0x3a63, 0x3a8b, 0x3ac5, 0x3b7f, 0x3b8b, 0x3b9a, 0x3baa, 0x3bb3,
    0x3bd2, 0x3be6, 0x3c00, 0x3c08, 0x3c17, 0x3c18, 0x3c2d, 0x3c66,
    0x3c69, 0x3c8c, 0x3c93, 0x3c9e, 0x3ca0, 0x3cac, 0x3cad, 0x3cb2,
    0x3cfe, 0x3d1d, 0x3d70, 0x3d72, 0x3e37, 0x3e9d, 0x3ea1, 0x3ea8,
    0x3eb7, 0x3eb8, 0x3ede, 0x3eea, 0x3f08, 0x3f64, 0x3f70, 0x3fb3,
    0x3fe1, 0x40ab, 0x40ca, 0x40cd, 0x419e, 0x41d1, 0x41f0, 0x4200,
    0x4201, 0x421a, 0x421f, 0x4220, 0x4231, 0x4232, 0x4253, 0x4260,
    0x4278, 0x42e1, 0x4352, 0x43cd, 0x43ce, 0x43d1, 0x45e1, 0x4777,
    0x4780, 0x4793, 0x47a2, 0x4864, 0x487d, 0x489b, 0x489c, 0x48bb,
    0x48e8, 0x48ea, 0x48f2, 0x48fb, 0x491c, 0x4952, 0x4959, 0x49f3,
    0x4a2d, 0x4a4c, 0x4a54, 0x4a58, 0x4aa8, 0x4adf, 0x4afe, 0x4b96,
    0x4bac, 0x4c12, 0x4c13, 0x4cd8, 0x4d5a, 0x4dae, 0x4ee5, 0x4ef4,
    0x50a6, 0x50c4, 0x50d2
};

/*Collect the unicode lists and glyph_id offsets*/
static const lv_font_fmt_txt_cmap_t cmaps[] =
{
    {
        .range_start = 12353, .range_length = 86, .glyph_id_start = 1,
        .unicode_list = NULL, .glyph_id_ofs_list = NULL, .list_length = 0, .type = LV_FONT_FMT_TXT_CMAP_FORMAT0_TINY
    },
    {
        .range_start = 12441, .range_length = 103, .glyph_id_start = 87,
        .unicode_list = NULL, .glyph_id_ofs_list = NULL, .list_length = 0, .type = LV_FONT_FMT_TXT_CMAP_FORMAT0_TINY
    },
    {
        .range_start = 19968, .range_length = 20691, .glyph_id_start = 190,
        .unicode_list = unicode_list_2, .glyph_id_ofs_list = NULL, .list_length = 475, .type = LV_FONT_FMT_TXT_CMAP_SPARSE_TINY
    }
};

/*-----------------
 *    KERNING
 *----------------*/

/*Pair left and right glyphs for kerning*/
static const uint16_t kern_pair_glyph_ids[] =
{
    2, 38,
    2, 39,
    2, 123,
    2, 124,
    2, 147,
    3, 38,
    3, 39,
    4, 38,
    4, 39,
    4, 72,
    6, 147,
    6, 148,
    6, 149,
    8, 13,
    8, 14,
    8, 15,
    8, 16,
    8, 36,
    8, 37,
    8, 38,
    8, 39,
    8, 56,
    8, 57,
    8, 58,
    8, 75,
    8, 115,
    8, 147,
    8, 148,
    8, 150,
    8, 151,
    8, 152,
    11, 47,
    11, 72,
    12, 72,
    13, 3,
    13, 5,
    13, 6,
    13, 7,
    13, 9,
    13, 35,
    13, 75,
    14, 3,
    14, 5,
    14, 7,
    14, 9,
    14, 15,
    14, 16,
    14, 35,
    14, 67,
    14, 69,
    14, 71,
    15, 6,
    15, 38,
    15, 39,
    15, 63,
    15, 75,
    16, 6,
    16, 38,
    16, 39,
    16, 63,
    16, 75,
    19, 25,
    19, 26,
    19, 35,
    20, 25,
    20, 26,
    20, 38,
    20, 39,
    22, 72,
    23, 25,
    23, 26,
    23, 36,
    23, 37,
    23, 38,
    23, 39,
    23, 68,
    23, 115,
    25, 3,
    25, 5,
    25, 7,
    25, 9,
    25, 35,
    25, 38,
    25, 39,
    25, 53,
    25, 54,
    25, 55,
    25, 56,
    25, 57,
    25, 58,
    25, 67,
    25, 109,
    25, 140,
    25, 150,
    25, 151,
    25, 152,
    26, 32,
    26, 56,
    26, 57,
    26, 58,
    26, 140,
    26, 150,
    26, 151,
    26, 152,
    28, 25,
    28, 26,
    28, 38,
    28, 39,
    28, 56,
    28, 57,
    28, 58,
    31, 62,
    31, 77,
    32, 62,
    32, 77,
    35, 38,
    35, 46,
    38, 2,
    38, 10,
    38, 13,
    38, 14,
    38, 15,
    38, 16,
    38, 29,
    38, 30,
    38, 35,
    38, 36,
    38, 37,
    38, 47,
    38, 48,
    38, 49,
    38, 62,
    38, 66,
    38, 82,
    39, 2,
    39, 16,
    40, 15,
    40, 25,
    40, 26,
    40, 29,
    40, 30,
    40, 35,
    40, 36,
    40, 37,
    40, 38,
    40, 39,
    40, 42,
    40, 46,
    40, 56,
    40, 57,
    40, 58,
    41, 13,
    41, 14,
    41, 15,
    41, 16,
    41, 19,
    41, 20,
    41, 21,
    41, 22,
    41, 29,
    41, 30,
    41, 36,
    41, 37,
    41, 38,
    41, 39,
    41, 42,
    41, 56,
    41, 57,
    41, 58,
    41, 63,
    43, 12,
    43, 15,
    43, 16,
    43, 19,
    43, 20,
    43, 21,
    43, 22,
    43, 25,
    43, 26,
    43, 29,
    43, 30,
    44, 13,
    44, 14,
    44, 33,
    44, 50,
    44, 51,
    44, 52,
    46, 13,
    47, 31,
    47, 32,
    48, 11,
    49, 11,
    50, 40,
    50, 41,
    53, 33,
    53, 34,
    54, 33,
    54, 34,
    55, 33,
    55, 34,
    56, 38,
    56, 39,
    56, 40,
    56, 41,
    57, 38,
    57, 39,
    57, 41,
    58, 38,
    58, 39,
    58, 40,
    58, 41,
    61, 55,
    62, 27,
    62, 28,
    62, 35,
    66, 4,
    66, 6,
    66, 29,
    66, 30,
    66, 36,
    66, 38,
    66, 39,
    66, 40,
    66, 41,
    70, 53,
    70, 54,
    70, 55,
    72, 5,
    72, 35,
    72, 74,
    72, 75,
    73, 25,
    73, 26,
    73, 27,
    73, 28,
    73, 38,
    73, 39,
    74, 36,
    75, 36,
    75, 37,
    75, 130,
    75, 131,
    75, 156,
    76, 36,
    76, 37,
    76, 38,
    76, 39,
    76, 53,
    76, 54,
    76, 55,
    79, 76,
    83, 25,
    83, 38,
    83, 39,
    83, 41,
    96, 40,
    96, 41,
    96, 53,
    96, 54,
    96, 55,
    96, 98,
    96, 109,
    96, 110,
    96, 117,
    96, 118,
    96, 121,
    96, 122,
    96, 127,
    96, 136,
    96, 137,
    96, 140,
    96, 141,
    96, 142,
    96, 143,
    96, 150,
    96, 151,
    96, 152,
    96, 157,
    96, 158,
    96, 159,
    96, 169,
    96, 177,
    96, 186,
    98, 53,
    98, 54,
    98, 55,
    98, 102,
    98, 109,
    98, 110,
    98, 119,
    98, 120,
    98, 125,
    98, 126,
    98, 132,
    98, 136,
    98, 141,
    98, 142,
    98, 143,
    98, 158,
    98, 162,
    98, 164,
    104, 109,
    104, 110,
    104, 158,
    107, 119,
    107, 140,
    107, 177,
    108, 140,
    109, 101,
    109, 109,
    109, 110,
    109, 119,
    109, 120,
    109, 125,
    109, 126,
    109, 140,
    109, 141,
    109, 142,
    109, 143,
    109, 158,
    109, 159,
    109, 169,
    109, 185,
    110, 109,
    110, 110,
    110, 124,
    110, 140,
    110, 158,
    111, 98,
    111, 132,
    111, 133,
    111, 140,
    111, 141,
    111, 142,
    111, 143,
    111, 150,
    111, 151,
    111, 152,
    111, 157,
    111, 158,
    111, 159,
    111, 170,
    111, 177,
    112, 97,
    112, 98,
    112, 101,
    112, 140,
    112, 141,
    112, 142,
    112, 143,
    112, 157,
    112, 158,
    112, 159,
    113, 100,
    114, 119,
    114, 120,
    115, 119,
    115, 140,
    115, 141,
    115, 142,
    115, 143,
    115, 158,
    116, 119,
    116, 140,
    116, 158,
    117, 141,
    117, 142,
    117, 143,
    118, 125,
    118, 126,
    118, 140,
    118, 141,
    118, 142,
    118, 143,
    118, 161,
    118, 163,
    119, 150,
    119, 151,
    119, 152,
    119, 156,
    121, 150,
    121, 159,
    122, 140,
    122, 150,
    123, 140,
    123, 158,
    124, 140,
    125, 140,
    125, 159,
    126, 117,
    126, 118,
    126, 140,
    126, 159,
    127, 140,
    127, 158,
    127, 161,
    128, 101,
    128, 140,
    130, 158,
    131, 140,
    131, 158,
    132, 97,
    132, 140,
    132, 141,
    132, 158,
    133, 97,
    133, 158,
    135, 140,
    136, 140,
    136, 158,
    138, 140,
    139, 113,
    139, 114,
    140, 95,
    140, 97,
    140, 99,
    140, 101,
    140, 103,
    140, 125,
    140, 129,
    140, 163,
    141, 98,
    141, 134,
    142, 134,
    142, 135,
    142, 177,
    143, 134,
    143, 135,
    143, 177,
    145, 97,
    147, 97,
    147, 112,
    147, 158,
    147, 177,
    148, 97,
    149, 97,
    149, 163,
    151, 119,
    151, 120,
    156, 140,
    158, 147,
    158, 148,
    158, 149,
    158, 167,
    162, 98,
    162, 140,
    162, 141,
    162, 142,
    162, 143,
    162, 158,
    162, 159,
    163, 96,
    163, 170,
    166, 53,
    166, 54,
    166, 55,
    167, 117,
    167, 118,
    167, 119,
    167, 120,
    167, 140,
    167, 141,
    167, 142,
    167, 143,
    167, 158,
    167, 159,
    169, 105,
    169, 106,
    169, 113,
    169, 114,
    169, 158,
    169, 177,
    170, 158,
    173, 97,
    173, 140,
    173, 141,
    173, 142,
    173, 143,
    174, 140,
    177, 119,
    177, 120,
    177, 139,
    177, 140,
    177, 147,
    177, 148,
    177, 149,
    177, 158,
    177, 159,
    184, 54,
    186, 38,
    186, 39,
    186, 53,
    186, 54,
    186, 55,
    186, 96,
    186, 97,
    186, 115,
    186, 116,
    186, 117,
    186, 118,
    186, 119,
    186, 120,
    186, 130,
    186, 131,
    186, 140,
    186, 141,
    186, 142,
    186, 143,
    186, 147,
    186, 148,
    186, 149,
    186, 158,
    186, 159,
    186, 177
};

/* Kerning between the respective left and right glyphs
 * 4.4 format which needs to scaled with `kern_scale`*/
static const int8_t kern_pair_values[] =
{
    -5, -5, -3, -3, -5, -5, -5, -8,
    -8, -5, -5, -5, -5, -8, -8, -8,
    -8, -8, -8, -13, -8, -18, -18, -18,
    -8, -8, -5, -5, -5, -5, -5, -10,
    -13, -13, -10, -10, -5, -8, -8, -10,
    -5, -5, -8, -5, -10, 5, 5, -10,
    -5, -8, -13, -5, -8, -8, 10, -5,
    -5, 3, 3, 8, -5, -5, -5, -18,
    3, 3, 3, 3, -10, -5, -5, -15,
    -15, -8, -8, -3, -5, -5, -8, -10,
    -5, -10, 3, 3, -5, -5, -5, -18,
    -18, -18, -5, -8, -15, -23, -18, -23,
    -3, -13, -13, -13, -18, -18, -18, -18,
    5, 5, 8, 8, -13, -13, -13, -8,
    -15, -5, -15, -13, 8, -8, -8, -8,
    -8, -8, -8, -8, -8, -15, -5, -5,
    -5, -5, -5, -13, -13, -5, -3, 5,
    -8, -8, -8, -8, -8, -8, -10, -10,
    -8, -8, -8, -3, -13, -13, -13, -8,
    -8, -8, -8, -8, -8, -8, -8, -8,
    -8, -8, -8, -5, -5, -5, -13, -13,
    -13, -8, -5, -5, -5, -5, -5, -5,
    -5, 3, 3, -5, -5, -5, -5, -8,
    -5, -5, -5, -8, -5, -5, 5, 5,
    -8, -8, -8, -8, 3, 3, 3, 3,
    -18, -18, -13, -13, -10, -10, -10, -10,
    -10, -10, -10, 3, -8, -8, -10, -5,
    -8, -5, -5, -10, -10, -10, -5, -5,
    -5, -8, -8, -10, -8, -5, -8, -5,
    -5, -5, -5, -8, -8, 3, -10, -10,
    -5, -5, -10, -5, -5, -8, -8, 3,
    3, 3, -13, -5, -13, -13, -8, -5,
    -8, -8, -5, -5, -13, -13, -13, -10,
    -10, -5, -5, -5, -5, -5, -23, -10,
    -10, -5, -5, -5, -5, -5, -18, -13,
    -3, -10, -15, -3, -3, -3, -3, -5,
    -5, -8, -8, -10, -10, -5, -5, -5,
    -5, -5, -5, -8, -5, -5, -5, -8,
    -8, -18, -8, -10, -3, -10, -10, -8,
    -5, -10, -10, -15, -13, -13, -13, -20,
    -10, -8, -5, -5, -5, 3, -5, -5,
    -5, -5, -5, -15, -10, -10, -10, -8,
    -8, -8, -8, -18, -8, -5, -8, -8,
    -5, -5, -8, -5, -5, -5, -3, -13,
    -8, -10, 5, 5, -5, -5, -10, -10,
    -10, -5, -3, -5, -5, -8, -8, -8,
    -5, -5, -5, -15, -15, -15, -13, -18,
    -18, -18, -18, -8, -5, -5, -8, -3,
    -8, -5, -8, -8, -8, 5, 5, -8,
    -8, -8, -5, -3, -5, -8, -5, -8,
    -5, -15, -8, -5, -8, -18, -5, -5,
    -13, -8, -5, -5, -5, -5, -10, -5,
    -5, -8, -5, -5, -5, -5, 8, 8,
    8, 13, 8, 8, 13, -5, -5, -3,
    -8, 5, -8, -8, -5, 5, 5, -8,
    -15, -15, -15, -13, -5, -20, -5, -5,
    -5, -8, -5, -5, -5, -5, -5, -5,
    -5, -5, -5, -5, -5, -3, -3, -3,
    -8, -8, -8, -8, -5, -5, -5, -5,
    -5, -8, -13, -3, -5, -5, -13, -5,
    -5, -5, -13, -8, -8, -8, -5, -8,
    -5, -15, -15, -10, -10, -10, -10, -10,
    -5, -5, -5, -5, -13, -13, -5, -5,
    -15, -5, -3, -3, -15, -15, -15, -8,
    -10, -13
};

/*Collect the kern pair's data in one place*/
static const lv_font_fmt_txt_kern_pair_t kern_pairs =
{
    .glyph_ids = kern_pair_glyph_ids,
    .values = kern_pair_values,
    .pair_cnt = 514,
    .glyph_ids_size = 1
};

/*--------------------
 *  ALL CUSTOM DATA
 *--------------------*/

#if LVGL_VERSION_MAJOR == 8
/*Store all the custom data of the font*/
static  lv_font_fmt_txt_glyph_cache_t cache;
#endif

#if LVGL_VERSION_MAJOR >= 8
static const lv_font_fmt_txt_dsc_t font_dsc = {
#else
static lv_font_fmt_txt_dsc_t font_dsc = {
#endif
    .glyph_bitmap = glyph_bitmap,
    .glyph_dsc = glyph_dsc,
    .cmaps = cmaps,
    .kern_dsc = &kern_pairs,
    .kern_scale = 16,
    .cmap_num = 3,
    .bpp = 1,
    .kern_classes = 0,
    .bitmap_format = 0,
#if LVGL_VERSION_MAJOR == 8
    .cache = &cache
#endif
};

/*-----------------
 *  PUBLIC FONT
 *----------------*/

/*Initialize a public general font descriptor*/
#if LVGL_VERSION_MAJOR >= 8
const lv_font_t ui_font_font_jp_16 = {
#else
lv_font_t ui_font_font_jp_16 = {
#endif
    .get_glyph_dsc = lv_font_get_glyph_dsc_fmt_txt,    /*Function pointer to get glyph's data*/
    .get_glyph_bitmap = lv_font_get_bitmap_fmt_txt,    /*Function pointer to get glyph's bitmap*/
    .line_height = 16,          /*The maximum line height required by the font*/
    .base_line = 2,             /*Baseline measured from the bottom of the line*/
#if !(LVGL_VERSION_MAJOR == 6 && LVGL_VERSION_MINOR == 0)
    .subpx = LV_FONT_SUBPX_NONE,
#endif
#if LV_VERSION_CHECK(7, 4, 0) || LVGL_VERSION_MAJOR >= 8
    .underline_position = -2,
    .underline_thickness = 1,
#endif
    .dsc = &font_dsc,          /*The custom font data. Will be accessed by `get_glyph_bitmap/dsc` */
#if LV_VERSION_CHECK(8, 2, 0) || LVGL_VERSION_MAJOR >= 9
    .fallback = NULL,
#endif
    .user_data = NULL,
};

#endif /*#if UI_FONT_FONT_JP_16*/