/*******************************************************************************
 * Size: 14 px
 * Bpp: 1
 * Opts: --bpp 1 --size 14 --no-compress --font ..\..\NotoSansJP-Regular.ttf --symbols 一右雨円王音下火花貝学気休吸金九空月犬見口校左三山子四糸字耳七車手十出女小上森人水正生青赤先千川早草足村大竹中虫町天田土二日入年白八本文名目立力林六引羽雲園遠何科夏家歌画回会海絵外角楽活間丸岩顔汽記帰弓牛魚京強教近兄形計元言原戸古午後語工公広交光考行高黄合谷国黒今才細作算止市思指止自時室社弱首秋週春書少場色食心新親図数星晴切雪船線前組走多太体台地池知茶昼長鳥朝直通弟店点電刀冬当東答頭同道読内南肉馬売買麦半番父風分聞米歩母方北毎妹万明鳴門夜野友用曜羊葉陽様落流旅力礼和愛案以衣位囲胃印英栄塩億加果貨課芽改械害街各覚完官管関観願希季紀喜旗器機議求泣救給挙漁共協鏡競極区軍郡径型景芸欠結血決結月件健験庫湖個呼固候航康告差最祭細宰才砦際在材罪財坂昨策咲察刷殺札察参産散残士氏史司試詩誌磁事似持辞次治児実質写舎謝煮社車捨若借尺若主取守手種酒首受授樹収周宗就衆従住重宿祝術述術準序除傷勝商照焼障賞乗場浄状畳譲植飾触嘱身神真深進世瀬成整盛誠正清静西誓静青斉税隻席惜斥石赤跡切折絶雪設舌切接摂節説先戦宣専泉浅洗染線選船鮮前全然膳組礎層燥想捜掃窓操創装層総早走草送相霜騒像増造蔵贈側則促速族存損村太陽袋待貸退代台大第題滝宅択卓託拓諾託濁諾宅託択諾 --range 0x3040-0x309F,0x30A0-0x30FF --format lvgl
 ******************************************************************************/

#ifdef __has_include
    #if __has_include("lvgl.h")
        #ifndef LV_LVGL_H_INCLUDE_SIMPLE
            #define LV_LVGL_H_INCLUDE_SIMPLE
        #endif
    #endif
#endif

#ifdef LV_LVGL_H_INCLUDE_SIMPLE
    #include "lvgl.h"
#else
    #include "lvgl/lvgl.h"
#endif

#ifndef UI_FONT_FONT_JP_14
#define UI_FONT_FONT_JP_14 1
#endif

#if UI_FONT_FONT_JP_14

/*-----------------
 *    BITMAPS
 *----------------*/

/*Store the image of the glyphs*/
static LV_ATTRIBUTE_LARGE_CONST const uint8_t glyph_bitmap[] = {
    /* U+3041 "ぁ" */
    0x10, 0x7f, 0x84, 0x83, 0xe3, 0x3a, 0xa6, 0x63,
    0x33, 0xeb, 0x2, 0x0,

    /* U+3042 "あ" */
    0x10, 0x2, 0xb, 0xfe, 0x8, 0xc1, 0xf8, 0x62,
    0x94, 0x8e, 0x91, 0x94, 0x33, 0xb, 0xe7, 0x1,
    0x0,

    /* U+3043 "ぃ" */
    0x82, 0x40, 0xa0, 0x50, 0x18, 0xc, 0x45, 0x40,
    0xe0,

    /* U+3044 "い" */
    0x80, 0x10, 0x12, 0x2, 0x40, 0x28, 0x5, 0x0,
    0xa0, 0x1a, 0x41, 0x48, 0x6, 0x0,

    /* U+3045 "ぅ" */
    0x0, 0xf8, 0x3, 0xe8, 0x60, 0x40, 0x83, 0xc,
    0xe0,

    /* U+3046 "う" */
    0x3f, 0x0, 0x0, 0x7, 0xee, 0x18, 0x4, 0x2,
    0x1, 0x1, 0x3, 0xf, 0x0,

    /* U+3047 "ぇ" */
    0x38, 0x2, 0x0, 0x1f, 0xc0, 0xc0, 0x80, 0xe0,
    0xd0, 0xc4, 0x43, 0xc0,

    /* U+3048 "え" */
    0x20, 0x3, 0xe0, 0x0, 0x0, 0x7, 0xf0, 0xc,
    0x2, 0x0, 0xe0, 0x26, 0x8, 0x42, 0xf, 0x80,

    /* U+3049 "ぉ" */
    0x11, 0x1f, 0x31, 0x0, 0x7c, 0x71, 0xb4, 0x29,
    0xa, 0x46, 0x77, 0x0,

    /* U+304A "お" */
    0x10, 0x1, 0xc, 0xfc, 0x61, 0x1, 0x10, 0x1,
    0xfc, 0x30, 0x65, 0x2, 0x90, 0x29, 0x4, 0x73,
    0x80,

    /* U+304B "か" */
    0x18, 0x1, 0x80, 0x10, 0x4f, 0xe6, 0x11, 0x23,
    0x13, 0x21, 0x12, 0x10, 0x41, 0x4, 0x20, 0x8e,
    0x0,

    /* U+304C "が" */
    0x0, 0x1, 0x85, 0x18, 0x21, 0x4, 0xfe, 0x61,
    0x12, 0x31, 0x32, 0x11, 0x21, 0x4, 0x10, 0x42,
    0x8, 0xe0,

    /* U+304D "き" */
    0x8, 0x4, 0xbf, 0xc0, 0x8f, 0xf8, 0x10, 0x9,
    0xe, 0x80, 0x40, 0x30, 0x7, 0xe0,

    /* U+304E "ぎ" */
    0x8, 0xa1, 0x37, 0xfc, 0x2, 0xf, 0xf8, 0x4,
    0x0, 0x84, 0x38, 0x80, 0x10, 0x3, 0x0, 0x1f,
    0x80,

    /* U+304F "く" */
    0x6, 0x18, 0x61, 0x4, 0x10, 0x30, 0x30, 0x10,
    0x18, 0x18, 0x10,

    /* U+3050 "ぐ" */
    0x4, 0x6, 0x4, 0x44, 0xac, 0x2c, 0x3, 0x0,
    0xc0, 0x30, 0x4, 0x1, 0x0, 0x0,

    /* U+3051 "け" */
    0x40, 0x88, 0x12, 0x2, 0x47, 0xf8, 0x9, 0x1,
    0x20, 0x26, 0x4, 0xc0, 0x98, 0x21, 0xc, 0x0,
    0x0,

    /* U+3052 "げ" */
    0x0, 0x14, 0xb, 0xc0, 0xa8, 0x8, 0x8f, 0xe8,
    0x8, 0x80, 0x88, 0x8, 0xc0, 0x8c, 0x8, 0xc1,
    0x4, 0x30, 0x0, 0x0,

    /* U+3053 "こ" */
    0x7f, 0x0, 0x0, 0x0, 0x0, 0x4, 0x2, 0x1,
    0x0, 0xc0, 0x3f, 0xc0,

    /* U+3054 "ご" */
    0x0, 0xa0, 0x15, 0xfc, 0x0, 0x0, 0x0, 0x0,
    0x0, 0x4, 0x0, 0x80, 0x10, 0x3, 0x0, 0x1f,
    0xc0,

    /* U+3055 "さ" */
    0x0, 0x2, 0x1, 0x3f, 0xe0, 0x20, 0x10, 0x4,
    0xe, 0x81, 0x40, 0x20, 0x18, 0x3, 0xf0,

    /* U+3056 "ざ" */
    0x0, 0x0, 0x18, 0x12, 0x82, 0x4f, 0xf0, 0xc,
    0x0, 0x80, 0x18, 0x1, 0x10, 0xe2, 0x0, 0x40,
    0xc, 0x0, 0x7e, 0x0,

    /* U+3057 "し" */
    0x80, 0x40, 0x20, 0x10, 0x8, 0x4, 0x2, 0x1,
    0x0, 0x80, 0xc0, 0xf0, 0xcf, 0x80,

    /* U+3058 "じ" */
    0x82, 0x42, 0xa1, 0x50, 0x8, 0x4, 0x2, 0x1,
    0x1, 0x81, 0xe1, 0x9f, 0x0,

    /* U+3059 "す" */
    0x2, 0x0, 0x43, 0xff, 0x81, 0x0, 0xe0, 0x24,
    0x4, 0x80, 0x90, 0xe, 0x0, 0x40, 0x30, 0xc,
    0x0,

    /* U+305A "ず" */
    0x0, 0x20, 0x2e, 0x2, 0x4f, 0xfe, 0x2, 0x0,
    0xe0, 0x12, 0x1, 0x20, 0x12, 0x0, 0xe0, 0x2,
    0x0, 0xc0, 0x18, 0x0,

    /* U+305B "せ" */
    0x0, 0x81, 0x8, 0x10, 0x81, 0xff, 0xf0, 0x81,
    0x8, 0x10, 0x81, 0x38, 0x10, 0x1, 0x0, 0xf,
    0xc0,

    /* U+305C "ぜ" */
    0x0, 0x48, 0x41, 0x41, 0x4, 0x5, 0xfe, 0xf8,
    0x40, 0x41, 0x1, 0x4, 0x4, 0x70, 0x10, 0x0,
    0x40, 0x0, 0xfe, 0x0,

    /* U+305D "そ" */
    0x1f, 0xc0, 0x20, 0x8, 0x6, 0x1, 0xfe, 0xcc,
    0x2, 0x0, 0x40, 0x8, 0x1, 0x80, 0xe, 0x0,

    /* U+305E "ぞ" */
    0x1f, 0xc0, 0x12, 0x2, 0x50, 0x63, 0xc, 0x1,
    0xfe, 0x76, 0x0, 0x80, 0x8, 0x0, 0x80, 0xc,
    0x0, 0x38,

    /* U+305F "た" */
    0x18, 0x1, 0x0, 0xfe, 0x1, 0x0, 0x13, 0xe2,
    0x0, 0x20, 0x2, 0x40, 0x64, 0x4, 0x60, 0xc3,
    0xf0,

    /* U+3060 "だ" */
    0x18, 0x51, 0x5, 0xfe, 0x1, 0x0, 0x13, 0xe2,
    0x0, 0x20, 0x2, 0x40, 0x64, 0x4, 0x60, 0xc3,
    0xe0,

    /* U+3061 "ち" */
    0x10, 0x4, 0x2f, 0xf8, 0x80, 0x20, 0xb, 0xe3,
    0xd, 0x81, 0x0, 0x40, 0x31, 0xf8, 0x0,

    /* U+3062 "ぢ" */
    0x0, 0x21, 0x5, 0x10, 0x8f, 0xf8, 0x30, 0x2,
    0x0, 0x2f, 0x83, 0xc, 0x60, 0x40, 0x4, 0x0,
    0xc1, 0xf8, 0x0, 0x0,

    /* U+3063 "っ" */
    0xf, 0xbc, 0x30, 0x4, 0x1, 0x0, 0xc0, 0x60,
    0xe0,

    /* U+3064 "つ" */
    0xf, 0x8e, 0xa, 0x0, 0x80, 0x10, 0x2, 0x0,
    0x40, 0x10, 0xc, 0x1e, 0x0,

    /* U+3065 "づ" */
    0x0, 0x20, 0x6, 0x0, 0x40, 0xf8, 0x70, 0x48,
    0x2, 0x0, 0x20, 0x2, 0x0, 0x20, 0x4, 0x1,
    0x81, 0xe0,

    /* U+3066 "て" */
    0xf, 0xfe, 0x60, 0x10, 0x6, 0x0, 0x80, 0x10,
    0x2, 0x0, 0x60, 0x6, 0x0, 0x38,

    /* U+3067 "で" */
    0x1f, 0xee, 0x20, 0x4, 0x20, 0xc6, 0x8, 0x40,
    0x80, 0x8, 0x0, 0xc0, 0x6, 0x0, 0x1c,

    /* U+3068 "と" */
    0xc0, 0x20, 0x10, 0xc5, 0x83, 0x3, 0x3, 0x1,
    0x0, 0x80, 0x60, 0xf, 0xe0,

    /* U+3069 "ど" */
    0x0, 0x58, 0x15, 0x2, 0x21, 0x82, 0xc0, 0x60,
    0x18, 0x6, 0x0, 0x80, 0x10, 0x3, 0x0, 0x1f,
    0xc0,

    /* U+306A "な" */
    0x8, 0x0, 0xa0, 0xfc, 0xe1, 0x3, 0x10, 0x82,
    0x8, 0x20, 0x84, 0x8, 0xcf, 0x81, 0x8e, 0x19,
    0xa0, 0xf0,

    /* U+306B "に" */
    0x40, 0x18, 0xfa, 0x0, 0x40, 0x8, 0x1, 0x0,
    0x2a, 0x6, 0x40, 0xc8, 0x18, 0xfd, 0x0, 0x0,

    /* U+306C "ぬ" */
    0x2, 0x4, 0x20, 0x4f, 0x87, 0xa4, 0x22, 0x26,
    0x42, 0x94, 0x29, 0xde, 0x8a, 0x2f, 0x25, 0x41,
    0xd0,

    /* U+306D "ね" */
    0x18, 0x0, 0xc0, 0x7, 0x78, 0xfc, 0x41, 0xc1,
    0xc, 0x8, 0xe0, 0x4f, 0x3e, 0x5a, 0x30, 0xd1,
    0x46, 0x78,

    /* U+306E "の" */
    0x1f, 0x8e, 0x99, 0x11, 0xe2, 0x18, 0xc3, 0x10,
    0x62, 0xe, 0x82, 0x71, 0xc0, 0x60,

    /* U+306F "は" */
    0x40, 0x84, 0x8, 0xc0, 0x88, 0xfe, 0x80, 0x88,
    0x8, 0x80, 0x8c, 0x78, 0xc8, 0xec, 0x8b, 0xc7,
    0x0,

    /* U+3070 "ば" */
    0x40, 0xd4, 0xa, 0xc0, 0x88, 0xfe, 0x80, 0x88,
    0x8, 0x80, 0x8a, 0x78, 0xc8, 0xec, 0x8b, 0xc8,
    0x9c, 0x70,

    /* U+3071 "ぱ" */
    0x0, 0x38, 0x6, 0x50, 0x2e, 0x81, 0x8, 0xfe,
    0x40, 0x42, 0x2, 0x10, 0x10, 0xa7, 0x86, 0x47,
    0x32, 0x2d, 0x91, 0x24, 0x70, 0x0,

    /* U+3072 "ひ" */
    0xc, 0x8f, 0x88, 0x10, 0xc2, 0xc, 0x20, 0xe4,
    0xa, 0x40, 0x94, 0x8, 0x40, 0x82, 0x10, 0x1e,
    0x0,

    /* U+3073 "び" */
    0x0, 0x10, 0x65, 0x7e, 0x28, 0x21, 0x82, 0xc,
    0x10, 0x31, 0x2, 0x88, 0x12, 0x40, 0x82, 0x4,
    0x8, 0x40, 0x3c, 0x0,

    /* U+3074 "ぴ" */
    0x0, 0x38, 0x25, 0x7e, 0x2e, 0x20, 0x82, 0x4,
    0x10, 0x31, 0x1, 0x88, 0xa, 0x40, 0x82, 0x4,
    0x8, 0x40, 0x3c, 0x0,

    /* U+3075 "ふ" */
    0xc, 0x0, 0x30, 0x1, 0x0, 0x0, 0x8, 0x0,
    0x44, 0x2, 0x63, 0x12, 0x61, 0x18, 0x11, 0x1e,
    0x0,

    /* U+3076 "ぶ" */
    0xc, 0x0, 0x1a, 0x80, 0x4a, 0x0, 0x0, 0x80,
    0x2, 0x20, 0x9, 0x86, 0x64, 0x61, 0x14, 0x8,
    0x87, 0x80,

    /* U+3077 "ぷ" */
    0x0, 0x0, 0xe7, 0x1, 0x50, 0x27, 0x0, 0x0,
    0x40, 0x2, 0x43, 0x32, 0x61, 0x28, 0x13, 0x1e,
    0x0,

    /* U+3078 "へ" */
    0xc, 0x1, 0xe0, 0x33, 0x6, 0x10, 0x40, 0x88,
    0x4, 0x0, 0x60, 0x3,

    /* U+3079 "べ" */
    0x0, 0x20, 0x89, 0x1c, 0x43, 0x20, 0x21, 0x4,
    0x18, 0x80, 0xc0, 0x6, 0x0, 0x30, 0x1,

    /* U+307A "ぺ" */
    0x0, 0x60, 0x4, 0x83, 0x24, 0x2c, 0xc2, 0x30,
    0x30, 0xc3, 0x3, 0x10, 0xc, 0x0, 0x30, 0x0,
    0x80,

    /* U+307B "ほ" */
    0x40, 0x6c, 0x7e, 0x80, 0x88, 0x8, 0x87, 0xf8,
    0x8, 0x80, 0x8c, 0x78, 0xc8, 0xec, 0x89, 0xc7,
    0x0,

    /* U+307C "ぼ" */
    0x0, 0x32, 0x3, 0x51, 0xf9, 0x1, 0x8, 0x8,
    0x43, 0xfa, 0x2, 0x10, 0x10, 0x80, 0x86, 0x3c,
    0x32, 0x39, 0x91, 0x2c, 0x70, 0x0,

    /* U+307D "ぽ" */
    0x0, 0x3a, 0x3, 0x51, 0xfc, 0x81, 0x8, 0x8,
    0x43, 0xfa, 0x2, 0x10, 0x10, 0x80, 0x86, 0x3c,
    0x32, 0x39, 0x91, 0x24, 0x70, 0x0,

    /* U+307E "ま" */
    0x8, 0x4, 0x3f, 0xe1, 0x0, 0x87, 0xfc, 0x20,
    0xf8, 0x8e, 0x44, 0xe2, 0x2e, 0x0,

    /* U+307F "み" */
    0x3f, 0x0, 0x20, 0x6, 0x0, 0x42, 0x3f, 0x24,
    0x8e, 0x98, 0x79, 0x4, 0xe0, 0x80, 0x30,

    /* U+3080 "む" */
    0x30, 0x4, 0x43, 0xf9, 0x10, 0x16, 0x1, 0x20,
    0x24, 0x5, 0x82, 0x60, 0x44, 0x8, 0x83, 0xf,
    0xc0,

    /* U+3081 "め" */
    0x1, 0xc, 0x20, 0xbe, 0x19, 0x66, 0x26, 0xa8,
    0x65, 0xc, 0x61, 0x88, 0x32, 0x89, 0x83, 0x1,
    0x80,

    /* U+3082 "も" */
    0x18, 0x2, 0x3, 0xf8, 0x8, 0x1, 0x1, 0x21,
    0xbf, 0x98, 0x81, 0x10, 0x22, 0x4, 0x61, 0x7,
    0xc0,

    /* U+3083 "ゃ" */
    0x8, 0x11, 0x2, 0x78, 0xe1, 0x70, 0x64, 0x11,
    0xb8, 0x20, 0x8, 0x3, 0x0,

    /* U+3084 "や" */
    0x6, 0x2, 0x30, 0x33, 0xe1, 0xc1, 0x78, 0x10,
    0x83, 0x9, 0xe0, 0x40, 0x4, 0x0, 0x60, 0x2,
    0x0,

    /* U+3085 "ゅ" */
    0x84, 0x4f, 0xa9, 0x78, 0x98, 0x4c, 0xae, 0x3c,
    0x10, 0x10, 0x0,

    /* U+3086 "ゆ" */
    0x2, 0x10, 0x42, 0x3e, 0x4d, 0x2a, 0x23, 0x84,
    0x70, 0x8c, 0x91, 0x9a, 0x50, 0xf0, 0x10, 0xc,
    0x0,

    /* U+3087 "ょ" */
    0x18, 0x4, 0x3, 0xc1, 0x0, 0x80, 0x41, 0xf1,
    0x1c, 0x99, 0xb8, 0x0,

    /* U+3088 "よ" */
    0x4, 0x1, 0x0, 0x40, 0x1f, 0x4, 0x1, 0x0,
    0x41, 0xf0, 0xc7, 0x21, 0x38, 0xc5, 0xe0,

    /* U+3089 "ら" */
    0x20, 0x1f, 0x0, 0x18, 0x8, 0x4, 0xfb, 0x87,
    0x81, 0x80, 0x80, 0xc1, 0xc7, 0x80,

    /* U+308A "り" */
    0x40, 0x9c, 0xa2, 0xc1, 0xc1, 0x81, 0x81, 0x81,
    0x2, 0x6, 0xc, 0x30,

    /* U+308B "る" */
    0x3f, 0xc0, 0x20, 0x8, 0x6, 0x1, 0xf8, 0x60,
    0x98, 0x8, 0x71, 0x13, 0x22, 0x38, 0x3e, 0x0,

    /* U+308C "れ" */
    0xc, 0x0, 0x20, 0x1, 0xce, 0x1a, 0xc8, 0xc,
    0x20, 0x60, 0x83, 0x82, 0xa, 0x8, 0x48, 0x21,
    0x20, 0x90, 0x83, 0x80,

    /* U+308D "ろ" */
    0x3f, 0x80, 0xc0, 0x40, 0x20, 0x1f, 0xc, 0x2c,
    0x6, 0x1, 0x0, 0x40, 0x61, 0xf0,

    /* U+308E "ゎ" */
    0x10, 0x4, 0xf, 0x78, 0x63, 0x30, 0x5c, 0x17,
    0x6, 0xc2, 0x33, 0x0,

    /* U+308F "わ" */
    0x18, 0x0, 0xc0, 0x7, 0x0, 0xf3, 0xc1, 0xe1,
    0xc, 0x4, 0xe0, 0x2f, 0x1, 0x58, 0x10, 0xc7,
    0x6, 0x0,

    /* U+3090 "ゐ" */
    0x3e, 0x0, 0x40, 0x8, 0x7, 0xc1, 0x4c, 0x48,
    0xd2, 0xc, 0x41, 0x9b, 0x32, 0x97, 0x93, 0x1,
    0xc0,

    /* U+3091 "ゑ" */
    0x3f, 0x80, 0x20, 0xf, 0x83, 0xc, 0x4e, 0x41,
    0x24, 0x1f, 0x81, 0x80, 0x39, 0xc6, 0xa6, 0x84,
    0x28, 0x42,

    /* U+3092 "を" */
    0x8, 0x1, 0x3, 0xfe, 0x8, 0x3, 0xc6, 0xc7,
    0xb1, 0x84, 0x50, 0x12, 0x6, 0x0, 0xc0, 0xf,
    0xe0,

    /* U+3093 "ん" */
    0x4, 0x0, 0xc0, 0x8, 0x1, 0x80, 0x10, 0x2,
    0xe0, 0x32, 0x6, 0x21, 0x42, 0x3c, 0x26, 0x83,
    0xc0,

    /* U+3094 "ゔ" */
    0x3f, 0x0, 0xa, 0x0, 0x43, 0xf0, 0xe1, 0x80,
    0x8, 0x0, 0x80, 0x8, 0x1, 0x0, 0x60, 0x3c,
    0x0,

    /* U+3095 "ゕ" */
    0x10, 0x2, 0x0, 0x42, 0x7f, 0x42, 0x24, 0x44,
    0x88, 0x82, 0x10, 0x46, 0x1b, 0x80,

    /* U+3096 "ゖ" */
    0x41, 0x20, 0x48, 0xfe, 0x4, 0x81, 0x30, 0x4c,
    0x13, 0x8, 0x46, 0x0,

    /* U+3099 "゙" */
    0x25, 0x40,

    /* U+309A "゚" */
    0x69, 0x60,

    /* U+309B "゛" */
    0x29, 0x50,

    /* U+309C "゜" */
    0x69, 0x96,

    /* U+309D "ゝ" */
    0x83, 0x6, 0xc, 0x18, 0x23, 0x90,

    /* U+309E "ゞ" */
    0x12, 0x17, 0x1, 0x3, 0x3, 0x3, 0xe, 0x70,

    /* U+309F "ゟ" */
    0x3, 0x0, 0x40, 0x8, 0x2, 0xf0, 0x42, 0x10,
    0x3, 0xc0, 0xc4, 0x10, 0x84, 0x11, 0x82, 0x68,
    0x80, 0xe0,

    /* U+30A0 "゠" */
    0xfc, 0xf, 0xc0,

    /* U+30A1 "ァ" */
    0xff, 0xc0, 0x20, 0x90, 0x28, 0x8, 0x2, 0x1,
    0x0, 0x80, 0x40, 0x0,

    /* U+30A2 "ア" */
    0xff, 0xf0, 0x2, 0x4, 0x40, 0x48, 0x5, 0x0,
    0x40, 0x4, 0x0, 0x80, 0x18, 0x3, 0x0,

    /* U+30A3 "ィ" */
    0x0, 0x0, 0xc0, 0xc1, 0x83, 0xc7, 0x20, 0x10,
    0x8, 0x4, 0x2, 0x0,

    /* U+30A4 "イ" */
    0x0, 0x40, 0x18, 0x6, 0x1, 0x80, 0xe0, 0x74,
    0x30, 0x80, 0x10, 0x2, 0x0, 0x40, 0x8, 0x0,

    /* U+30A5 "ゥ" */
    0x8, 0x4, 0x3f, 0xf0, 0x18, 0xc, 0x8, 0x4,
    0x4, 0xc, 0x1c, 0x0,

    /* U+30A6 "ウ" */
    0x8, 0x2, 0xf, 0xfe, 0x3, 0x80, 0xa0, 0x28,
    0x8, 0x4, 0x3, 0x1, 0x81, 0xc0, 0x40,

    /* U+30A7 "ェ" */
    0xff, 0xff, 0xc2, 0x1, 0x0, 0x80, 0x40, 0x21,
    0xff, 0x0, 0x0,

    /* U+30A8 "エ" */
    0x7f, 0xef, 0xfc, 0x10, 0x2, 0x0, 0x40, 0x8,
    0x1, 0x0, 0x20, 0xff, 0xff, 0xfc,

    /* U+30A9 "ォ" */
    0x3, 0x0, 0x61, 0xff, 0xbf, 0xf0, 0x70, 0x1e,
    0xe, 0xc3, 0x98, 0x43, 0x1, 0xe0,

    /* U+30AA "オ" */
    0x1, 0x80, 0x18, 0x7f, 0xf7, 0xff, 0x3, 0x80,
    0x78, 0x1d, 0x83, 0x98, 0xe1, 0x80, 0x18, 0x7,
    0x80,

    /* U+30AB "カ" */
    0x8, 0x2, 0x0, 0x83, 0xff, 0x8, 0x46, 0x11,
    0x4, 0x41, 0x20, 0x58, 0x2c, 0x78,

    /* U+30AC "ガ" */
    0x0, 0x20, 0x8a, 0x8, 0x50, 0x80, 0xff, 0xc0,
    0x84, 0x18, 0x41, 0x4, 0x10, 0x42, 0x4, 0x60,
    0x8c, 0x78,

    /* U+30AD "キ" */
    0xc, 0x0, 0x40, 0x7, 0xc7, 0xc0, 0x4, 0x0,
    0x60, 0x7, 0xf7, 0xe0, 0x2, 0x0, 0x20, 0x3,
    0x0, 0x20,

    /* U+30AE "ギ" */
    0x0, 0x20, 0x85, 0x8, 0x20, 0xdc, 0xfe, 0x0,
    0x40, 0x4, 0x0, 0x7e, 0xfe, 0x8, 0x20, 0x2,
    0x0, 0x20, 0x2, 0x0,

    /* U+30AF "ク" */
    0x4, 0x0, 0x80, 0x3f, 0x8c, 0x33, 0x4, 0xc0,
    0x80, 0x20, 0xc, 0x3, 0x0, 0xc0, 0x70, 0x18,
    0x0,

    /* U+30B0 "グ" */
    0x0, 0x10, 0xc5, 0x8, 0x21, 0xfe, 0x30, 0x46,
    0x4, 0xc0, 0x80, 0x18, 0x1, 0x0, 0x20, 0xc,
    0x3, 0x80, 0x20, 0x0,

    /* U+30B1 "ケ" */
    0x18, 0x1, 0x0, 0x1f, 0xf3, 0xff, 0x21, 0x4,
    0x10, 0xc3, 0x0, 0x20, 0x2, 0x0, 0x40, 0xc,
    0x1, 0x0,

    /* U+30B2 "ゲ" */
    0x0, 0x11, 0x85, 0x10, 0x21, 0xff, 0x3f, 0xf2,
    0x10, 0x41, 0xc, 0x30, 0x2, 0x0, 0x20, 0x4,
    0x0, 0xc0, 0x10, 0x0,

    /* U+30B3 "コ" */
    0xff, 0xc0, 0x30, 0xc, 0x3, 0x0, 0xc0, 0x30,
    0xf, 0xff, 0x0, 0xc0,

    /* U+30B4 "ゴ" */
    0x0, 0x40, 0x14, 0x2, 0x7f, 0xe0, 0xc, 0x1,
    0x80, 0x30, 0x6, 0x0, 0xc0, 0x18, 0x3, 0x7f,
    0xe0, 0xc,

    /* U+30B5 "サ" */
    0x10, 0x81, 0x8, 0x10, 0x8f, 0xff, 0x10, 0x81,
    0x8, 0x10, 0x80, 0x8, 0x1, 0x0, 0x30, 0xe,
    0x0, 0x0,

    /* U+30B6 "ザ" */
    0x10, 0xb0, 0x85, 0x44, 0x21, 0xff, 0xe1, 0x8,
    0x8, 0x40, 0x42, 0x0, 0x10, 0x1, 0x0, 0x18,
    0x1, 0x80, 0x0, 0x0,

    /* U+30B7 "シ" */
    0x10, 0x1, 0x80, 0x4, 0x0, 0x0, 0x60, 0x33,
    0x2, 0x0, 0x40, 0x18, 0x3, 0x0, 0xe0, 0x78,
    0x0,

    /* U+30B8 "ジ" */
    0x0, 0x21, 0x85, 0xc, 0x40, 0x0, 0xe0, 0x23,
    0x2, 0x0, 0x40, 0x18, 0x3, 0x0, 0xe0, 0x78,
    0x0,

    /* U+30B9 "ス" */
    0x3f, 0xc0, 0xc, 0x0, 0x80, 0x18, 0x3, 0x0,
    0x30, 0xd, 0x81, 0x8c, 0x30, 0x64, 0x2,

    /* U+30BA "ズ" */
    0x0, 0x50, 0x5, 0x7f, 0xc0, 0x8, 0x0, 0x80,
    0x10, 0x3, 0x0, 0x70, 0xd, 0x81, 0x8c, 0x70,
    0x64, 0x2,

    /* U+30BB "セ" */
    0x10, 0x2, 0x0, 0x41, 0x8f, 0xff, 0x84, 0x21,
    0x4, 0x60, 0x80, 0x10, 0x2, 0x0, 0x3f, 0x0,

    /* U+30BC "ゼ" */
    0x0, 0x21, 0x5, 0x10, 0x1, 0x6, 0x1f, 0xef,
    0x84, 0x10, 0x81, 0x18, 0x10, 0x1, 0x0, 0x10,
    0x0, 0xfc,

    /* U+30BD "ソ" */
    0x80, 0xf0, 0x34, 0x8, 0x82, 0x1, 0x80, 0x40,
    0x20, 0x18, 0xc, 0xc, 0x0,

    /* U+30BE "ゾ" */
    0x0, 0x40, 0x16, 0x0, 0x40, 0x44, 0x8, 0xc1,
    0x8, 0x40, 0x8, 0x2, 0x0, 0xc0, 0x30, 0x1c,
    0x2, 0x0,

    /* U+30BF "タ" */
    0x4, 0x0, 0x80, 0x3f, 0x8c, 0x13, 0x4, 0xd8,
    0x91, 0xa0, 0xc, 0x3, 0xc0, 0xc8, 0x70, 0x18,
    0x0,

    /* U+30C0 "ダ" */
    0x0, 0x0, 0x45, 0x8, 0x21, 0xfe, 0x10, 0x42,
    0x4, 0x48, 0xc8, 0x68, 0x3, 0x0, 0x2c, 0x4,
    0x1, 0x80, 0x20, 0x0,

    /* U+30C1 "チ" */
    0x1, 0x8f, 0xe0, 0x10, 0x2, 0x0, 0x41, 0xff,
    0xc1, 0x0, 0x20, 0x8, 0x1, 0x0, 0xc0, 0x10,
    0x0,

    /* U+30C2 "ヂ" */
    0x1, 0x87, 0xf2, 0x4, 0x60, 0x44, 0x4, 0xf,
    0xfe, 0x4, 0x0, 0x40, 0x8, 0x0, 0x80, 0x30,
    0x2, 0x0,

    /* U+30C3 "ッ" */
    0x8, 0x12, 0x34, 0x49, 0x82, 0x1, 0x0, 0xc0,
    0x60, 0x30, 0x10, 0x0,

    /* U+30C4 "ツ" */
    0x0, 0x4, 0x43, 0x44, 0x24, 0x62, 0x20, 0x60,
    0x4, 0x0, 0xc0, 0x18, 0x3, 0x0, 0x60, 0x1c,
    0x0,

    /* U+30C5 "ヅ" */
    0x0, 0x50, 0x5, 0x8, 0xc, 0x42, 0x44, 0x24,
    0x46, 0x20, 0x40, 0xc, 0x1, 0x80, 0x30, 0x6,
    0x1, 0xc0, 0x10, 0x0,

    /* U+30C6 "テ" */
    0x3f, 0xc0, 0x0, 0x0, 0xf, 0xff, 0xff, 0xf0,
    0x20, 0x6, 0x0, 0x40, 0x4, 0x0, 0x80, 0x30,
    0x0,

    /* U+30C7 "デ" */
    0x0, 0x10, 0x2, 0x8f, 0xe8, 0x0, 0x0, 0x0,
    0x7f, 0xfb, 0xff, 0xc0, 0xc0, 0x4, 0x0, 0x20,
    0x1, 0x0, 0x10, 0x3, 0x0, 0x0,

    /* U+30C8 "ト" */
    0xc0, 0xc0, 0xc0, 0xc0, 0xf0, 0xde, 0xc3, 0xc0,
    0xc0, 0xc0, 0xc0,

    /* U+30C9 "ド" */
    0xc1, 0x62, 0xb0, 0x98, 0xf, 0x6, 0xf3, 0xd,
    0x80, 0xc0, 0x60, 0x30, 0x0,

    /* U+30CA "ナ" */
    0x4, 0x0, 0x80, 0x10, 0x7f, 0xf0, 0x40, 0x8,
    0x1, 0x0, 0x40, 0x18, 0x6, 0x0, 0x80, 0x0,

    /* U+30CB "ニ" */
    0x7f, 0xc0, 0x0, 0x0, 0x0, 0x0, 0x0, 0x0,
    0x0, 0x7, 0xff,

    /* U+30CC "ヌ" */
    0x7f, 0x80, 0x20, 0x19, 0x84, 0x1b, 0x3, 0x80,
    0x70, 0x66, 0x30, 0xb8, 0x0,

    /* U+30CD "ネ" */
    0x4, 0x0, 0x81, 0xff, 0x3f, 0xc0, 0x10, 0x6,
    0x1, 0x0, 0xec, 0xe4, 0x60, 0x84, 0x10, 0x2,
    0x0,

    /* U+30CE "ノ" */
    0x0, 0x80, 0xc0, 0x40, 0x20, 0x20, 0x30, 0x30,
    0x30, 0x30, 0x60, 0x0,

    /* U+30CF "ハ" */
    0x1, 0x1, 0x88, 0x10, 0x81, 0xc, 0x10, 0x43,
    0x6, 0x20, 0x26, 0x2, 0x40, 0x38, 0x1,

    /* U+30D0 "バ" */
    0x0, 0x50, 0x2, 0x19, 0x81, 0x8, 0x10, 0xc3,
    0x4, 0x20, 0x42, 0x6, 0x60, 0x24, 0x2, 0x80,
    0x30,

    /* U+30D1 "パ" */
    0x0, 0x70, 0x5, 0x11, 0x71, 0x18, 0x10, 0x82,
    0x8, 0x20, 0x46, 0x4, 0x40, 0x4c, 0x2, 0x80,
    0x20,

    /* U+30D2 "ヒ" */
    0xc0, 0x30, 0xc, 0xb, 0xe, 0xfc, 0x38, 0xc,
    0x3, 0x0, 0xc0, 0x30, 0x7, 0xfc,

    /* U+30D3 "ビ" */
    0x0, 0x58, 0x17, 0x2, 0xe0, 0x4c, 0x39, 0xf8,
    0x38, 0x6, 0x0, 0xc0, 0x18, 0x3, 0x0, 0x3f,
    0xe0,

    /* U+30D4 "ピ" */
    0x0, 0xf8, 0x17, 0x3, 0xe1, 0xcd, 0xe1, 0xe0,
    0x30, 0x6, 0x0, 0xc0, 0x18, 0x1, 0xff, 0x0,

    /* U+30D5 "フ" */
    0xff, 0xc0, 0x30, 0xc, 0x2, 0x1, 0x80, 0x40,
    0x30, 0x18, 0x18, 0xc, 0x0,

    /* U+30D6 "ブ" */
    0x0, 0xa0, 0x4, 0xff, 0xc0, 0xc, 0x0, 0x80,
    0x8, 0x1, 0x80, 0x10, 0x2, 0x0, 0xc0, 0x38,
    0x2, 0x0,

    /* U+30D7 "プ" */
    0x0, 0x60, 0x9, 0xff, 0xe0, 0x8, 0x1, 0x80,
    0x18, 0x1, 0x0, 0x30, 0x6, 0x0, 0xc0, 0x38,
    0x6, 0x0,

    /* U+30D8 "ヘ" */
    0xc, 0x1, 0xe0, 0x33, 0x6, 0x18, 0xc0, 0xc8,
    0x6, 0x0, 0x20, 0x1,

    /* U+30D9 "ベ" */
    0x0, 0x20, 0x89, 0x1c, 0x43, 0x20, 0x61, 0x4,
    0x8, 0x80, 0x40, 0x6, 0x0, 0x30, 0x0,

    /* U+30DA "ペ" */
    0x0, 0x60, 0x64, 0x87, 0x98, 0x46, 0x6, 0x18,
    0x60, 0x62, 0x1, 0x80, 0x6, 0x0, 0x10,

    /* U+30DB "ホ" */
    0x2, 0x0, 0x20, 0x7f, 0xf0, 0x20, 0x2, 0x1,
    0x24, 0x22, 0x26, 0x23, 0x42, 0x10, 0x20, 0xe,
    0x0,

    /* U+30DC "ボ" */
    0x0, 0x10, 0x11, 0x40, 0x80, 0xff, 0xe0, 0x20,
    0x1, 0x0, 0x49, 0x4, 0x44, 0x62, 0x32, 0x10,
    0x80, 0x80, 0x1c, 0x0,

    /* U+30DD "ポ" */
    0x0, 0x30, 0x2, 0x40, 0x92, 0x4, 0x27, 0xff,
    0x1, 0x0, 0x8, 0x2, 0x48, 0x22, 0x23, 0x11,
    0x90, 0x86, 0x4, 0x0, 0xe0, 0x0,

    /* U+30DE "マ" */
    0xff, 0xf0, 0x2, 0x0, 0x60, 0xc, 0x31, 0x80,
    0xb0, 0x6, 0x0, 0x20, 0x1, 0x0, 0x8,

    /* U+30DF "ミ" */
    0x20, 0x1f, 0x80, 0x60, 0x7, 0x0, 0xf8, 0x4,
    0x0, 0xc0, 0x1f, 0x0, 0xe0,

    /* U+30E0 "ム" */
    0x4, 0x0, 0x40, 0xc, 0x0, 0x80, 0x8, 0x1,
    0x88, 0x10, 0xc1, 0x4, 0x30, 0x2f, 0xfe, 0xe0,
    0x30,

    /* U+30E1 "メ" */
    0x0, 0x0, 0x20, 0x19, 0x84, 0x1b, 0x3, 0x80,
    0x60, 0x36, 0x18, 0xc8, 0x1c, 0x0,

    /* U+30E2 "モ" */
    0x7f, 0xcf, 0xf8, 0x20, 0x4, 0x0, 0x81, 0xff,
    0xc2, 0x0, 0x40, 0x8, 0x1, 0x0, 0x1f, 0x0,

    /* U+30E3 "ャ" */
    0x0, 0xc, 0x1, 0x3d, 0xfa, 0x90, 0x82, 0x40,
    0x80, 0x20, 0xc, 0x1, 0x0,

    /* U+30E4 "ヤ" */
    0x10, 0x1, 0x0, 0x11, 0xf3, 0xe2, 0xc8, 0x40,
    0x8c, 0xd, 0x80, 0x40, 0x4, 0x0, 0x40, 0x6,
    0x0, 0x0,

    /* U+30E5 "ュ" */
    0x7f, 0x0, 0x40, 0x10, 0x4, 0x3, 0x3f, 0xff,
    0xfc,

    /* U+30E6 "ユ" */
    0x3f, 0xc0, 0xc, 0x0, 0xc0, 0xc, 0x0, 0x80,
    0x8, 0x0, 0x8f, 0xff, 0xff, 0xf0,

    /* U+30E7 "ョ" */
    0xff, 0x80, 0xc0, 0x60, 0x37, 0xf8, 0xc, 0x7,
    0xff, 0x1, 0x80,

    /* U+30E8 "ヨ" */
    0xff, 0xc0, 0x30, 0xc, 0x3, 0xff, 0xc0, 0x30,
    0xc, 0x3, 0x0, 0xff, 0xf0, 0xc,

    /* U+30E9 "ラ" */
    0x7f, 0x80, 0x0, 0x3, 0xff, 0x0, 0xc0, 0x20,
    0x18, 0xc, 0x6, 0xf, 0x0, 0x0,

    /* U+30EA "リ" */
    0x83, 0x6, 0xc, 0x18, 0x30, 0x60, 0x81, 0x4,
    0x10, 0xc0,

    /* U+30EB "ル" */
    0x11, 0x0, 0x88, 0x4, 0x40, 0x22, 0x1, 0x10,
    0x8, 0x80, 0x44, 0x44, 0x26, 0x61, 0xc6, 0xc,
    0x0,

    /* U+30EC "レ" */
    0x80, 0x40, 0x20, 0x10, 0x8, 0xc, 0xe, 0xd,
    0x1c, 0xb8, 0x70, 0x0,

    /* U+30ED "ロ" */
    0xff, 0xf8, 0xf, 0x1, 0xe0, 0x3c, 0x7, 0x80,
    0xf0, 0x1e, 0x3, 0xff, 0xf8, 0xc,

    /* U+30EE "ヮ" */
    0xff, 0xc0, 0xe0, 0x50, 0x20, 0x30, 0x10, 0x30,
    0x70, 0x0, 0x0,

    /* U+30EF "ワ" */
    0xff, 0xe0, 0x18, 0x6, 0x3, 0x80, 0x80, 0x20,
    0x10, 0xc, 0xc, 0xe, 0x0,

    /* U+30F0 "ヰ" */
    0x1, 0x0, 0x21, 0xff, 0xbf, 0xf1, 0x10, 0x22,
    0x4, 0x47, 0xff, 0xff, 0xe0, 0x20, 0x4, 0x0,
    0x80,

    /* U+30F1 "ヱ" */
    0x7f, 0xe0, 0x6, 0x4, 0x40, 0x48, 0x4, 0x0,
    0x40, 0x4, 0x0, 0x40, 0xff, 0xff, 0xff,

    /* U+30F2 "ヲ" */
    0xff, 0xc0, 0x10, 0x4, 0x3, 0x7f, 0x80, 0x20,
    0x10, 0xc, 0x6, 0x6, 0x3, 0x0,

    /* U+30F3 "ン" */
    0xc0, 0x4, 0x0, 0x60, 0x80, 0x30, 0x4, 0x1,
    0x0, 0xc0, 0x30, 0x1c, 0x1c, 0x0,

    /* U+30F4 "ヴ" */
    0x0, 0x41, 0x14, 0x20, 0x7f, 0xe8, 0xd, 0x1,
    0x20, 0x24, 0x4, 0x1, 0x0, 0x60, 0x18, 0xe,
    0x1, 0x0,

    /* U+30F5 "ヵ" */
    0x8, 0x4, 0x1f, 0xe1, 0x10, 0x88, 0x84, 0x42,
    0x61, 0x20, 0xa3, 0x80,

    /* U+30F6 "ヶ" */
    0x10, 0x4, 0x3, 0xfc, 0xff, 0x62, 0x30, 0x80,
    0x60, 0x10, 0xc, 0x6, 0x0,

    /* U+30F7 "ヷ" */
    0x0, 0x0, 0x14, 0x0, 0x7f, 0xe8, 0x5, 0x0,
    0xa0, 0x34, 0x4, 0x1, 0x80, 0x20, 0xc, 0x6,
    0x3, 0x80,

    /* U+30F8 "ヸ" */
    0x0, 0x20, 0x16, 0x1, 0x47, 0xfe, 0x7f, 0xe1,
    0x10, 0x11, 0x1, 0x10, 0xff, 0xef, 0xfe, 0x1,
    0x0, 0x10, 0x1, 0x0,

    /* U+30F9 "ヹ" */
    0x0, 0x20, 0x5, 0x0, 0x47, 0xfe, 0x4, 0x40,
    0x48, 0x4, 0x0, 0x40, 0x4, 0x0, 0x40, 0xff,
    0xff, 0xff,

    /* U+30FA "ヺ" */
    0x0, 0xa0, 0x13, 0xff, 0x0, 0x60, 0x8, 0x1,
    0x3f, 0xe0, 0x8, 0x1, 0x0, 0x40, 0x30, 0x1c,
    0x2, 0x0,

    /* U+30FB "・" */
    0xff, 0x80,

    /* U+30FC "ー" */
    0xff, 0xe0,

    /* U+30FD "ヽ" */
    0xc1, 0x83, 0x6, 0xc, 0x10, 0x0,

    /* U+30FE "ヾ" */
    0x4, 0x16, 0x22, 0x2, 0x2, 0x6, 0x6, 0x0,

    /* U+30FF "ヿ" */
    0xff, 0x1, 0x1, 0x1, 0x1, 0x1, 0x1, 0x1,
    0x1, 0x1, 0x1, 0x1,

    /* U+4E00 "一" */
    0xff, 0xf8,

    /* U+4E03 "七" */
    0x8, 0x0, 0x40, 0x2, 0x0, 0x10, 0x0, 0x9f,
    0x1f, 0x83, 0x20, 0x1, 0x0, 0x8, 0x0, 0x40,
    0x2, 0x4, 0x10, 0x20, 0xfe, 0x0,

    /* U+4E07 "万" */
    0xff, 0xff, 0xff, 0x8, 0x0, 0x80, 0xf, 0xf0,
    0x83, 0x10, 0x31, 0x3, 0x10, 0x22, 0x2, 0x60,
    0x6c, 0x3c,

    /* U+4E09 "三" */
    0x7f, 0xe0, 0x0, 0x0, 0x0, 0x0, 0x3f, 0xc0,
    0x0, 0x0, 0x0, 0x0, 0x0, 0xf, 0xff,

    /* U+4E0A "上" */
    0x6, 0x0, 0x30, 0x1, 0x80, 0xc, 0x0, 0x60,
    0x3, 0xf8, 0x18, 0x0, 0xc0, 0x6, 0x0, 0x30,
    0x1, 0x81, 0xff, 0xff, 0xff, 0x80,

    /* U+4E0B "下" */
    0xff, 0xff, 0xff, 0x4, 0x0, 0x40, 0x6, 0x0,
    0x58, 0x4, 0x60, 0x42, 0x4, 0x0, 0x40, 0x4,
    0x0, 0x40,

    /* U+4E16 "世" */
    0x1, 0x30, 0xc4, 0xc3, 0x13, 0xc, 0x4c, 0xff,
    0xfc, 0xc4, 0xc3, 0x13, 0xc, 0x4c, 0x31, 0xf0,
    0xc4, 0xc3, 0x0, 0xf, 0xfe, 0x30, 0x0,

    /* U+4E2D "中" */
    0x2, 0x0, 0x20, 0x2, 0xf, 0xff, 0xc2, 0x1c,
    0x21, 0xc2, 0x1c, 0x21, 0xff, 0xfc, 0x21, 0x2,
    0x0, 0x20, 0x2, 0x0,

    /* U+4E38 "丸" */
    0x4, 0x0, 0x20, 0x1, 0x0, 0xff, 0xc0, 0x46,
    0x2, 0x30, 0xd1, 0x83, 0xc, 0xc, 0x60, 0xd3,
    0x4, 0x1a, 0x40, 0xdc, 0x7, 0x80,

    /* U+4E3B "主" */
    0x0, 0x0, 0x30, 0x0, 0xc0, 0xff, 0xe7, 0xff,
    0x1, 0x0, 0x8, 0x0, 0x40, 0x3f, 0xe0, 0x10,
    0x0, 0x80, 0x4, 0xf, 0xff, 0x80,

    /* U+4E57 "乗" */
    0x1, 0xe3, 0xf0, 0x0, 0x80, 0xff, 0xe1, 0x24,
    0x9, 0x23, 0xff, 0xe2, 0x48, 0x7f, 0xf0, 0x38,
    0x2, 0xa0, 0xe4, 0xe0, 0x21, 0x0,

    /* U+4E5D "九" */
    0x8, 0x0, 0x40, 0x2, 0x0, 0x10, 0xf, 0xf8,
    0x4, 0x40, 0x22, 0x3, 0x10, 0x10, 0x80, 0x84,
    0x8, 0x22, 0xc1, 0x1c, 0xf, 0x80,

    /* U+4E8B "事" */
    0x2, 0x3, 0xff, 0xc0, 0x80, 0x7f, 0xc2, 0x22,
    0xf, 0xe0, 0xff, 0x80, 0x44, 0xff, 0xf8, 0x11,
    0x1f, 0xf8, 0x4, 0x40, 0xe0, 0x0,

    /* U+4E8C "二" */
    0x7f, 0xe0, 0x0, 0x0, 0x0, 0x0, 0x0, 0x0,
    0x0, 0x0, 0x0, 0x0, 0x0, 0xf, 0xff,

    /* U+4EA4 "交" */
    0x2, 0x0, 0x10, 0x3f, 0xfe, 0x0, 0x1, 0x8c,
    0x18, 0x11, 0xa3, 0x49, 0x10, 0x5, 0x80, 0x38,
    0x1, 0xc0, 0x3b, 0x8f, 0x7, 0x80,

    /* U+4EAC "京" */
    0x2, 0x0, 0x10, 0x3f, 0xff, 0xff, 0xf3, 0xfe,
    0x10, 0x10, 0x80, 0x87, 0xfc, 0x3f, 0xe0, 0x10,
    0x8, 0x88, 0x84, 0x20, 0xe0, 0x0,

    /* U+4EBA "人" */
    0x2, 0x0, 0x10, 0x0, 0x80, 0x4, 0x0, 0x50,
    0x2, 0x80, 0x14, 0x1, 0x10, 0x8, 0xc0, 0x82,
    0x8, 0xd, 0x80, 0x30,

    /* U+4ECA "今" */
    0x3, 0x0, 0x38, 0x1, 0x20, 0x10, 0x81, 0x2,
    0x37, 0xec, 0x0, 0x7, 0xfc, 0x0, 0x20, 0x3,
    0x0, 0x10, 0x1, 0x80, 0x8, 0x0,

    /* U+4EE3 "代" */
    0x11, 0x40, 0x89, 0x88, 0x44, 0x42, 0x6, 0x3f,
    0xd6, 0x82, 0x84, 0x4, 0x10, 0x20, 0x81, 0x4,
    0x8, 0x32, 0x40, 0xd2, 0x3, 0x0,

    /* U+4EE5 "以" */
    0x20, 0x31, 0x21, 0x8, 0x88, 0x44, 0x42, 0x2,
    0x10, 0x20, 0x81, 0x5, 0x98, 0x39, 0xe7, 0x19,
    0x81, 0x86, 0x10, 0x10,

    /* U+4EF6 "件" */
    0x10, 0x80, 0xa4, 0x9, 0x20, 0x4f, 0xe6, 0xc8,
    0x74, 0x40, 0x82, 0x5, 0xff, 0x20, 0x81, 0x4,
    0x8, 0x20, 0x41, 0x2, 0x8, 0x0,

    /* U+4F11 "休" */
    0x8, 0x80, 0x84, 0xc, 0x20, 0x41, 0x6, 0xff,
    0xf0, 0xe2, 0x87, 0x4, 0x54, 0x26, 0xb1, 0x64,
    0x8e, 0x22, 0x41, 0x2, 0x8, 0x0,

    /* U+4F1A "会" */
    0x3, 0x0, 0x1e, 0x0, 0xc8, 0x6, 0x18, 0x30,
    0x31, 0x7f, 0x30, 0x0, 0x1f, 0xfe, 0x4, 0x0,
    0x21, 0x0, 0x82, 0x1f, 0xfc, 0x0, 0x0,

    /* U+4F3C "似" */
    0x10, 0x0, 0x50, 0x23, 0x58, 0x89, 0x22, 0x64,
    0x4b, 0x91, 0x2a, 0x41, 0x9, 0x4, 0x25, 0x90,
    0x9c, 0xc2, 0x85, 0x88, 0x62, 0x26, 0x4,

    /* U+4F4D "位" */
    0x18, 0x80, 0x84, 0xc, 0x20, 0x4f, 0xf6, 0x0,
    0x71, 0xa, 0x88, 0x44, 0x44, 0x21, 0x21, 0x9,
    0x8, 0x10, 0x5f, 0xf2, 0x0, 0x0,

    /* U+4F4F "住" */
    0x13, 0x0, 0x8c, 0x8, 0x10, 0x5f, 0xf6, 0x8,
    0x70, 0x42, 0x82, 0x4, 0xfe, 0x20, 0x81, 0x4,
    0x8, 0x20, 0x5f, 0xf2, 0x0, 0x0,

    /* U+4F53 "体" */
    0x10, 0x80, 0x84, 0xc, 0x20, 0x5f, 0xf6, 0x1c,
    0x30, 0xe2, 0x8a, 0x84, 0x54, 0x24, 0x91, 0x64,
    0xce, 0xfa, 0x41, 0x2, 0x8, 0x0,

    /* U+4F55 "何" */
    0x10, 0x0, 0x80, 0xb, 0xfe, 0x40, 0x26, 0x1,
    0x73, 0xca, 0x92, 0x44, 0x92, 0x27, 0x91, 0x20,
    0x88, 0x4, 0x40, 0x22, 0xf, 0x0,

    /* U+4F5C "作" */
    0x10, 0x0, 0x98, 0x4, 0x80, 0x47, 0xf6, 0x58,
    0x36, 0xc2, 0xa7, 0xe4, 0x30, 0x21, 0x81, 0xf,
    0xc8, 0x60, 0x43, 0x2, 0x18, 0x0,

    /* U+4FC3 "促" */
    0x0, 0x0, 0xbf, 0x89, 0x4, 0x48, 0x26, 0x41,
    0x33, 0xfa, 0x82, 0x4, 0x90, 0x24, 0xf1, 0x24,
    0x9, 0xa0, 0x57, 0x2, 0x8f, 0x80,

    /* U+500B "個" */
    0x10, 0x0, 0xff, 0xcb, 0x22, 0x59, 0x16, 0xfe,
    0xf6, 0x46, 0xbf, 0xa5, 0xc5, 0x2e, 0x29, 0x7f,
    0x4b, 0x2, 0x5f, 0xf2, 0xc0, 0x80,

    /* U+5019 "候" */
    0x0, 0x0, 0x47, 0xc2, 0x81, 0xa, 0x4, 0x6b,
    0xf9, 0xa4, 0xa, 0xbf, 0x8a, 0x90, 0x28, 0x40,
    0xaf, 0xf2, 0x8a, 0x8, 0x6c, 0x26, 0x8,

    /* U+501F "借" */
    0x12, 0x20, 0x91, 0xd, 0xfe, 0x44, 0x46, 0x22,
    0x77, 0xfe, 0x80, 0x5, 0xfe, 0x2c, 0x11, 0x7f,
    0x8b, 0x4, 0x58, 0x22, 0xff, 0x0,

    /* U+5065 "健" */
    0x10, 0x40, 0xf7, 0xe2, 0x44, 0x9a, 0xff, 0x68,
    0x4b, 0xf7, 0xe3, 0x44, 0xd, 0x7e, 0x34, 0x40,
    0xbf, 0xe2, 0x84, 0xf, 0x90, 0x33, 0xf8,

    /* U+5074 "側" */
    0x10, 0x9, 0x7c, 0x4a, 0x2a, 0x51, 0x56, 0xfa,
    0xb4, 0x56, 0xbe, 0xa5, 0x15, 0x28, 0xa9, 0x7d,
    0x49, 0x42, 0x51, 0x12, 0x1, 0x80,

    /* U+50B7 "傷" */
    0x12, 0x0, 0x9f, 0xc5, 0x0, 0x5f, 0xe6, 0xa1,
    0x31, 0xfa, 0x8f, 0xc4, 0x0, 0x2f, 0xf9, 0x3f,
    0xca, 0x54, 0x45, 0xa2, 0x5b, 0x0,

    /* U+50CF "像" */
    0x12, 0x0, 0x4f, 0x83, 0x44, 0xb, 0xfe, 0x64,
    0x89, 0x9f, 0xea, 0x14, 0x9, 0xd2, 0x29, 0xb0,
    0xba, 0x82, 0x15, 0xb, 0x93, 0x29, 0x80,

    /* U+5104 "億" */
    0x18, 0x80, 0xbf, 0xcc, 0x8c, 0x42, 0x46, 0xed,
    0xf3, 0xf8, 0x90, 0x44, 0xfe, 0x27, 0xf1, 0x4,
    0x9, 0x54, 0x52, 0x52, 0x9e, 0x0,

    /* U+5143 "元" */
    0x7f, 0xe0, 0x0, 0x0, 0x0, 0x0, 0xff, 0xff,
    0xff, 0x11, 0x1, 0x10, 0x11, 0x2, 0x11, 0x61,
    0x1c, 0x1f,

    /* U+5144 "兄" */
    0x3f, 0xf0, 0x80, 0x42, 0x1, 0x8, 0x4, 0x3f,
    0xf0, 0xff, 0xc0, 0x88, 0x2, 0x20, 0x8, 0x80,
    0x42, 0x13, 0x8, 0xb0, 0x3e,

    /* U+5148 "先" */
    0x12, 0x0, 0x90, 0xf, 0xfc, 0x44, 0x4, 0x20,
    0x1, 0x3, 0xff, 0xdf, 0xfe, 0x8, 0x80, 0x44,
    0x4, 0x22, 0x61, 0x1e, 0xf, 0x80,

    /* U+5149 "光" */
    0x2, 0x1, 0x11, 0x88, 0x88, 0x24, 0x80, 0x20,
    0x7f, 0xff, 0xff, 0xe1, 0x10, 0x18, 0x80, 0x84,
    0xc, 0x22, 0xc1, 0x1c, 0xf, 0x80,

    /* U+5150 "児" */
    0x27, 0xf1, 0x20, 0x89, 0x4, 0x4f, 0xe2, 0x41,
    0x12, 0x8, 0x9f, 0xc1, 0x10, 0x8, 0x80, 0x44,
    0x4c, 0x22, 0xc1, 0xf0,

    /* U+5165 "入" */
    0x1f, 0x0, 0x18, 0x0, 0xc0, 0x6, 0x0, 0x70,
    0x2, 0x80, 0x16, 0x1, 0x10, 0x18, 0xc1, 0x83,
    0x18, 0xf, 0x80, 0x10,

    /* U+5168 "全" */
    0x2, 0x0, 0x38, 0x3, 0x60, 0x31, 0x83, 0x6,
    0x30, 0x1d, 0xff, 0xe0, 0x40, 0x3f, 0xe0, 0x10,
    0x0, 0x80, 0x4, 0x7, 0xff, 0x80,

    /* U+516B "八" */
    0x1f, 0x80, 0xfe, 0x0, 0x30, 0x10, 0x80, 0x84,
    0xc, 0x20, 0x41, 0x82, 0xc, 0x30, 0x21, 0x1,
    0x98, 0x5, 0x80, 0x10,

    /* U+516C "公" */
    0x10, 0x1, 0x8, 0x30, 0xc2, 0x4, 0x40, 0x2c,
    0x41, 0xc, 0x10, 0x80, 0x18, 0x81, 0x4, 0x10,
    0x6f, 0xfe, 0x0, 0x10,

    /* U+516D "六" */
    0x2, 0x0, 0x10, 0x0, 0x81, 0xff, 0xff, 0xff,
    0x80, 0x0, 0x0, 0x3, 0x8, 0x10, 0x61, 0x81,
    0x8, 0xc, 0x80, 0x24, 0x1, 0x0,

    /* U+5171 "共" */
    0x10, 0x81, 0x8, 0x10, 0x8f, 0xff, 0x10, 0x81,
    0x8, 0x10, 0x8f, 0xff, 0x0, 0x1, 0x8, 0x30,
    0xc6, 0x6, 0xc0, 0x10,

    /* U+5185 "内" */
    0x4, 0x0, 0x40, 0x4, 0xf, 0xff, 0x84, 0x38,
    0x43, 0x8e, 0x38, 0xb3, 0x91, 0xbe, 0xf, 0x80,
    0x38, 0x3, 0x80, 0xe0,

    /* U+5186 "円" */
    0xff, 0xff, 0xff, 0xf0, 0x87, 0x84, 0x3c, 0x21,
    0xe1, 0xf, 0xff, 0xff, 0xff, 0xc0, 0x1e, 0x0,
    0xf0, 0x7, 0x80, 0x3c, 0x7, 0x0,

    /* U+5199 "写" */
    0xff, 0xfc, 0x80, 0xe4, 0x6, 0x3f, 0x81, 0x0,
    0x1f, 0xe0, 0x81, 0x0, 0x8, 0xff, 0xf8, 0x2,
    0x0, 0x20, 0xf, 0x0,

    /* U+51AC "冬" */
    0x4, 0x0, 0x3f, 0xc1, 0x86, 0xb, 0x30, 0x47,
    0x80, 0xe, 0x0, 0xc7, 0x1d, 0x87, 0x3, 0x80,
    0x0, 0x1, 0xe0, 0x0, 0xf8, 0x0, 0x20,

    /* U+51FA "出" */
    0x2, 0x6, 0x22, 0x62, 0x26, 0x22, 0x62, 0x27,
    0xfe, 0x2, 0xc, 0x21, 0xc2, 0x1c, 0x21, 0xc2,
    0x1f, 0xff, 0xc0, 0x10,

    /* U+5200 "刀" */
    0x7f, 0xf8, 0x20, 0xc1, 0x6, 0x8, 0x30, 0x41,
    0x84, 0xc, 0x20, 0x43, 0x2, 0x10, 0x11, 0x1,
    0xb0, 0x78,

    /* U+5206 "分" */
    0x8, 0xc0, 0x61, 0x81, 0x2, 0x8, 0x4, 0x60,
    0xd, 0xff, 0xc0, 0x43, 0x1, 0xc, 0xc, 0x30,
    0x20, 0xc1, 0x6, 0x18, 0x78,

    /* U+5207 "切" */
    0x20, 0x0, 0x8f, 0xf2, 0x8, 0xcf, 0x23, 0xe0,
    0x8c, 0x82, 0x32, 0x8, 0xc9, 0x42, 0x3d, 0x8,
    0xc, 0x20, 0x61, 0x83, 0x1e,

    /* U+5237 "刷" */
    0x0, 0xb, 0xf8, 0x58, 0x52, 0xc2, 0x97, 0xf4,
    0xb2, 0x25, 0xfd, 0x2e, 0xa9, 0x75, 0x4b, 0xaa,
    0x55, 0x42, 0xae, 0x10, 0x43, 0x80,

    /* U+5247 "則" */
    0x0, 0x17, 0xc1, 0x44, 0x94, 0x49, 0x7c, 0x94,
    0x49, 0x7c, 0x94, 0x49, 0x44, 0x97, 0xc9, 0x28,
    0x14, 0x41, 0xc4, 0x70,

    /* U+524D "前" */
    0x18, 0x20, 0x42, 0x3f, 0xfe, 0x0, 0x0, 0x1,
    0x1f, 0x48, 0x8a, 0x47, 0xd2, 0x22, 0x91, 0x14,
    0x8f, 0xa4, 0x44, 0x22, 0xe7, 0x0,

    /* U+5275 "創" */
    0xc, 0x8, 0xf0, 0x4c, 0xd2, 0xfa, 0x98, 0x4,
    0x9f, 0x24, 0xf9, 0x24, 0x49, 0x7c, 0x4b, 0xfa,
    0x58, 0xc2, 0xc6, 0x19, 0xf3, 0x80,

    /* U+529B "力" */
    0x4, 0x0, 0x20, 0x1, 0x1, 0xff, 0xf0, 0x41,
    0x82, 0xc, 0x10, 0x61, 0x2, 0x8, 0x10, 0x80,
    0x8c, 0xc, 0xc0, 0x6c, 0x1e, 0x0,

    /* U+52A0 "加" */
    0x20, 0x1, 0x0, 0x8, 0x3f, 0xfd, 0x32, 0x69,
    0x93, 0x4c, 0x9a, 0x64, 0xd3, 0x26, 0x9a, 0x34,
    0xd1, 0xa7, 0x8d, 0xf9, 0xc9, 0x80,

    /* U+52DD "勝" */
    0x0, 0x3, 0xa9, 0x14, 0xc8, 0xaf, 0xf7, 0x14,
    0x2b, 0xfd, 0x4c, 0xce, 0xa3, 0xd7, 0xee, 0x89,
    0x34, 0x49, 0x24, 0x4b, 0x4e, 0x0,

    /* U+5317 "北" */
    0xc, 0x80, 0x64, 0x3, 0x20, 0x19, 0x2f, 0xcb,
    0x6, 0x60, 0x32, 0x1, 0x90, 0xc, 0x80, 0xe4,
    0x7b, 0x23, 0x19, 0x10, 0xcf, 0x80,

    /* U+533A "区" */
    0xff, 0xfe, 0x0, 0x30, 0x11, 0x99, 0x8c, 0x28,
    0x60, 0xc3, 0xb, 0x19, 0x8c, 0xd8, 0x26, 0x0,
    0x3f, 0xff, 0x80, 0x0,

    /* U+5341 "十" */
    0x2, 0x0, 0x10, 0x0, 0x80, 0x4, 0x0, 0x20,
    0x1, 0x3, 0xff, 0xe0, 0x40, 0x2, 0x0, 0x10,
    0x0, 0x80, 0x4, 0x0, 0x20, 0x0,

    /* U+5343 "千" */
    0x1, 0xe3, 0xf0, 0x0, 0x80, 0x4, 0x0, 0x20,
    0x7f, 0xfc, 0x8, 0x0, 0x40, 0x2, 0x0, 0x10,
    0x0, 0x80, 0x4, 0x0,

    /* U+5348 "午" */
    0x10, 0x1, 0x80, 0xf, 0xfc, 0x44, 0x4, 0x20,
    0x21, 0x0, 0x8, 0x1f, 0xff, 0x2, 0x0, 0x10,
    0x0, 0x80, 0x4, 0x0, 0x20, 0x0,

    /* U+534A "半" */
    0x22, 0x21, 0x11, 0x4, 0x98, 0x24, 0x80, 0x20,
    0x3f, 0xf8, 0x8, 0x0, 0x40, 0xff, 0xf8, 0x10,
    0x0, 0x80, 0x4, 0x0, 0x20, 0x0,

    /* U+5353 "卓" */
    0x2, 0x0, 0x1f, 0x80, 0x80, 0x7f, 0xe2, 0x1,
    0x10, 0x8, 0xff, 0xc7, 0xfe, 0x3f, 0xf0, 0x10,
    0x3f, 0xfe, 0x4, 0x0, 0x20, 0x0,

    /* U+5354 "協" */
    0x20, 0x80, 0x82, 0x2, 0x3f, 0x88, 0x46, 0xf9,
    0x18, 0x99, 0xc2, 0x0, 0x9, 0x8, 0x2f, 0xfc,
    0x96, 0xb2, 0x94, 0xca, 0x52, 0x33, 0x98,

    /* U+5357 "南" */
    0x2, 0x0, 0x10, 0x3f, 0xfe, 0x4, 0x7, 0xff,
    0x20, 0x19, 0x24, 0xcb, 0xf6, 0x42, 0x32, 0xfd,
    0x90, 0x8c, 0x84, 0x64, 0x2f, 0x0,

    /* U+5370 "印" */
    0xc, 0xf, 0x9f, 0xc1, 0x1c, 0x11, 0xc1, 0x1f,
    0xd1, 0xc1, 0x1c, 0x11, 0xc1, 0x1c, 0x11, 0xfd,
    0x7c, 0x10, 0x1, 0x0,

    /* U+539F "原" */
    0x7f, 0xf9, 0x84, 0x6, 0xff, 0x1a, 0x4, 0x6f,
    0xf1, 0xa0, 0x46, 0x81, 0x1b, 0xfc, 0x61, 0x1,
    0x24, 0xcd, 0x10, 0xa1, 0xc0,

    /* U+53C2 "参" */
    0x8, 0x80, 0xc3, 0x1f, 0xfc, 0x8, 0xf, 0xff,
    0x8c, 0x20, 0xd9, 0x9b, 0x13, 0x83, 0x0, 0xe3,
    0x0, 0x70, 0x3c, 0x2, 0x0, 0x0,

    /* U+53CB "友" */
    0x8, 0x0, 0x80, 0x8, 0xf, 0xff, 0x10, 0x1,
    0xfc, 0x18, 0x43, 0x8c, 0x24, 0x86, 0x30, 0x47,
    0x89, 0xcf, 0x0, 0x10,

    /* U+53CE "収" */
    0x8, 0x0, 0x7f, 0xd2, 0x6, 0x94, 0x24, 0xa3,
    0x24, 0x99, 0x24, 0x89, 0x3c, 0x78, 0xc6, 0x46,
    0x2, 0x78, 0x16, 0x60, 0xc0, 0x80,

    /* U+53D6 "取" */
    0xff, 0x1, 0x9f, 0xf6, 0x78, 0xdf, 0xa2, 0x66,
    0x99, 0x9b, 0x67, 0xe5, 0x19, 0x9c, 0x66, 0x63,
    0xf9, 0x40, 0x78, 0x81, 0xc1,

    /* U+53D7 "受" */
    0x0, 0x67, 0xfc, 0x11, 0x8, 0x4c, 0x8f, 0xff,
    0x40, 0xa, 0x0, 0x47, 0xfc, 0x30, 0xc0, 0xcc,
    0x3, 0xc0, 0x3f, 0xf, 0xf, 0x80,

    /* U+53E3 "口" */
    0xff, 0xe0, 0x18, 0x6, 0x1, 0x80, 0x60, 0x18,
    0x6, 0x1, 0x80, 0x7f, 0xf8, 0x4,

    /* U+53E4 "古" */
    0x2, 0x0, 0x10, 0x0, 0x81, 0xff, 0xf0, 0x20,
    0x1, 0x0, 0x8, 0xf, 0xfe, 0x60, 0x33, 0x1,
    0x98, 0xc, 0xff, 0xe6, 0x3, 0x0,

    /* U+53F0 "台" */
    0x8, 0x0, 0x80, 0x10, 0xc3, 0x6, 0xff, 0xf0,
    0x1, 0x0, 0x7, 0xfe, 0x60, 0x66, 0x6, 0x60,
    0x67, 0xfe, 0x60, 0x60,

    /* U+53F2 "史" */
    0x2, 0x0, 0x10, 0x1f, 0xfc, 0x84, 0x24, 0x21,
    0x21, 0x9, 0xff, 0xc0, 0x40, 0x22, 0x0, 0xa0,
    0x3, 0x0, 0x6e, 0xc, 0xf, 0x80,

    /* U+53F3 "右" */
    0x0, 0x0, 0xc0, 0x8, 0xf, 0xff, 0x18, 0x1,
    0x0, 0x30, 0x3, 0xfe, 0x50, 0x29, 0x2, 0x10,
    0x21, 0xfe, 0x10, 0x20,

    /* U+53F8 "司" */
    0xff, 0xf0, 0x3, 0x0, 0x3f, 0xf3, 0x0, 0x3f,
    0xe3, 0x82, 0x38, 0x23, 0x82, 0x3f, 0xe3, 0x80,
    0x30, 0x1e,

    /* U+5404 "各" */
    0x0, 0x0, 0x30, 0x1, 0xff, 0xe, 0x18, 0x6c,
    0xc0, 0xc, 0x0, 0xcc, 0x3c, 0xf, 0x3f, 0xe0,
    0xc0, 0x83, 0x2, 0xc, 0x8, 0x3f, 0xe0,

    /* U+5408 "合" */
    0x3, 0x0, 0x1e, 0x0, 0xcc, 0x6, 0x18, 0x30,
    0x31, 0x7f, 0xb0, 0x0, 0x7, 0xfc, 0x10, 0x30,
    0x40, 0xc1, 0x3, 0x4, 0xc, 0x1f, 0xf0,

    /* U+540C "同" */
    0xff, 0xf0, 0x6, 0xfe, 0xc0, 0x18, 0x3, 0x3e,
    0x64, 0x4c, 0x89, 0x9f, 0x32, 0x6, 0x0, 0xc0,
    0x70,

    /* U+540D "名" */
    0x4, 0x0, 0x7e, 0x4, 0x30, 0xf1, 0x0, 0x58,
    0x1, 0x80, 0x3f, 0xe3, 0x83, 0xec, 0x18, 0x60,
    0xc3, 0x6, 0x1f, 0xf0,

    /* U+5438 "吸" */
    0x7, 0xe3, 0xec, 0x8c, 0xb2, 0x32, 0xd8, 0xca,
    0xff, 0x2a, 0x2c, 0xa9, 0xbe, 0x96, 0xc4, 0x70,
    0x11, 0x80, 0x9d, 0x86, 0xc3,

    /* U+544A "告" */
    0x12, 0x2, 0x20, 0x3f, 0xe4, 0x20, 0x2, 0xf,
    0xff, 0x0, 0x0, 0x0, 0x7f, 0xe6, 0x6, 0x60,
    0x67, 0xfe, 0x60, 0x60,

    /* U+5468 "周" */
    0x7f, 0xfb, 0x10, 0xdf, 0xf6, 0xc4, 0x37, 0xfd,
    0xb0, 0xd, 0x80, 0x6f, 0xf3, 0x78, 0x9a, 0xfc,
    0xf6, 0x7, 0x1, 0xe0,

    /* U+547C "呼" */
    0x1, 0xf7, 0xb4, 0x35, 0x25, 0xa9, 0x2d, 0x2a,
    0x68, 0x43, 0x7f, 0xfe, 0x10, 0xc0, 0x80, 0x4,
    0x0, 0x20, 0x7, 0x0,

    /* U+548C "和" */
    0xc, 0x7, 0x80, 0x51, 0xf1, 0x11, 0xfd, 0x13,
    0x11, 0x39, 0x13, 0x51, 0x55, 0x19, 0x11, 0x91,
    0xf1, 0x11, 0x10, 0x0,

    /* U+54B2 "咲" */
    0x2, 0x37, 0xd1, 0x32, 0x9, 0x9f, 0xec, 0x88,
    0x64, 0x43, 0x3f, 0xf9, 0xff, 0xf8, 0xc6, 0xa,
    0x0, 0xd8, 0xc, 0x60, 0x41, 0x80,

    /* U+5546 "商" */
    0x2, 0xf, 0xff, 0x10, 0xc7, 0xff, 0x7f, 0xf4,
    0x91, 0x59, 0x37, 0xd, 0x5f, 0x95, 0x89, 0x58,
    0x95, 0xf9, 0x58, 0x70,

    /* U+559C "喜" */
    0x3, 0x3, 0xff, 0xc0, 0xc0, 0x7f, 0xe1, 0xfe,
    0x8, 0x10, 0x7f, 0x81, 0x8, 0xff, 0xf8, 0x0,
    0x7, 0xfc, 0x20, 0x61, 0xff, 0x0,

    /* U+5631 "嘱" */
    0xf, 0xff, 0xc1, 0xdf, 0xfd, 0xff, 0xdc, 0x4d,
    0xdf, 0xde, 0x5f, 0xde, 0xcb, 0xf0, 0xa5, 0x1b,
    0xf1, 0x21,

    /* U+5668 "器" */
    0x3c, 0xf1, 0x24, 0x89, 0x24, 0x79, 0xe0, 0x20,
    0x7f, 0xfc, 0x23, 0x6, 0x4, 0xfc, 0xf9, 0x24,
    0x89, 0x24, 0x79, 0xe0,

    /* U+56DB "四" */
    0xff, 0xff, 0xff, 0xc9, 0x1c, 0x91, 0xc9, 0x1d,
    0x13, 0xd1, 0xfe, 0x1, 0xc0, 0x1c, 0x1, 0xff,
    0xfc, 0x1,

    /* U+56DE "回" */
    0xff, 0xfc, 0x1, 0xc0, 0x1c, 0xf9, 0xc8, 0x9c,
    0x89, 0xc8, 0x9c, 0xf9, 0xc0, 0x1c, 0x1, 0xff,
    0xfc, 0x1,

    /* U+56F2 "囲" */
    0xff, 0xfe, 0x24, 0xf1, 0x27, 0xbf, 0xfc, 0x49,
    0xe2, 0x4f, 0x7f, 0xf8, 0x93, 0xc8, 0x9e, 0x84,
    0xff, 0xff, 0x80, 0x30,

    /* U+56F3 "図" */
    0xff, 0xfe, 0x0, 0xf4, 0x97, 0x95, 0x3c, 0x9,
    0xec, 0x8f, 0x18, 0x78, 0xb3, 0xd8, 0x5e, 0x80,
    0xff, 0xff, 0x80, 0x30,

    /* U+56FA "固" */
    0xff, 0xfe, 0x10, 0xf0, 0x87, 0xff, 0xbc, 0x21,
    0xe7, 0xcf, 0x22, 0x79, 0x13, 0xcf, 0x9e, 0x0,
    0xff, 0xff, 0x80, 0x30,

    /* U+56FD "国" */
    0xff, 0xfe, 0x0, 0xf7, 0xf7, 0x84, 0x3c, 0x21,
    0xef, 0xef, 0xa, 0x78, 0x4b, 0xdf, 0xde, 0x0,
    0xff, 0xff, 0x80, 0x30,

    /* U+5712 "園" */
    0xff, 0xfc, 0x21, 0xcf, 0xdd, 0xff, 0xc0, 0x1d,
    0xfd, 0xdf, 0xdc, 0x77, 0xce, 0x9d, 0x27, 0xc2,
    0x1f, 0xff,

    /* U+571F "土" */
    0x2, 0x0, 0x10, 0x0, 0x80, 0x4, 0x0, 0x20,
    0x3f, 0xf8, 0x8, 0x0, 0x40, 0x2, 0x0, 0x10,
    0x0, 0x81, 0xff, 0xf0,

    /* U+5728 "在" */
    0x8, 0x0, 0x80, 0xff, 0xf1, 0x0, 0x11, 0x2,
    0x10, 0x61, 0xe, 0xff, 0xa1, 0x2, 0x10, 0x21,
    0x2, 0x10, 0x2f, 0xf0,

    /* U+5730 "地" */
    0x20, 0x41, 0x12, 0x8, 0x90, 0x44, 0xef, 0xaf,
    0x13, 0xa8, 0xa9, 0x44, 0x4a, 0x3a, 0x73, 0x12,
    0x20, 0x82, 0x4, 0x10, 0x3f, 0x0,

    /* U+5742 "坂" */
    0x20, 0x0, 0x9f, 0xf2, 0x60, 0x3d, 0x80, 0x27,
    0xf8, 0x9c, 0x62, 0x73, 0x9, 0xac, 0x3e, 0xa3,
    0x91, 0x88, 0x4e, 0x2, 0x6c, 0xa, 0x8,

    /* U+578B "型" */
    0x0, 0x17, 0xe9, 0x24, 0x92, 0x49, 0xff, 0x92,
    0x41, 0x44, 0x1c, 0x67, 0x2, 0x7, 0xfe, 0x2,
    0xf, 0xff,

    /* U+5834 "場" */
    0x20, 0x1, 0x1f, 0x88, 0x85, 0xf7, 0xe2, 0x3f,
    0x10, 0x0, 0xbf, 0xe4, 0x40, 0x3f, 0xff, 0xc9,
    0x40, 0xd2, 0x19, 0x90, 0x1b, 0x0,

    /* U+5869 "塩" */
    0x22, 0x0, 0x88, 0x2, 0x7f, 0x89, 0x0, 0xfb,
    0xf0, 0x88, 0x42, 0x3f, 0x8, 0x0, 0x3f, 0xfb,
    0x95, 0x20, 0x54, 0x87, 0xff, 0x1f, 0xfc,

    /* U+5897 "増" */
    0x22, 0x11, 0x11, 0x9, 0xfe, 0x49, 0x1f, 0xff,
    0x92, 0x44, 0x9f, 0xe4, 0x0, 0x2b, 0xf9, 0x90,
    0xf0, 0xfe, 0x4, 0x30, 0x3f, 0x80,

    /* U+58EB "士" */
    0x2, 0x0, 0x10, 0x0, 0x80, 0x4, 0x0, 0x20,
    0x7f, 0xfc, 0x8, 0x0, 0x40, 0x2, 0x0, 0x10,
    0x0, 0x80, 0xff, 0xe0,

    /* U+58F2 "売" */
    0x2, 0x0, 0x10, 0x3f, 0xfe, 0x4, 0x3, 0xfe,
    0x0, 0x1, 0xff, 0xc8, 0x2, 0x48, 0x90, 0x44,
    0x2, 0x22, 0x61, 0x1e, 0xf, 0x0,

    /* U+590F "夏" */
    0x7f, 0xf8, 0xff, 0xc2, 0x1, 0xf, 0xfc, 0x3f,
    0xf0, 0x80, 0x41, 0xfe, 0x7, 0xf8, 0x38, 0x41,
    0x1e, 0x0, 0xfc, 0x1c, 0xe,

    /* U+5916 "外" */
    0x10, 0x40, 0x82, 0xf, 0xd0, 0x46, 0x84, 0x2c,
    0x73, 0x62, 0x51, 0x1, 0x8c, 0x8, 0x58, 0xc2,
    0x4c, 0x10, 0xc0, 0x8c, 0x4, 0x0,

    /* U+591A "多" */
    0x4, 0x0, 0xfe, 0xc, 0x31, 0xb3, 0x0, 0x70,
    0x6, 0x83, 0xcf, 0xf1, 0x86, 0x76, 0x60, 0x1e,
    0x0, 0xe0, 0x3c, 0x7, 0x0, 0x0,

    /* U+591C "夜" */
    0x2, 0x0, 0x10, 0x3f, 0xfe, 0x22, 0x1, 0x1f,
    0x11, 0x9, 0x9a, 0xdd, 0xc4, 0x21, 0x61, 0xe,
    0x8, 0x70, 0x4c, 0x62, 0xc1, 0x80,

    /* U+5927 "大" */
    0x4, 0x0, 0x40, 0x4, 0x0, 0x40, 0xff, 0xf0,
    0x60, 0x6, 0x0, 0x90, 0x9, 0x1, 0x8, 0x30,
    0x4e, 0x3, 0x80, 0x10,

    /* U+5929 "天" */
    0xff, 0xf8, 0x10, 0x0, 0x80, 0x4, 0x0, 0x20,
    0x3f, 0xf8, 0xc, 0x0, 0xa0, 0x5, 0x80, 0x44,
    0xc, 0x19, 0xc0, 0x70,

    /* U+592A "太" */
    0x4, 0x0, 0x40, 0x4, 0x0, 0x40, 0xff, 0xf0,
    0x60, 0x6, 0x0, 0x90, 0x9, 0x1, 0x88, 0x36,
    0xc6, 0x36, 0xc0, 0x10,

    /* U+5973 "女" */
    0x4, 0x0, 0x20, 0x2, 0x1, 0xff, 0xf1, 0x86,
    0x8, 0x20, 0xc1, 0x7, 0x18, 0x2f, 0x80, 0x1c,
    0x3, 0x99, 0xf0, 0x70, 0x0, 0x0,

    /* U+59B9 "妹" */
    0x20, 0x40, 0x81, 0x2, 0x3f, 0xbf, 0x10, 0x48,
    0x41, 0x21, 0x4, 0xbf, 0x96, 0x38, 0xf8, 0xe0,
    0xc5, 0x43, 0xb4, 0x99, 0x92, 0x40, 0x40,

    /* U+5B50 "子" */
    0x7f, 0xf0, 0x3, 0x0, 0x30, 0x3, 0x0, 0x20,
    0x1, 0x3, 0xff, 0xe0, 0x40, 0x2, 0x0, 0x10,
    0x0, 0x80, 0x3c, 0x0,

    /* U+5B57 "字" */
    0x4, 0x0, 0x40, 0xff, 0xf8, 0x1, 0xbf, 0xd8,
    0x19, 0x3, 0x0, 0x40, 0xff, 0xe0, 0x40, 0x4,
    0x0, 0x40, 0x1c, 0x0,

    /* U+5B58 "存" */
    0x8, 0x0, 0x80, 0xff, 0xf1, 0x0, 0x10, 0x2,
    0x7e, 0x60, 0xce, 0x8, 0x2f, 0xf2, 0x8, 0x20,
    0x82, 0x8, 0x27, 0x0,

    /* U+5B63 "季" */
    0x0, 0x63, 0xfc, 0x0, 0x81, 0xff, 0xf0, 0xf8,
    0xd, 0x61, 0x80, 0xdb, 0xff, 0x3, 0x7, 0xff,
    0xc0, 0x80, 0x4, 0x0, 0xe0, 0x0,

    /* U+5B66 "学" */
    0x22, 0x31, 0x13, 0x1f, 0xfe, 0x80, 0x17, 0xfe,
    0x80, 0xe0, 0xc, 0x1f, 0xff, 0x2, 0x0, 0x10,
    0x0, 0x80, 0x3c, 0x0,

    /* U+5B85 "宅" */
    0x2, 0x0, 0x20, 0xff, 0xf8, 0x1, 0x81, 0xd3,
    0xe0, 0x44, 0x0, 0x47, 0xff, 0x80, 0x40, 0x4,
    0x10, 0x41, 0x7, 0xf0,

    /* U+5B88 "守" */
    0x2, 0x0, 0x10, 0x1f, 0xfe, 0x80, 0x14, 0x8,
    0x80, 0x43, 0xff, 0xe0, 0x10, 0x10, 0x80, 0x44,
    0x2, 0x20, 0x1, 0x0, 0x38, 0x0,

    /* U+5B8C "完" */
    0x3, 0x0, 0x18, 0x1f, 0xfe, 0x80, 0x15, 0xfe,
    0x80, 0x1, 0xff, 0xef, 0xff, 0x8, 0x80, 0x44,
    0x6, 0x22, 0x61, 0x16, 0xf, 0x80,

    /* U+5B97 "宗" */
    0x4, 0x0, 0x40, 0xff, 0xf8, 0x1, 0xbf, 0x90,
    0x0, 0x0, 0xf, 0xff, 0x4, 0x2, 0x48, 0x44,
    0x68, 0x43, 0x1c, 0x0,

    /* U+5B98 "官" */
    0x4, 0xf, 0xff, 0x80, 0x18, 0x1, 0x7f, 0xc6,
    0x4, 0x7f, 0xc6, 0x0, 0x60, 0x7, 0xfe, 0x60,
    0x27, 0xfe, 0x60, 0x20,

    /* U+5B9F "実" */
    0x6, 0xf, 0xff, 0x80, 0x18, 0x61, 0x7f, 0xe0,
    0x60, 0x7f, 0xe0, 0x40, 0xff, 0xf0, 0xe0, 0x19,
    0x86, 0xe, 0x80, 0x10,

    /* U+5BA3 "宣" */
    0x6, 0xf, 0xff, 0x80, 0x18, 0x1, 0x3f, 0xc0,
    0x0, 0x3f, 0xc2, 0x4, 0x3f, 0xc2, 0x4, 0x3f,
    0xc0, 0x0, 0xff, 0xf0,

    /* U+5BA4 "室" */
    0x2, 0x3, 0xff, 0xd0, 0x2, 0x80, 0x13, 0xfe,
    0x4, 0x41, 0xff, 0x8f, 0xfe, 0x2, 0x1, 0xff,
    0x80, 0x81, 0xff, 0xff, 0xff, 0x80,

    /* U+5BB0 "宰" */
    0x2, 0x3, 0xff, 0xd0, 0x2, 0x84, 0x13, 0xff,
    0x0, 0x20, 0x22, 0x1f, 0xff, 0x2, 0x0, 0x10,
    0x1f, 0xfc, 0x4, 0x0, 0x20, 0x0,

    /* U+5BB3 "害" */
    0x4, 0xf, 0xff, 0x80, 0x18, 0x41, 0x7f, 0xc0,
    0x40, 0x7f, 0xef, 0xff, 0xff, 0xf3, 0xfc, 0x20,
    0x42, 0x4, 0x3f, 0xc0,

    /* U+5BB6 "家" */
    0x6, 0xf, 0xff, 0x80, 0x18, 0x1, 0x3f, 0xc0,
    0x90, 0x7d, 0x28, 0xcc, 0x32, 0x8c, 0xe4, 0x32,
    0x3c, 0x21, 0xc, 0x0,

    /* U+5BBF "宿" */
    0x3, 0x3, 0xff, 0xd0, 0x2, 0x90, 0x11, 0x7f,
    0x98, 0x41, 0xdf, 0xde, 0xc2, 0x36, 0x11, 0xbf,
    0x8d, 0x84, 0x6c, 0x23, 0x7f, 0x0,

    /* U+5BDF "察" */
    0x4, 0x7, 0xff, 0xa4, 0x85, 0x7f, 0xe6, 0x92,
    0x6c, 0xb1, 0xc3, 0x5, 0xf4, 0xc0, 0x13, 0xff,
    0x5, 0x10, 0xc8, 0x68, 0xc1, 0x0,

    /* U+5C02 "専" */
    0x4, 0xf, 0xff, 0x4, 0x7, 0xfe, 0x44, 0x27,
    0xfe, 0x44, 0x27, 0xfe, 0x0, 0x8f, 0xff, 0x20,
    0x81, 0x8, 0x7, 0x80,

    /* U+5C0F "小" */
    0x2, 0x0, 0x10, 0x0, 0x80, 0x44, 0x2, 0x22,
    0x11, 0x11, 0x88, 0x48, 0x42, 0x42, 0x1c, 0x10,
    0x40, 0x80, 0x4, 0x0, 0xe0, 0x0,

    /* U+5C11 "少" */
    0x2, 0x0, 0x10, 0x4, 0x90, 0x64, 0x42, 0x23,
    0x31, 0xb, 0x8, 0x20, 0x4c, 0xe, 0x40, 0x6,
    0x0, 0x60, 0xe, 0x7, 0xc0, 0x0,

    /* U+5C31 "就" */
    0x10, 0x40, 0x82, 0xbf, 0x94, 0x0, 0x87, 0xdf,
    0xa2, 0x21, 0xf1, 0x8f, 0x9c, 0x10, 0xa2, 0xa5,
    0x15, 0xcb, 0x26, 0x53, 0x63, 0x80,

    /* U+5C3A "尺" */
    0x3f, 0xf1, 0x80, 0x8c, 0x4, 0x60, 0x23, 0xff,
    0x18, 0x40, 0xc2, 0x6, 0x10, 0x20, 0x43, 0x1,
    0x10, 0x6, 0x80, 0x10,

    /* U+5C64 "層" */
    0x7f, 0xf6, 0x1, 0x7f, 0xf6, 0x44, 0x7f, 0xf7,
    0xff, 0x7f, 0xf6, 0x0, 0x7f, 0xf5, 0xff, 0x58,
    0x39, 0xff,

    /* U+5C71 "山" */
    0x2, 0x0, 0x20, 0x2, 0x0, 0x20, 0xc2, 0x3c,
    0x23, 0xc2, 0x3c, 0x23, 0xc2, 0x3c, 0x23, 0xc2,
    0x3f, 0xff, 0xc0, 0x30,

    /* U+5CA9 "岩" */
    0x2, 0x2, 0x10, 0x90, 0x84, 0xff, 0xe0, 0x0,
    0x7f, 0xfc, 0x60, 0x2, 0x0, 0x3f, 0xf3, 0x80,
    0xbc, 0x4, 0x60, 0x23, 0xff, 0x0,

    /* U+5DDD "川" */
    0x20, 0x12, 0x21, 0x22, 0x12, 0x21, 0x22, 0x12,
    0x21, 0x22, 0x12, 0x21, 0x22, 0x16, 0x21, 0x42,
    0x1c, 0x1,

    /* U+5DE5 "工" */
    0x7f, 0xf3, 0xff, 0x80, 0x80, 0x4, 0x0, 0x20,
    0x1, 0x0, 0x8, 0x0, 0x40, 0x2, 0x0, 0x10,
    0x3f, 0xff, 0xff, 0xf0,

    /* U+5DE6 "左" */
    0x4, 0x0, 0x20, 0x1, 0x0, 0xff, 0xf0, 0x80,
    0x4, 0x0, 0x20, 0x2, 0xff, 0x10, 0x81, 0x4,
    0x18, 0x20, 0xbf, 0xf1, 0xff, 0x80,

    /* U+5DEE "差" */
    0x8, 0x40, 0x44, 0x1f, 0xfc, 0x4, 0x3, 0xff,
    0x1, 0x3, 0xff, 0xe3, 0x0, 0x10, 0x0, 0xbf,
    0x88, 0x40, 0x42, 0x5, 0xff, 0x80,

    /* U+5E02 "市" */
    0x2, 0x0, 0x10, 0x3f, 0xff, 0xff, 0xf0, 0x20,
    0x1f, 0xf8, 0x88, 0xc4, 0x46, 0x22, 0x31, 0x11,
    0x88, 0xbc, 0x4, 0x0, 0x20, 0x0,

    /* U+5E0C "希" */
    0x0, 0x3, 0x8c, 0x7, 0x7, 0x8c, 0x8, 0x2f,
    0xff, 0x12, 0x3, 0xfe, 0x62, 0x2a, 0x22, 0x22,
    0x22, 0x2e, 0x2, 0x0,

    /* U+5E2D "席" */
    0x1, 0x3, 0xff, 0xd8, 0x0, 0xc8, 0x47, 0xff,
    0xb2, 0x11, 0x90, 0x8c, 0x78, 0x6f, 0xfb, 0x44,
    0xd2, 0x26, 0x91, 0x38, 0xb, 0x0,

    /* U+5E30 "帰" */
    0x20, 0x2, 0xfe, 0xa0, 0x2a, 0x3e, 0xaf, 0xeb,
    0xff, 0xbf, 0xfb, 0x91, 0xaf, 0xe2, 0xd2, 0x4d,
    0x24, 0xd6, 0x81, 0x0,

    /* U+5E74 "年" */
    0x10, 0x3, 0xfe, 0x3f, 0xe4, 0x20, 0xc2, 0xb,
    0xfe, 0x22, 0x2, 0x20, 0x22, 0xf, 0xff, 0xff,
    0xf0, 0x20, 0x2, 0x0,

    /* U+5E83 "広" */
    0x1, 0x0, 0x4, 0x7, 0xff, 0x9f, 0xfe, 0x61,
    0x1, 0x84, 0x6, 0x20, 0x18, 0x80, 0x62, 0x21,
    0x90, 0x44, 0x41, 0x17, 0xfe, 0x80, 0xc,

    /* U+5E8F "序" */
    0x1, 0x0, 0x8, 0x1f, 0xfe, 0xc0, 0x6, 0xff,
    0xb1, 0x31, 0x87, 0xf, 0xff, 0x60, 0x93, 0x4,
    0x90, 0x20, 0x81, 0xc, 0x78, 0x0,

    /* U+5E97 "店" */
    0x1, 0x0, 0x8, 0x1f, 0xfe, 0xc2, 0x6, 0x10,
    0x30, 0xfd, 0x84, 0xc, 0x20, 0x7f, 0xfb, 0xc0,
    0xd6, 0x6, 0xb0, 0x3d, 0xff, 0x80,

    /* U+5EAB "庫" */
    0x1, 0x3, 0xff, 0xd8, 0x20, 0xff, 0xf6, 0x8,
    0x37, 0xf9, 0xa2, 0x4d, 0xfe, 0x68, 0x93, 0x3f,
    0x17, 0xfe, 0x81, 0xc, 0x8, 0x0,

    /* U+5EB7 "康" */
    0x1, 0x3, 0xff, 0xd8, 0x40, 0xdf, 0xe6, 0x11,
    0x3f, 0xfd, 0x84, 0x4d, 0xfe, 0x69, 0x83, 0x2f,
    0x90, 0xd0, 0xba, 0x6c, 0x70, 0x80,

    /* U+5F13 "弓" */
    0xff, 0xc0, 0x8, 0x1, 0x3f, 0xe4, 0x1, 0x80,
    0x3f, 0xfc, 0x3, 0x0, 0x40, 0x8, 0x1, 0x3,
    0xc0,

    /* U+5F15 "引" */
    0x0, 0x3f, 0x84, 0x10, 0x82, 0x17, 0xc2, 0x80,
    0x70, 0xf, 0xe1, 0x84, 0x20, 0x84, 0x10, 0x86,
    0x13, 0x82,

    /* U+5F1F "弟" */
    0x10, 0x40, 0x82, 0x1f, 0xfc, 0xff, 0xe0, 0x21,
    0x1f, 0xf8, 0x88, 0x8, 0x40, 0x7f, 0xf8, 0x30,
    0xc6, 0x85, 0xc4, 0xe0, 0x20, 0x0,

    /* U+5F31 "弱" */
    0x7d, 0xf0, 0x41, 0x4, 0x17, 0xdf, 0x41, 0x7,
    0xdf, 0x44, 0x12, 0x49, 0x4, 0x17, 0x5d, 0x4,
    0x11, 0x8e,

    /* U+5F37 "強" */
    0x1, 0x7, 0x89, 0x4, 0x8c, 0x2f, 0xef, 0x8,
    0x43, 0xfb, 0xd2, 0x52, 0x92, 0x17, 0xf0, 0x85,
    0x4, 0x2c, 0x3f, 0xe6, 0xf0, 0x80,

    /* U+5F53 "当" */
    0x4, 0x8, 0x89, 0x11, 0x12, 0x40, 0x41, 0xff,
    0xff, 0xf8, 0x3, 0x7f, 0xe0, 0xc, 0x1, 0xff,
    0xf0, 0x6,

    /* U+5F62 "形" */
    0x0, 0x17, 0xf1, 0x89, 0x18, 0x4b, 0x2, 0x40,
    0x12, 0xb, 0xfd, 0x84, 0x98, 0x24, 0x1, 0x20,
    0x91, 0x8, 0x89, 0x88, 0x58, 0x0,

    /* U+5F84 "径" */
    0x10, 0x1, 0x3f, 0x98, 0x8d, 0xa4, 0x41, 0x14,
    0x10, 0xe1, 0x98, 0xd5, 0x11, 0x20, 0x81, 0x3f,
    0x88, 0x20, 0x5f, 0xf2, 0xff, 0x80,

    /* U+5F85 "待" */
    0x10, 0x82, 0x8, 0x47, 0xf9, 0x8, 0x2f, 0xf6,
    0xff, 0xe0, 0x2a, 0xff, 0x20, 0x22, 0x22, 0x23,
    0x22, 0x2, 0x20, 0xe0,

    /* U+5F8C "後" */
    0x31, 0x3, 0x11, 0x31, 0x10, 0x25, 0x42, 0x33,
    0x37, 0xfe, 0x88, 0x24, 0x7e, 0x2e, 0x61, 0x5e,
    0x8, 0x60, 0x4e, 0xc2, 0xc1, 0x80,

    /* U+5F93 "従" */
    0x0, 0x1, 0x21, 0x90, 0x89, 0x4, 0x2, 0xff,
    0xb0, 0x43, 0x92, 0x14, 0x9e, 0x28, 0x81, 0x64,
    0xb, 0x20, 0x57, 0x3, 0x1f, 0x80,

    /* U+5FC3 "心" */
    0x0, 0x0, 0x1c, 0x0, 0x1c, 0x0, 0x0, 0x8,
    0x0, 0xa0, 0xc6, 0x81, 0x12, 0x2, 0x48, 0x9,
    0x20, 0xb8, 0x82, 0x2, 0x8, 0xf, 0xc0,

    /* U+601D "思" */
    0x7f, 0xe4, 0x42, 0x44, 0x27, 0xfe, 0x44, 0x27,
    0xfe, 0x0, 0x0, 0xc0, 0x53, 0x25, 0x9, 0x90,
    0xd9, 0xf8,

    /* U+60DC "惜" */
    0x21, 0x21, 0x9, 0x8, 0xff, 0x62, 0x4a, 0x92,
    0x57, 0xfe, 0x80, 0x4, 0xfe, 0x26, 0x11, 0x3f,
    0x89, 0x84, 0x4c, 0x22, 0x7f, 0x0,

    /* U+60F3 "想" */
    0x10, 0x0, 0x8f, 0xbf, 0x44, 0x23, 0xe3, 0x91,
    0x2a, 0xfb, 0x44, 0x42, 0x3e, 0x6, 0x3, 0x59,
    0x12, 0x54, 0x90, 0xb0, 0xfc, 0x0,

    /* U+611B "愛" */
    0x0, 0x67, 0xf8, 0x24, 0x4f, 0xff, 0x8e, 0x1d,
    0x27, 0x5f, 0x30, 0x80, 0x1f, 0xc7, 0x18, 0x8f,
    0x3, 0xfc, 0xc0, 0x30,

    /* U+6210 "成" */
    0x0, 0xa0, 0x2, 0x40, 0x8, 0x9f, 0xff, 0x60,
    0x81, 0xfa, 0x46, 0x69, 0x19, 0xbc, 0x66, 0x61,
    0x91, 0x7, 0xce, 0x50, 0x69, 0xc2, 0x18,

    /* U+6226 "戦" */
    0x92, 0xa4, 0xa5, 0xb5, 0x25, 0xf9, 0x9, 0x5f,
    0x7e, 0x4a, 0x52, 0x52, 0x8c, 0xfc, 0x60, 0x82,
    0x3f, 0xb2, 0x26, 0x51, 0x23, 0x0,

    /* U+6238 "戸" */
    0xff, 0xf0, 0x0, 0x0, 0x7, 0xfe, 0x40, 0x24,
    0x2, 0x40, 0x27, 0xfe, 0x40, 0x24, 0x0, 0xc0,
    0x8, 0x0, 0x0, 0x0,

    /* U+624B "手" */
    0x1, 0xe3, 0xf0, 0x0, 0x80, 0x4, 0x7, 0xff,
    0x1, 0x0, 0x8, 0x0, 0x40, 0xff, 0xf8, 0x10,
    0x0, 0x80, 0x4, 0x1, 0xe0, 0x0,

    /* U+624D "才" */
    0x2, 0x0, 0x20, 0x2, 0xf, 0xff, 0x2, 0x0,
    0x26, 0x2, 0xc0, 0x30, 0xe, 0x7, 0x20, 0xc2,
    0x0, 0x20, 0x1e, 0x0,

    /* U+6298 "折" */
    0x20, 0x22, 0x7c, 0x26, 0xf, 0xe0, 0x27, 0xf2,
    0x7f, 0x2e, 0x4f, 0x64, 0xa6, 0x42, 0x64, 0x24,
    0x42, 0xc4, 0x68, 0x40,

    /* U+629E "択" */
    0x20, 0x1, 0x1f, 0x88, 0x85, 0xf4, 0x22, 0x21,
    0x11, 0x8, 0x8f, 0xcf, 0x48, 0xa6, 0x41, 0x32,
    0x9, 0x8, 0x58, 0x6e, 0x81, 0x0,

    /* U+62D3 "拓" */
    0x20, 0x1, 0x3f, 0xc8, 0x41, 0xf2, 0x2, 0x20,
    0x11, 0x0, 0xaf, 0xde, 0xc2, 0x2e, 0x11, 0x10,
    0x88, 0x84, 0x47, 0xee, 0x21, 0x0,

    /* U+6301 "持" */
    0x20, 0x81, 0x4, 0x9, 0xfd, 0xe1, 0x2, 0xff,
    0x97, 0xfc, 0x80, 0x9e, 0xff, 0x20, 0x21, 0x11,
    0x8, 0x48, 0x40, 0x46, 0xe, 0x0,

    /* U+6307 "指" */
    0x22, 0x1, 0x11, 0x88, 0xf1, 0xf4, 0x12, 0x20,
    0x91, 0xfc, 0xa0, 0x1e, 0x7f, 0x22, 0x19, 0x1f,
    0xc8, 0x86, 0x44, 0x36, 0x3f, 0x80,

    /* U+6319 "挙" */
    0x0, 0x2, 0x44, 0x22, 0xcf, 0xff, 0x10, 0x83,
    0xf4, 0x44, 0x3b, 0xfc, 0x4, 0xf, 0xff, 0x4,
    0x0, 0x40, 0x1c, 0x0,

    /* U+635C "捜" */
    0x20, 0x81, 0x3f, 0xc9, 0x27, 0xff, 0xf2, 0x49,
    0x93, 0xfc, 0xc2, 0x1c, 0xfe, 0x27, 0xf9, 0x11,
    0x88, 0x78, 0x47, 0xc6, 0xe1, 0x80,

    /* U+6368 "捨" */
    0x20, 0xc1, 0xa, 0x8, 0x99, 0xe9, 0x22, 0xff,
    0x10, 0x40, 0xff, 0xdc, 0x0, 0xa0, 0x1, 0x1f,
    0xc8, 0x86, 0x44, 0x36, 0x3f, 0x80,

    /* U+6383 "掃" */
    0x20, 0x1, 0x1f, 0x88, 0x5, 0xf3, 0xe2, 0x3f,
    0x13, 0xfc, 0xff, 0xff, 0x91, 0xa3, 0xf1, 0x14,
    0x88, 0xa4, 0x45, 0x66, 0x8, 0x0,

    /* U+6388 "授" */
    0x20, 0x38, 0x9f, 0x2, 0x8, 0xbe, 0xa4, 0x22,
    0x30, 0x9f, 0xf2, 0x40, 0x4d, 0xfe, 0xe3, 0x30,
    0x85, 0x82, 0xc, 0x8, 0xfc, 0x66, 0x18,

    /* U+63A5 "接" */
    0x20, 0x81, 0x7f, 0x8b, 0xfd, 0xe2, 0x42, 0x14,
    0x13, 0xfc, 0x84, 0x1f, 0xff, 0x22, 0x21, 0x32,
    0x9, 0x70, 0x43, 0xc6, 0xe1, 0x0,

    /* U+640D "損" */
    0x20, 0x1, 0x3f, 0x89, 0x5, 0xff, 0xe2, 0x7f,
    0x12, 0x8, 0xff, 0xde, 0x82, 0xa7, 0xf1, 0x20,
    0x89, 0xfc, 0x46, 0x46, 0xc1, 0x80,

    /* U+6442 "摂" */
    0x20, 0x1, 0x7f, 0xc8, 0x89, 0xe7, 0xc2, 0x3e,
    0x11, 0x10, 0xbf, 0xfe, 0x4, 0xa6, 0x31, 0xa,
    0x8, 0x10, 0x4e, 0xe6, 0x81, 0x80,

    /* U+64CD "操" */
    0x20, 0x0, 0x8f, 0x82, 0x22, 0x3c, 0xf8, 0x27,
    0x78, 0x95, 0x23, 0x77, 0x9d, 0xfe, 0xe0, 0x80,
    0x9f, 0xe2, 0x1e, 0x9, 0xae, 0x68, 0x88,

    /* U+6539 "改" */
    0x0, 0x0, 0x8, 0x3f, 0x40, 0x1b, 0xf0, 0xf1,
    0x7f, 0x93, 0x34, 0x98, 0x14, 0xc0, 0xe6, 0x22,
    0x1f, 0x38, 0x6, 0x60, 0x60, 0x80,

    /* U+6551 "救" */
    0x14, 0x80, 0xb4, 0x4, 0x21, 0xfd, 0xf1, 0x19,
    0x2a, 0xc9, 0x5e, 0x42, 0xc, 0x38, 0x66, 0xa3,
    0x24, 0x38, 0x23, 0x27, 0x20, 0x80,

    /* U+6559 "教" */
    0x10, 0x80, 0x94, 0x1f, 0xa0, 0x29, 0xf7, 0xe9,
    0xc, 0xc9, 0xfe, 0x49, 0x8c, 0x8, 0x63, 0xf3,
    0x2, 0x18, 0x13, 0x23, 0x10, 0x80,

    /* U+6563 "散" */
    0x68, 0x83, 0x44, 0x3f, 0x20, 0xd3, 0xff, 0xd9,
    0x1, 0xcb, 0xfa, 0x98, 0x94, 0xfc, 0x66, 0x22,
    0x3f, 0x29, 0x8b, 0x2d, 0xe0, 0x80,

    /* U+6570 "数" */
    0x10, 0x82, 0xa4, 0xd, 0x20, 0xfd, 0xf3, 0x99,
    0x3b, 0xcb, 0x4e, 0x42, 0x14, 0xfe, 0x61, 0x23,
    0x1a, 0x18, 0x31, 0x67, 0x71, 0x81, 0x0,

    /* U+6574 "整" */
    0x10, 0x43, 0xfa, 0x1, 0xf, 0x9f, 0xe4, 0x7e,
    0x50, 0xe1, 0x85, 0x79, 0x80, 0x0, 0x3f, 0xf0,
    0x8, 0x2, 0x3f, 0x8, 0x80, 0x7f, 0xf8,

    /* U+6587 "文" */
    0x2, 0x0, 0x10, 0x3f, 0xfe, 0x60, 0xc1, 0x4,
    0x8, 0x20, 0x22, 0x1, 0xb0, 0x7, 0x0, 0x38,
    0x3, 0x60, 0xe0, 0xe4, 0x1, 0x80,

    /* U+6589 "斉" */
    0x2, 0x7, 0xff, 0xff, 0xfe, 0x19, 0x80, 0x38,
    0x1e, 0x7d, 0xc0, 0xc7, 0xfe, 0x30, 0x31, 0xff,
    0x8c, 0xc, 0xc0, 0x64, 0x3, 0x0,

    /* U+65A5 "斥" */
    0x0, 0x31, 0xfe, 0xc, 0x0, 0x60, 0x3, 0xff,
    0x9f, 0xfc, 0xc2, 0x6, 0x90, 0x33, 0x81, 0x7,
    0x88, 0x24, 0x81, 0x4, 0x8, 0x0,

    /* U+65B0 "新" */
    0x10, 0x37, 0xff, 0x0, 0x60, 0x53, 0x0, 0x18,
    0x7f, 0xfc, 0x46, 0x9f, 0xf4, 0x31, 0xa1, 0xcd,
    0x15, 0x49, 0x26, 0x41, 0x62, 0x0,

    /* U+65B9 "方" */
    0x4, 0x0, 0x40, 0xff, 0xff, 0xff, 0x8, 0x0,
    0x80, 0xf, 0xe1, 0x86, 0x10, 0x41, 0x4, 0x20,
    0x44, 0xc, 0x83, 0x80,

    /* U+65C5 "旅" */
    0x11, 0x0, 0x88, 0x3f, 0x7f, 0xfc, 0x6, 0x63,
    0x3e, 0x61, 0xbd, 0x6d, 0xae, 0x6d, 0x22, 0x69,
    0x12, 0x4d, 0x92, 0x2b, 0x90, 0x80,

    /* U+65CF "族" */
    0x10, 0x80, 0x88, 0x3f, 0x7f, 0xfe, 0x6, 0x28,
    0x30, 0x7d, 0xf5, 0xd, 0x88, 0x6f, 0xfb, 0x63,
    0x13, 0x39, 0x93, 0x2b, 0xb0, 0x80,

    /* U+65D7 "旗" */
    0x31, 0x0, 0xc7, 0xef, 0xd0, 0x3f, 0xa4, 0x60,
    0x91, 0xf7, 0xe6, 0xcf, 0x1b, 0x24, 0x6c, 0xf1,
    0xbf, 0xf4, 0xc0, 0x32, 0x64, 0x9a, 0xc,

    /* U+65E5 "日" */
    0xff, 0xf0, 0x3c, 0xf, 0x3, 0xc0, 0xff, 0xfc,
    0xf, 0x3, 0xc0, 0xf0, 0x3f, 0xff, 0x3,

    /* U+65E9 "早" */
    0x3f, 0xf1, 0x0, 0x8f, 0xfc, 0x40, 0x23, 0xff,
    0x1f, 0xf8, 0x8, 0x0, 0x40, 0xff, 0xf8, 0x10,
    0x0, 0x80, 0x4, 0x0,

    /* U+660E "明" */
    0xff, 0xfe, 0x78, 0xf3, 0xc7, 0x9f, 0xff, 0xf1,
    0xe7, 0x8f, 0x3f, 0xff, 0xe3, 0xc3, 0x18, 0x30,
    0xc1, 0x86, 0x18, 0xe0,

    /* U+661F "星" */
    0x3f, 0xe1, 0x1, 0xf, 0xf8, 0x40, 0x43, 0xfe,
    0x19, 0x0, 0xff, 0xd8, 0x40, 0x3f, 0xe0, 0x10,
    0x0, 0x81, 0xff, 0xf0,

    /* U+6625 "春" */
    0x2, 0x3, 0xff, 0x80, 0x80, 0x7f, 0xe0, 0x48,
    0x7f, 0xfc, 0x61, 0x87, 0xfe, 0xd0, 0x3c, 0xff,
    0x4, 0x8, 0x20, 0x41, 0xfe, 0x0,

    /* U+6628 "昨" */
    0x0, 0x0, 0x10, 0x3f, 0x81, 0x9f, 0xfc, 0xf8,
    0x7e, 0xff, 0x36, 0x19, 0xb0, 0xcd, 0x86, 0x6f,
    0xff, 0x61, 0x83, 0x0, 0x18, 0x0,

    /* U+663C "昼" */
    0x3f, 0xf0, 0xc0, 0x43, 0xff, 0x8, 0x8, 0x2f,
    0xe0, 0xa1, 0x82, 0x87, 0x13, 0xfe, 0xc8, 0x6c,
    0x3f, 0x80, 0x0, 0x1f, 0xfe,

    /* U+6642 "時" */
    0x0, 0x43, 0xf1, 0xc, 0xff, 0xb3, 0x10, 0xcf,
    0xff, 0xf0, 0x4c, 0xc1, 0x33, 0xfe, 0xcc, 0x13,
    0xf4, 0x4c, 0x9, 0x0, 0x4, 0x0, 0x70,

    /* U+666F "景" */
    0x3f, 0xe1, 0xff, 0x8, 0x8, 0x3f, 0x8f, 0xff,
    0x80, 0x0, 0xff, 0x84, 0x4, 0x3f, 0xe0, 0x92,
    0x18, 0x8c, 0x1c, 0x0,

    /* U+6674 "晴" */
    0x0, 0x43, 0xef, 0xed, 0x84, 0x36, 0xfe, 0xd8,
    0x43, 0xff, 0xfd, 0xff, 0xb7, 0x86, 0xdf, 0xfb,
    0xf8, 0x6c, 0x7f, 0xb1, 0x86, 0x6, 0x38,

    /* U+66DC "曜" */
    0xef, 0xfa, 0x77, 0xa1, 0x1a, 0x66, 0xe7, 0xfa,
    0x7f, 0xac, 0x8b, 0xff, 0xac, 0x8c, 0xff, 0x8f,
    0xf0, 0xff,

    /* U+66F8 "書" */
    0x2, 0x1, 0xff, 0x0, 0x88, 0xff, 0xe3, 0xfe,
    0x1, 0x0, 0xff, 0x9f, 0xff, 0x0, 0x3, 0xff,
    0x1f, 0xf8, 0xc0, 0x47, 0xfe, 0x0,

    /* U+6700 "最" */
    0x3f, 0xe1, 0x1, 0xf, 0xf8, 0x7f, 0xc0, 0x0,
    0x7f, 0xfc, 0x90, 0x7, 0x9e, 0x3c, 0xb1, 0x23,
    0x3f, 0x3c, 0xa, 0x30,

    /* U+6708 "月" */
    0x3f, 0xf3, 0x3, 0x30, 0x33, 0xff, 0x30, 0x33,
    0x3, 0x30, 0x33, 0xff, 0x20, 0x36, 0x3, 0x40,
    0x38, 0x1e,

    /* U+671D "朝" */
    0x10, 0x1, 0x1f, 0xff, 0x91, 0x19, 0x7f, 0x94,
    0x3f, 0x7f, 0x94, 0x39, 0x7f, 0xf1, 0x19, 0xff,
    0x11, 0x11, 0x12, 0x30,

    /* U+672C "本" */
    0x2, 0x0, 0x10, 0x0, 0x81, 0xff, 0xf0, 0x70,
    0x7, 0xc0, 0x2a, 0x2, 0x48, 0x22, 0x26, 0xfe,
    0xc0, 0x80, 0x4, 0x0, 0x20, 0x0,

    /* U+672D "札" */
    0x11, 0x0, 0x88, 0x4, 0x41, 0xfa, 0x1, 0x10,
    0x1c, 0x80, 0xf4, 0xa, 0xa0, 0x51, 0x4, 0x88,
    0x24, 0x42, 0x22, 0x11, 0x1f, 0x0,

    /* U+6750 "材" */
    0x10, 0x10, 0x80, 0x84, 0x4, 0xfb, 0xf1, 0x3,
    0x1c, 0x18, 0xd1, 0x4a, 0x9a, 0x51, 0x94, 0x98,
    0x84, 0x84, 0x20, 0x21, 0x7, 0x0,

    /* U+6751 "村" */
    0x10, 0x10, 0x40, 0x41, 0x1, 0x1f, 0x7f, 0x10,
    0x10, 0xc0, 0x43, 0x99, 0x15, 0x24, 0x54, 0x52,
    0x40, 0x41, 0x1, 0x4, 0x4, 0x10, 0x70,

    /* U+6771 "東" */
    0x2, 0x0, 0x10, 0x3f, 0xfe, 0x4, 0x3, 0xff,
    0x11, 0x8, 0xff, 0xc4, 0x42, 0x3f, 0xf0, 0x7c,
    0x6, 0xb0, 0xc4, 0x64, 0x20, 0x80,

    /* U+6797 "林" */
    0x10, 0x40, 0x82, 0x4, 0x11, 0xff, 0xf1, 0x4,
    0x1c, 0x70, 0xd3, 0x8a, 0xaa, 0x51, 0x54, 0x92,
    0x44, 0x90, 0x20, 0x81, 0x4, 0x0,

    /* U+679C "果" */
    0x3f, 0xf1, 0x10, 0x8f, 0xfc, 0x44, 0x22, 0x21,
    0x1f, 0xf8, 0x8, 0x1f, 0xff, 0x7, 0x80, 0xd6,
    0x18, 0x8c, 0x4, 0x0,

    /* U+67D3 "染" */
    0x41, 0x1, 0x8, 0x3, 0xf0, 0xc4, 0x82, 0x24,
    0x12, 0x25, 0x69, 0xe0, 0x40, 0xff, 0xf8, 0x78,
    0x6, 0xb0, 0xc4, 0x68, 0x20, 0x80,

    /* U+6804 "栄" */
    0x24, 0x10, 0x88, 0xc1, 0x26, 0x1f, 0xfe, 0x40,
    0x9, 0x8, 0x20, 0x20, 0x1f, 0xfe, 0x7, 0x0,
    0x2a, 0x1, 0x26, 0x18, 0x86, 0x2, 0x0,

    /* U+6821 "校" */
    0x20, 0x81, 0x4, 0x9, 0xfd, 0xf0, 0x2, 0x22,
    0x33, 0x9, 0xd8, 0xed, 0x28, 0xa1, 0x45, 0x4,
    0x8, 0x70, 0x44, 0xc2, 0xc1, 0x0,

    /* U+6848 "案" */
    0x2, 0x1, 0xff, 0xe4, 0x0, 0x81, 0x0, 0x7f,
    0xf8, 0x23, 0x1, 0x78, 0x1f, 0x9c, 0x2, 0x1,
    0xff, 0xe0, 0x68, 0x6, 0x98, 0x62, 0x18,

    /* U+68B0 "械" */
    0x20, 0x41, 0x2, 0x88, 0x11, 0xef, 0xf2, 0x4,
    0x12, 0xa5, 0xd5, 0x4d, 0xfa, 0x65, 0x65, 0x29,
    0x29, 0x5a, 0x53, 0xd2, 0x19, 0x80,

    /* U+68EE "森" */
    0x2, 0x0, 0x10, 0x1f, 0xfc, 0xf, 0x1, 0xac,
    0x31, 0x18, 0x49, 0x2, 0x8, 0xfd, 0xf9, 0x87,
    0x17, 0x55, 0xa4, 0x91, 0x4, 0x0,

    /* U+690D "植" */
    0x20, 0x41, 0x2, 0x9, 0xfe, 0x40, 0x87, 0x5f,
    0x1a, 0xf9, 0xd4, 0x4e, 0xbe, 0xa5, 0x15, 0x2f,
    0x89, 0x0, 0x4f, 0xf2, 0x40, 0x0,

    /* U+6975 "極" */
    0x20, 0x1, 0x7f, 0xc8, 0x41, 0xf3, 0x82, 0x17,
    0x93, 0xb5, 0xd5, 0xcf, 0xae, 0xa7, 0x55, 0x23,
    0x88, 0x72, 0x40, 0x2, 0xff, 0x80,

    /* U+697D "楽" */
    0x2, 0x13, 0x7d, 0x8e, 0x38, 0x1f, 0x2, 0xfb,
    0xe7, 0xcc, 0x8, 0x1f, 0xff, 0xf, 0x80, 0xd6,
    0x18, 0x8c, 0x4, 0x10,

    /* U+69D8 "様" */
    0x22, 0x21, 0x3f, 0x89, 0xfd, 0xf1, 0x2, 0x7f,
    0x10, 0x41, 0xff, 0xee, 0x10, 0xa6, 0x95, 0x17,
    0x8, 0xe8, 0x59, 0x32, 0x18, 0x0,

    /* U+6A39 "樹" */
    0x22, 0x11, 0x10, 0x89, 0xf4, 0x44, 0x27, 0x5f,
    0x13, 0xe9, 0xd3, 0x4e, 0x9a, 0x67, 0xb5, 0x25,
    0x88, 0xc4, 0x43, 0x22, 0xe3, 0x0,

    /* U+6A5F "機" */
    0x20, 0x91, 0x25, 0xa, 0xbb, 0xfd, 0x62, 0x5a,
    0x95, 0xfd, 0xf6, 0xf, 0x12, 0xaf, 0xfd, 0x22,
    0xa9, 0xdc, 0x51, 0xc2, 0x13, 0x80,

    /* U+6B20 "欠" */
    0x10, 0x0, 0x80, 0x7, 0xfe, 0x7f, 0xe2, 0x23,
    0x21, 0x1b, 0x8, 0x80, 0xc0, 0x5, 0x0, 0x6c,
    0x6, 0x30, 0x60, 0xce, 0x3, 0x80,

    /* U+6B21 "次" */
    0x4, 0x6, 0x20, 0x1b, 0xfe, 0x5f, 0xe0, 0x93,
    0x8, 0x90, 0x44, 0x84, 0x30, 0x62, 0x82, 0x16,
    0x21, 0x10, 0x10, 0x63, 0x1, 0x80,

    /* U+6B4C "歌" */
    0x0, 0x83, 0xfa, 0x0, 0x50, 0x1d, 0x7f, 0x55,
    0x49, 0xd5, 0x24, 0xa5, 0xbf, 0x90, 0x4, 0xa1,
    0xd2, 0x85, 0x4b, 0x1d, 0x46, 0x4e, 0xc,

    /* U+6B62 "止" */
    0x3, 0x0, 0x18, 0x0, 0xc0, 0x46, 0x2, 0x30,
    0x11, 0xfc, 0x8c, 0x4, 0x60, 0x23, 0x1, 0x18,
    0x8, 0xc1, 0xff, 0xff, 0xff, 0x80,

    /* U+6B63 "正" */
    0xff, 0xf0, 0x60, 0x6, 0x0, 0x60, 0x26, 0x2,
    0x7e, 0x26, 0x2, 0x60, 0x26, 0x2, 0x60, 0xff,
    0xff, 0xff,

    /* U+6B69 "歩" */
    0x2, 0x2, 0x20, 0x23, 0xe2, 0x20, 0x22, 0xf,
    0xff, 0x2, 0x42, 0x26, 0x42, 0x70, 0xec, 0x1,
    0x80, 0x60, 0x78, 0x0,

    /* U+6B8B "残" */
    0x1, 0x4f, 0x92, 0x41, 0xf4, 0x70, 0x79, 0x5,
    0x7e, 0x91, 0xf, 0x7f, 0x30, 0xa2, 0xe, 0x20,
    0x84, 0x35, 0x84, 0x30,

    /* U+6BBA "殺" */
    0x0, 0x1, 0x2f, 0x83, 0xb2, 0x6, 0xc8, 0x67,
    0x25, 0x4c, 0xf1, 0x20, 0x1f, 0x7e, 0x11, 0x10,
    0xe6, 0xc5, 0x4e, 0x4, 0x7c, 0x13, 0xc,

    /* U+6BCD "母" */
    0x3f, 0xe2, 0x2, 0x26, 0x26, 0x2, 0xff, 0xf4,
    0x2, 0x4c, 0x24, 0x22, 0x40, 0x6f, 0xff, 0x80,
    0x40, 0x3c,

    /* U+6BCE "毎" */
    0x10, 0x1, 0xff, 0x98, 0x0, 0xff, 0xc2, 0x22,
    0x11, 0x33, 0xff, 0xe4, 0x88, 0x24, 0x43, 0xff,
    0xd0, 0x10, 0x7, 0x0,

    /* U+6C0F "氏" */
    0x1, 0xf3, 0xf8, 0x18, 0x40, 0xc2, 0x6, 0x10,
    0x3f, 0xfd, 0x84, 0xc, 0x10, 0x60, 0x83, 0x4,
    0x1f, 0x93, 0x80, 0x70,

    /* U+6C17 "気" */
    0x0, 0x2, 0x0, 0x3f, 0xf4, 0x0, 0xff, 0xe8,
    0x0, 0x7f, 0xc0, 0x24, 0x66, 0x41, 0xc4, 0x1c,
    0x42, 0x37, 0xc0, 0x30,

    /* U+6C34 "水" */
    0x2, 0x0, 0x10, 0x0, 0x80, 0x4, 0x2f, 0xb2,
    0x5, 0xa0, 0x6e, 0x2, 0x50, 0x32, 0xc3, 0x13,
    0x30, 0x8d, 0x4, 0x30, 0xe0, 0x0,

    /* U+6C42 "求" */
    0x2, 0x40, 0x13, 0x0, 0x89, 0xff, 0xf0, 0x20,
    0x31, 0x98, 0xcd, 0x82, 0x58, 0x2, 0x80, 0xd2,
    0x18, 0x8c, 0x4, 0x30, 0xe0, 0x0,

    /* U+6C60 "池" */
    0x40, 0x81, 0xa4, 0x1, 0x24, 0x9, 0xec, 0x79,
    0x16, 0x48, 0x12, 0x40, 0x92, 0x34, 0xb1, 0x20,
    0x59, 0x2, 0x88, 0x24, 0x7f, 0x0,

    /* U+6C7A "決" */
    0x60, 0x81, 0x84, 0x1, 0xfc, 0x1, 0x26, 0x9,
    0x10, 0x48, 0x3f, 0xe1, 0xff, 0x11, 0xc1, 0xa,
    0x8, 0xc8, 0x8c, 0x24, 0x80, 0x80,

    /* U+6C7D "汽" */
    0x4, 0xe, 0x40, 0x2f, 0xf0, 0x80, 0x17, 0xec,
    0x0, 0xf, 0xe0, 0x2, 0x20, 0x26, 0x2, 0x40,
    0x2c, 0x3, 0x0, 0x30,

    /* U+6CBB "治" */
    0xc3, 0x1, 0x90, 0x0, 0x90, 0xc, 0x4d, 0xff,
    0x1f, 0xfc, 0x0, 0x1, 0xfe, 0x2c, 0x31, 0x61,
    0x93, 0xd, 0x98, 0x68, 0xff, 0x0,

    /* U+6CC9 "泉" */
    0x2, 0x1, 0xff, 0x8, 0x8, 0x40, 0x43, 0xfe,
    0x1f, 0xf0, 0xff, 0x80, 0x40, 0xfb, 0x60, 0xdc,
    0xc, 0xb1, 0xc4, 0x68, 0xe0, 0x0,

    /* U+6CE3 "泣" */
    0x41, 0x3, 0x8, 0x0, 0x40, 0x1f, 0xe0, 0x0,
    0x62, 0x10, 0x91, 0x80, 0x88, 0x24, 0x41, 0x12,
    0x18, 0x90, 0x81, 0x9, 0xff, 0x80,

    /* U+6D17 "洗" */
    0x44, 0x83, 0x24, 0x9, 0x20, 0x1f, 0xe8, 0x88,
    0x37, 0xfc, 0x3f, 0xe0, 0x48, 0x22, 0x41, 0x12,
    0x11, 0x12, 0x98, 0x99, 0x87, 0x80,

    /* U+6D3B "活" */
    0x40, 0x71, 0xfc, 0x0, 0x20, 0x1, 0xc, 0xff,
    0x90, 0x40, 0x2, 0x1, 0xfe, 0x3c, 0x31, 0x61,
    0x9b, 0xc, 0x98, 0x64, 0xff, 0x0,

    /* U+6D41 "流" */
    0x0, 0x81, 0x84, 0x7, 0xfe, 0x1f, 0xf0, 0x32,
    0x37, 0xf8, 0x0, 0x60, 0x94, 0x14, 0xa1, 0xa5,
    0x9, 0x2a, 0xd9, 0x54, 0x83, 0x80,

    /* U+6D44 "浄" */
    0xc6, 0x1, 0x3e, 0x3, 0x30, 0x3f, 0xc9, 0xfe,
    0x20, 0x90, 0x7f, 0xe0, 0x24, 0x21, 0x21, 0x7f,
    0x10, 0x41, 0x82, 0x8, 0x70, 0x0,

    /* U+6D45 "浅" */
    0x41, 0x61, 0x88, 0x4, 0xfc, 0x1a, 0xc, 0x1f,
    0x13, 0x80, 0x2, 0xe1, 0xf8, 0x10, 0x91, 0x5,
    0x8, 0x32, 0x86, 0xd4, 0x43, 0x80,

    /* U+6D77 "海" */
    0x4, 0x3, 0x20, 0xb, 0xfc, 0x30, 0xd, 0xfe,
    0x24, 0x90, 0x24, 0x83, 0xff, 0x29, 0x22, 0x49,
    0x13, 0xfd, 0x20, 0x48, 0xe, 0x0,

    /* U+6DF1 "深" */
    0xcf, 0xf9, 0x4a, 0x42, 0x50, 0x4, 0x8c, 0xcf,
    0x0, 0x40, 0x7f, 0xc4, 0x38, 0x42, 0xa2, 0x25,
    0x36, 0x27, 0x1, 0x0,

    /* U+6E05 "清" */
    0x40, 0x81, 0xbf, 0xc4, 0x20, 0xf, 0xe0, 0x8,
    0x33, 0xbc, 0x1f, 0xe0, 0xc3, 0x17, 0xf9, 0x30,
    0xc9, 0xfe, 0x8c, 0x34, 0x67, 0x80,

    /* U+6E56 "湖" */
    0xc5, 0xf0, 0x59, 0x1f, 0x98, 0x5f, 0x45, 0x91,
    0xf9, 0x1f, 0xf5, 0x39, 0x53, 0x95, 0xf9, 0x91,
    0x18, 0x33,

    /* U+6E96 "準" */
    0x44, 0x86, 0x90, 0xf, 0xe9, 0x90, 0x6f, 0xe0,
    0x90, 0x4f, 0xc8, 0xff, 0xf, 0xff, 0xff, 0x4,
    0x0, 0x40, 0x4, 0x0,

    /* U+6EDD "滝" */
    0x41, 0x6, 0xff, 0x24, 0x40, 0x44, 0x9f, 0xf6,
    0x0, 0xf, 0xf2, 0xff, 0x29, 0x16, 0x91, 0x4f,
    0xfc, 0x90, 0x81, 0xf0,

    /* U+6F01 "漁" */
    0x63, 0x0, 0x4f, 0x80, 0x66, 0x1, 0x30, 0x4f,
    0xf8, 0x92, 0x20, 0x7f, 0x81, 0x22, 0x17, 0xf8,
    0x80, 0x2, 0x55, 0x9b, 0x52, 0x49, 0x64,

    /* U+6FC1 "濁" */
    0x6f, 0xf8, 0x52, 0x43, 0xff, 0x8, 0x6, 0xff,
    0x8d, 0x84, 0x7f, 0x25, 0x69, 0x2f, 0xca, 0x1a,
    0x53, 0xea, 0x0, 0x60,

    /* U+702C "瀬" */
    0x84, 0x2, 0x27, 0x87, 0xd0, 0x9, 0xe9, 0xf9,
    0x2a, 0xf8, 0x56, 0x43, 0xfe, 0x4c, 0x92, 0x77,
    0x95, 0x49, 0x49, 0x28, 0x51, 0x80,

    /* U+706B "火" */
    0x2, 0x0, 0x10, 0x0, 0x80, 0x44, 0x22, 0x22,
    0x11, 0x11, 0x9, 0x0, 0xa0, 0x5, 0x0, 0x44,
    0x4, 0x10, 0xc0, 0x64, 0x0, 0x0,

    /* U+70B9 "点" */
    0x2, 0x0, 0x10, 0x0, 0xfc, 0x4, 0x3, 0xfe,
    0x10, 0x10, 0x80, 0x84, 0x4, 0x3f, 0xe0, 0x0,
    0x9, 0x48, 0x89, 0x2c, 0x49, 0x80,

    /* U+7136 "然" */
    0x10, 0x50, 0xf2, 0x88, 0x90, 0xfb, 0xf4, 0x44,
    0x1e, 0x30, 0x22, 0x82, 0x32, 0x63, 0x1a, 0x0,
    0x9, 0x24, 0xc9, 0x34, 0x48, 0x80,

    /* U+713C "焼" */
    0x10, 0x40, 0x82, 0x4, 0xfe, 0xaa, 0x85, 0x96,
    0x2f, 0xfe, 0x44, 0x86, 0xff, 0x37, 0xf9, 0xc9,
    0xa, 0x48, 0x86, 0x5c, 0x63, 0x80,

    /* U+7167 "照" */
    0xfb, 0xf6, 0x44, 0xb2, 0x45, 0xf4, 0x4c, 0xbf,
    0x65, 0xb, 0x28, 0x5e, 0x7e, 0xc0, 0x1, 0x25,
    0x91, 0x25, 0x9, 0x10,

    /* U+716E "煮" */
    0x2, 0x11, 0xff, 0x80, 0x90, 0xff, 0xf0, 0x60,
    0x1f, 0xf1, 0xc0, 0x83, 0xfc, 0x10, 0x20, 0xff,
    0x8, 0x28, 0x49, 0x24, 0x48, 0x80,

    /* U+71E5 "燥" */
    0x20, 0x0, 0x8f, 0xc2, 0x31, 0x1a, 0x38, 0x6f,
    0xb9, 0x92, 0xaa, 0x7b, 0x88, 0x10, 0x37, 0xf8,
    0xc3, 0x82, 0x95, 0x11, 0x96, 0x40, 0x40,

    /* U+7236 "父" */
    0x8, 0x0, 0x21, 0x81, 0x3, 0xc, 0x6, 0x68,
    0x48, 0x21, 0x0, 0xcc, 0x1, 0x20, 0x3, 0x0,
    0xc, 0x0, 0x78, 0xe, 0x1c, 0x60, 0x18,

    /* U+725B "牛" */
    0x2, 0x1, 0x10, 0x8, 0x80, 0xff, 0xe4, 0x20,
    0x61, 0x0, 0x8, 0x1f, 0xff, 0x2, 0x0, 0x10,
    0x0, 0x80, 0x4, 0x0, 0x20, 0x0,

    /* U+72AC "犬" */
    0x2, 0x0, 0x13, 0x0, 0x8c, 0x4, 0xf, 0xff,
    0x83, 0x80, 0x14, 0x0, 0xa0, 0xc, 0x80, 0xc6,
    0xc, 0x19, 0xc0, 0x70, 0x0, 0x80,

    /* U+72B6 "状" */
    0x10, 0x80, 0x84, 0xb4, 0x24, 0xa1, 0x1, 0x7f,
    0x88, 0x40, 0x43, 0x6, 0x38, 0x51, 0x44, 0x89,
    0x4, 0x88, 0x2c, 0x21, 0xc0, 0x80,

    /* U+738B "王" */
    0x7f, 0xf0, 0x10, 0x0, 0x80, 0x4, 0x0, 0x20,
    0x1f, 0xf8, 0x8, 0x0, 0x40, 0x2, 0x0, 0x10,
    0x3f, 0xfe,

    /* U+751F "生" */
    0x12, 0x1, 0x90, 0x8, 0x80, 0x7f, 0xe4, 0x20,
    0x61, 0x0, 0x8, 0x7, 0xfe, 0x2, 0x0, 0x10,
    0x0, 0x81, 0xff, 0xff, 0xff, 0x80,

    /* U+7523 "産" */
    0x2, 0x3, 0xff, 0x82, 0x10, 0x11, 0x87, 0xff,
    0xb0, 0x1, 0xa4, 0xd, 0xfe, 0x71, 0x3, 0x7f,
    0x90, 0x40, 0x82, 0x9, 0xff, 0x80,

    /* U+7528 "用" */
    0x7f, 0xfb, 0x10, 0xd8, 0x86, 0xff, 0xf6, 0x21,
    0xb1, 0xd, 0x88, 0x6f, 0xff, 0x62, 0x1a, 0x10,
    0xf0, 0x87, 0x5, 0xe0,

    /* U+7530 "田" */
    0xff, 0xfe, 0x10, 0xf0, 0x87, 0x84, 0x3c, 0x21,
    0xff, 0xff, 0x8, 0x78, 0x43, 0xc2, 0x1e, 0x10,
    0xff, 0xff, 0xff, 0xf0,

    /* U+753A "町" */
    0xfe, 0x6, 0x9f, 0xf4, 0x89, 0xa4, 0x4f, 0xe2,
    0x69, 0x13, 0x48, 0x9a, 0x44, 0xfe, 0x27, 0xf1,
    0x30, 0x8, 0x1, 0xc0,

    /* U+753B "画" */
    0xff, 0xf8, 0x10, 0x30, 0x85, 0xbf, 0xad, 0x25,
    0x6f, 0xeb, 0x49, 0x5a, 0x4a, 0xdf, 0xd6, 0x0,
    0xbf, 0xfd, 0x80, 0x20,

    /* U+756A "番" */
    0x0, 0x43, 0xfc, 0xc, 0x90, 0x25, 0xf, 0xff,
    0x87, 0xc0, 0x6b, 0x9c, 0x7, 0xff, 0xd1, 0x12,
    0xf, 0xf0, 0x44, 0x83, 0xfc, 0x0,

    /* U+7573 "畳" */
    0x3f, 0xf0, 0x84, 0x43, 0xff, 0xf, 0xfc, 0x0,
    0x1, 0xff, 0xf5, 0xfe, 0x44, 0x8, 0x1f, 0xe0,
    0x40, 0x81, 0xfe, 0x3f, 0xff,

    /* U+767D "白" */
    0x4, 0x1, 0x3, 0xff, 0xe0, 0x3c, 0x7, 0x80,
    0xff, 0xfe, 0x3, 0xc0, 0x78, 0xf, 0xff, 0xe0,
    0x30,

    /* U+76DB "盛" */
    0x2, 0xc0, 0x13, 0x3f, 0xfd, 0x82, 0x4f, 0x96,
    0x64, 0x62, 0x2f, 0x52, 0x6, 0x7f, 0xe2, 0x49,
    0x12, 0x48, 0x92, 0x4f, 0xff, 0x80,

    /* U+76EE "目" */
    0xff, 0xf8, 0xf, 0x1, 0xff, 0xfc, 0x7, 0x80,
    0xf0, 0x1f, 0xff, 0xc0, 0x78, 0xf, 0xff, 0xe0,
    0x30,

    /* U+76F4 "直" */
    0x2, 0x0, 0x60, 0xff, 0xf0, 0x40, 0x5f, 0xc5,
    0x4, 0x5f, 0xc5, 0xfc, 0x50, 0x45, 0xfc, 0x40,
    0x7, 0xff, 0x40, 0x0,

    /* U+76F8 "相" */
    0x10, 0x0, 0x4f, 0xf1, 0x30, 0xdf, 0xc3, 0x13,
    0xfc, 0xcc, 0x33, 0xb0, 0xd5, 0xc3, 0x57, 0xff,
    0x4c, 0x31, 0x30, 0xc4, 0xff, 0x13, 0xc,

    /* U+771F "真" */
    0x6, 0xf, 0xff, 0x6, 0x3, 0xfc, 0x20, 0x43,
    0xfc, 0x20, 0x43, 0xfc, 0x3f, 0xc0, 0x0, 0xff,
    0xf1, 0x8, 0x70, 0x68, 0x1,

    /* U+77E5 "知" */
    0x60, 0x7, 0xdf, 0x7d, 0x15, 0x11, 0x91, 0x11,
    0x11, 0xff, 0x11, 0x11, 0x11, 0x12, 0x91, 0x25,
    0x14, 0x5f, 0xc1, 0x10,

    /* U+77F3 "石" */
    0x7f, 0xf8, 0x20, 0x3, 0x0, 0x10, 0x1, 0x80,
    0xf, 0xf8, 0xc0, 0x4e, 0x2, 0x50, 0x10, 0x80,
    0x87, 0xfc, 0x20, 0x20,

    /* U+7826 "砦" */
    0x8, 0x80, 0x44, 0x93, 0xbc, 0x91, 0x4, 0xa8,
    0xfe, 0x7c, 0x0, 0x1f, 0xff, 0xc, 0x0, 0xff,
    0x9a, 0x5, 0x10, 0x20, 0xff, 0x0,

    /* U+78C1 "磁" */
    0x2, 0x13, 0xe4, 0x42, 0x7f, 0x88, 0xc4, 0x7a,
    0x21, 0x33, 0xa4, 0xf3, 0x32, 0xcc, 0x4a, 0x19,
    0x2a, 0xa3, 0xca, 0x93, 0xff, 0x0, 0x0,

    /* U+790E "礎" */
    0x1, 0x21, 0xe4, 0x82, 0x7f, 0x88, 0x4c, 0x23,
    0xe8, 0x95, 0x97, 0x80, 0x1b, 0xfe, 0xa9, 0x48,
    0xa9, 0xe3, 0xb4, 0x9, 0xf0, 0x4, 0xf8,

    /* U+793C "礼" */
    0x11, 0x0, 0x88, 0x4, 0x40, 0xfa, 0x7, 0xd0,
    0x4, 0x80, 0x64, 0x7, 0x20, 0x57, 0x0, 0x88,
    0x4, 0x42, 0x22, 0x11, 0x1f, 0x0,

    /* U+793E "社" */
    0x10, 0x40, 0x82, 0x4, 0x10, 0xf8, 0x87, 0xc4,
    0x5, 0xfc, 0x41, 0xf, 0x88, 0xd4, 0x40, 0x82,
    0x4, 0x10, 0x2f, 0xf1, 0x7f, 0x80,

    /* U+795D "祝" */
    0x10, 0x0, 0x4f, 0xe1, 0x20, 0x9e, 0x82, 0xa,
    0x8, 0x2f, 0xe1, 0x3f, 0x8e, 0x48, 0x55, 0x20,
    0x44, 0x81, 0x12, 0x44, 0x89, 0x14, 0x3c,

    /* U+795E "神" */
    0x20, 0x82, 0x8, 0x20, 0x8f, 0xff, 0x1e, 0x91,
    0x7f, 0x36, 0x96, 0xe9, 0xa7, 0xf2, 0x69, 0x20,
    0x82, 0x8, 0x20, 0x80,

    /* U+796D "祭" */
    0x9, 0x0, 0x7b, 0xe3, 0x29, 0x3b, 0x1c, 0x18,
    0x60, 0x5f, 0xc6, 0x1, 0xc0, 0x0, 0x3f, 0xf8,
    0x4, 0x1, 0x12, 0x18, 0x44, 0x47, 0x8,

    /* U+79CB "秋" */
    0xc, 0x41, 0xc1, 0x1, 0x4, 0x4, 0x52, 0x7d,
    0x48, 0x49, 0x43, 0xa5, 0xd, 0x10, 0x50, 0xa3,
    0x42, 0x81, 0x11, 0x4, 0xc6, 0x16, 0x8,

    /* U+79D1 "科" */
    0x8, 0x11, 0xe6, 0x41, 0xd, 0x4, 0x14, 0x7c,
    0x10, 0x44, 0x43, 0x8d, 0xd, 0x4, 0x50, 0x1f,
    0x4f, 0xc1, 0x1, 0x4, 0x4, 0x10, 0x10,

    /* U+7A0E "税" */
    0xa, 0x9, 0xc4, 0x41, 0x13, 0x4, 0xfe, 0x7e,
    0x8, 0x48, 0x23, 0xbf, 0x8e, 0xfe, 0x55, 0x21,
    0x44, 0x81, 0x12, 0x4, 0x89, 0x14, 0x3c,

    /* U+7A2E "種" */
    0x0, 0x9, 0xef, 0xc1, 0x4, 0x4, 0xfe, 0x7f,
    0xf8, 0x49, 0x23, 0xbf, 0x8f, 0x92, 0x53, 0xfb,
    0x41, 0x1, 0x3f, 0x84, 0x10, 0x17, 0xfc,

    /* U+7A7A "空" */
    0x2, 0x3, 0xff, 0xdf, 0xfe, 0x91, 0x14, 0x88,
    0x8, 0x4d, 0x83, 0xe0, 0x0, 0x3f, 0xe0, 0x10,
    0x0, 0x81, 0xff, 0xff, 0xff, 0x80,

    /* U+7A93 "窓" */
    0x2, 0x1, 0xff, 0xf7, 0xff, 0xd2, 0x47, 0x31,
    0xf8, 0x10, 0x0, 0x86, 0xf, 0xfe, 0x4, 0x18,
    0x8c, 0x82, 0x81, 0x92, 0x13, 0x4f, 0xc4,

    /* U+7ACB "立" */
    0x3, 0x0, 0x18, 0x0, 0xc0, 0xff, 0xf0, 0x0,
    0x8, 0x10, 0x21, 0x81, 0x8, 0x8, 0x40, 0x46,
    0x0, 0x21, 0xff, 0xf0,

    /* U+7AF6 "競" */
    0x20, 0x47, 0xff, 0x92, 0x24, 0xa1, 0x4a, 0xd5,
    0x7c, 0xfa, 0x24, 0x5f, 0x3e, 0xf9, 0xf2, 0x85,
    0x14, 0x69, 0x3a, 0x58, 0x63, 0x0,

    /* U+7AF9 "竹" */
    0x20, 0x81, 0xc, 0x8, 0x40, 0xfb, 0xf5, 0x22,
    0x69, 0x10, 0x40, 0x82, 0x4, 0x10, 0x20, 0x81,
    0x4, 0x8, 0x20, 0x41, 0xe, 0x0,

    /* U+7B2C "第" */
    0x20, 0x81, 0xff, 0xd6, 0x48, 0x84, 0x43, 0xff,
    0x0, 0x88, 0xff, 0xc4, 0x20, 0x21, 0x1, 0xff,
    0xc1, 0x42, 0x32, 0x36, 0x17, 0x0,

    /* U+7B54 "答" */
    0x21, 0x3, 0xff, 0xd8, 0xb1, 0xac, 0x81, 0x64,
    0x6, 0x80, 0x63, 0x7, 0xf6, 0xc0, 0x9, 0xff,
    0x8, 0x18, 0x40, 0xc3, 0xfe, 0x0,

    /* U+7B56 "策" */
    0x21, 0x3, 0xef, 0xd4, 0xa1, 0x2c, 0x8f, 0xff,
    0x1, 0x1, 0xff, 0xc8, 0x46, 0x42, 0x32, 0x3b,
    0x6, 0xb0, 0xc4, 0x60, 0x20, 0x0,

    /* U+7B97 "算" */
    0x20, 0x81, 0xff, 0xd6, 0x48, 0x7f, 0xe2, 0x1,
    0x1f, 0xf8, 0x80, 0x47, 0xfe, 0x3f, 0xf0, 0x42,
    0x1f, 0xfe, 0x30, 0x86, 0x4, 0x0,

    /* U+7BA1 "管" */
    0x20, 0x83, 0xef, 0xd4, 0x88, 0x4, 0x7, 0xff,
    0xa0, 0x5, 0xff, 0xa6, 0x4, 0x3f, 0xe1, 0x80,
    0xf, 0xfc, 0x60, 0x23, 0xff, 0x0,

    /* U+7BC0 "節" */
    0x20, 0x80, 0xff, 0xf5, 0x32, 0x0, 0x88, 0x7e,
    0xf9, 0x9a, 0x27, 0xe8, 0x99, 0xa2, 0x7e, 0x89,
    0xa2, 0x26, 0x4b, 0xbe, 0xa0, 0x2, 0x80,

    /* U+7C73 "米" */
    0x2, 0x3, 0x10, 0x88, 0x88, 0x64, 0x41, 0x24,
    0x1, 0x3, 0xff, 0xe0, 0xe0, 0xa, 0x80, 0x92,
    0x8, 0x89, 0x84, 0x30, 0x20, 0x0,

    /* U+7CF8 "糸" */
    0x4, 0x0, 0x42, 0xe, 0x20, 0x62, 0x0, 0xa4,
    0x2, 0x33, 0xff, 0xdf, 0xfe, 0x2, 0x8, 0x92,
    0x8, 0x88, 0xc4, 0x20, 0x20, 0x0,

    /* U+7D00 "紀" */
    0x10, 0x1, 0x1f, 0xca, 0x6, 0x90, 0x33, 0x1,
    0x94, 0xf, 0xff, 0xff, 0xe3, 0x13, 0x2, 0xb8,
    0x15, 0xc3, 0x26, 0x11, 0x1f, 0x80,

    /* U+7D30 "細" */
    0x0, 0x3, 0x0, 0x11, 0xff, 0x2d, 0x36, 0x69,
    0xab, 0x4f, 0xff, 0xe4, 0xd3, 0xa6, 0x9d, 0x74,
    0xeb, 0xa7, 0x4f, 0xf2, 0x61, 0x80,

    /* U+7D44 "組" */
    0x10, 0x0, 0x8f, 0xe2, 0xb1, 0x94, 0xc6, 0x33,
    0x18, 0xaf, 0xe7, 0xf1, 0x85, 0xc6, 0x5b, 0xf9,
    0x6c, 0x65, 0x71, 0x94, 0xc6, 0x17, 0xfc,

    /* U+7D50 "結" */
    0x10, 0x40, 0x81, 0x2, 0xbf, 0x92, 0x10, 0x30,
    0x40, 0xaf, 0xe7, 0xff, 0x85, 0x0, 0x13, 0xfd,
    0x5c, 0x35, 0x70, 0xc4, 0xff, 0x13, 0xc,

    /* U+7D66 "給" */
    0x20, 0xc1, 0x7, 0x5, 0x12, 0x24, 0x8c, 0x66,
    0x19, 0x6f, 0xaf, 0x80, 0x9, 0xfc, 0xae, 0x12,
    0xb8, 0x4a, 0xe1, 0x29, 0xfc, 0x26, 0x10,

    /* U+7D75 "絵" */
    0x20, 0x84, 0x1c, 0x53, 0x69, 0x22, 0x64, 0x15,
    0x3e, 0xf8, 0x2, 0xff, 0xa1, 0xa, 0x92, 0xaa,
    0x2a, 0x3f, 0x24, 0x10,

    /* U+7D76 "絶" */
    0x21, 0x2, 0x1f, 0x34, 0x91, 0xc9, 0x86, 0x7f,
    0xab, 0x4f, 0xfa, 0x65, 0xff, 0xa6, 0x1d, 0x70,
    0x2b, 0x83, 0x4c, 0x12, 0x3f, 0x80,

    /* U+7DCF "総" */
    0x21, 0x62, 0x11, 0x34, 0x85, 0xeb, 0x16, 0x12,
    0x27, 0xfb, 0xe0, 0x45, 0x30, 0xa8, 0x45, 0x68,
    0xab, 0x45, 0x4a, 0x52, 0x1e, 0x0,

    /* U+7DDA "線" */
    0x20, 0x82, 0xbf, 0xb5, 0x4, 0xcf, 0xe3, 0x41,
    0x7b, 0xf8, 0xa2, 0x14, 0xfa, 0xb2, 0xe5, 0x55,
    0x29, 0x26, 0x47, 0x0,

    /* U+7F6A "罪" */
    0x7f, 0xf2, 0x44, 0x9f, 0xfc, 0x11, 0x7, 0x8f,
    0x84, 0x40, 0x22, 0xf, 0x1e, 0x8, 0x87, 0xc7,
    0xc4, 0x20, 0xc1, 0x0,

    /* U+7F8A "羊" */
    0x10, 0x60, 0x82, 0x0, 0x0, 0xff, 0xe0, 0x20,
    0x1, 0x0, 0xff, 0x80, 0x40, 0x2, 0x7, 0xff,
    0xc0, 0x80, 0x4, 0x0, 0x20, 0x0,

    /* U+7FBD "羽" */
    0x7d, 0xf8, 0x20, 0xd1, 0x46, 0xcb, 0x32, 0x49,
    0x82, 0xc, 0x30, 0xe3, 0x9b, 0x67, 0x18, 0x20,
    0xc1, 0x6, 0x38, 0xe0,

    /* U+8003 "考" */
    0x4, 0x0, 0x43, 0x7f, 0xe0, 0x4c, 0xff, 0xf0,
    0x20, 0xc, 0x43, 0xf8, 0xd0, 0x1, 0xfe, 0x10,
    0x60, 0x4, 0x3, 0xc0,

    /* U+8033 "耳" */
    0xff, 0xf9, 0x83, 0xc, 0x18, 0x7f, 0xc3, 0x6,
    0x18, 0x30, 0xff, 0x86, 0xc, 0x30, 0x67, 0xff,
    0xff, 0x18, 0x0, 0xc0,

    /* U+805E "聞" */
    0xfb, 0xfe, 0x58, 0xfe, 0xff, 0x96, 0x3f, 0xf,
    0xff, 0xcf, 0x64, 0x7b, 0xe3, 0xd9, 0x1e, 0xf8,
    0xff, 0xc7, 0x82, 0xe0,

    /* U+8089 "肉" */
    0x4, 0x0, 0x40, 0xff, 0xf8, 0xc3, 0x8e, 0x39,
    0x1b, 0xa4, 0xb8, 0x43, 0x8e, 0x39, 0xb3, 0xa0,
    0xb8, 0x3, 0x80, 0xe0,

    /* U+80C3 "胃" */
    0xff, 0xf0, 0x87, 0xff, 0xc2, 0x1f, 0xfe, 0xff,
    0x90, 0x33, 0xfe, 0x40, 0xcf, 0xf9, 0x3, 0x20,
    0xe0,

    /* U+81B3 "膳" */
    0x0, 0x3, 0x89, 0x95, 0xfc, 0xa1, 0x7, 0x3f,
    0x2b, 0xf9, 0x4a, 0x4e, 0x4, 0xd7, 0xd6, 0xbf,
    0xf5, 0x87, 0x2c, 0x3b, 0x7f, 0x80,

    /* U+81EA "自" */
    0x4, 0x1, 0x83, 0xff, 0xe0, 0x3c, 0x7, 0xff,
    0xf0, 0x1e, 0x3, 0xff, 0xf8, 0xf, 0x1, 0xff,
    0xfc, 0x6,

    /* U+820C "舌" */
    0x0, 0xf3, 0xfc, 0x0, 0x80, 0x4, 0xf, 0xff,
    0x81, 0x0, 0x8, 0xf, 0xfe, 0x7f, 0xf3, 0x1,
    0x98, 0xc, 0xc0, 0x67, 0xff, 0x0,

    /* U+820E "舎" */
    0x2, 0x0, 0x28, 0x6, 0x30, 0x44, 0x4d, 0xfd,
    0x81, 0x1, 0xff, 0xc0, 0x0, 0x0, 0x1, 0xff,
    0xc, 0x8, 0x60, 0x43, 0xfe, 0x0,

    /* U+822A "航" */
    0x10, 0x41, 0x2, 0x1f, 0xfc, 0x98, 0x6, 0xc0,
    0x2f, 0xf1, 0x3c, 0x9f, 0xe4, 0x6f, 0x27, 0x79,
    0x3b, 0xcb, 0x1c, 0x59, 0xe3, 0x0,

    /* U+8239 "船" */
    0x0, 0xa1, 0x5, 0x3f, 0x4d, 0x9a, 0x2e, 0xd1,
    0x6f, 0x7, 0xf0, 0x19, 0xbf, 0xed, 0x1f, 0x68,
    0xf3, 0x47, 0x1b, 0xf9, 0x91, 0x80,

    /* U+8272 "色" */
    0x8, 0x0, 0xfc, 0xc, 0x40, 0xc2, 0xf, 0xff,
    0x71, 0x19, 0x88, 0xcf, 0xfe, 0x60, 0x33, 0x0,
    0x18, 0x2, 0xc0, 0x33, 0xff, 0x0,

    /* U+82B1 "花" */
    0x8, 0x40, 0x42, 0x1f, 0xfe, 0x10, 0x80, 0x0,
    0x4, 0x80, 0x44, 0x66, 0x2c, 0x51, 0x80, 0x88,
    0x4, 0x42, 0x22, 0x11, 0x1f, 0x80,

    /* U+82B8 "芸" */
    0x8, 0x40, 0x42, 0x1f, 0xfe, 0x10, 0x80, 0x0,
    0x1f, 0xf8, 0x0, 0x1f, 0xff, 0xc, 0x0, 0x42,
    0x2, 0x8, 0x20, 0x27, 0xff, 0x80, 0x0,

    /* U+82BD "芽" */
    0x10, 0x8f, 0xff, 0x10, 0x87, 0xff, 0x7f, 0xf1,
    0x8, 0x10, 0x8f, 0xff, 0xff, 0xf0, 0x68, 0x18,
    0x8e, 0x8, 0x83, 0x80,

    /* U+82E5 "若" */
    0x8, 0x40, 0x42, 0x1f, 0xfe, 0x10, 0x80, 0x20,
    0x7f, 0xfc, 0x30, 0x3, 0x0, 0x3f, 0xf3, 0x40,
    0xb2, 0x4, 0x1f, 0xe0, 0x81, 0x0,

    /* U+82F1 "英" */
    0x8, 0x40, 0x21, 0x7, 0xff, 0x82, 0x90, 0x2,
    0x0, 0xff, 0xc2, 0x21, 0x8, 0x84, 0x7f, 0xf9,
    0xff, 0xe0, 0x50, 0x3, 0x30, 0x70, 0x79, 0x0,
    0x20,

    /* U+8336 "茶" */
    0x10, 0xc7, 0xff, 0x84, 0x30, 0x21, 0x80, 0x70,
    0x4, 0xc0, 0xcb, 0x98, 0x47, 0x3f, 0xe0, 0x10,
    0xc, 0x90, 0xc4, 0x40, 0x20, 0x0,

    /* U+8349 "草" */
    0x8, 0x83, 0xff, 0x82, 0x20, 0x7f, 0xc2, 0x2,
    0x10, 0x10, 0xff, 0x84, 0x4, 0x3f, 0xe0, 0x10,
    0x3f, 0xfe, 0x4, 0x0, 0x20, 0x0,

    /* U+843D "落" */
    0x10, 0x87, 0xff, 0x84, 0x20, 0x84, 0x6, 0x7f,
    0x6, 0x12, 0x4f, 0x8, 0x78, 0x1e, 0x39, 0x7f,
    0x9b, 0xd, 0x98, 0x68, 0xff, 0x0,

    /* U+8449 "葉" */
    0x10, 0x87, 0xff, 0x84, 0x20, 0x48, 0x8f, 0xff,
    0x12, 0x20, 0x9f, 0x7, 0xfe, 0x4, 0x7, 0xff,
    0x83, 0x40, 0xe9, 0xc8, 0x41, 0x0,

    /* U+8535 "蔵" */
    0x8, 0x41, 0xff, 0xe0, 0x84, 0x0, 0x16, 0x7f,
    0xf9, 0x81, 0x7, 0xf5, 0x1f, 0xd4, 0x71, 0x61,
    0xfd, 0x87, 0x46, 0x17, 0xea, 0x51, 0x18,

    /* U+866B "虫" */
    0x2, 0x0, 0x8, 0x7, 0xff, 0x98, 0x86, 0x62,
    0x19, 0x88, 0x66, 0x21, 0x9f, 0xfe, 0x62, 0x18,
    0x9, 0x80, 0x23, 0x3f, 0xfe, 0xff, 0xe8, 0x0,
    0x0,

    /* U+8840 "血" */
    0x4, 0x0, 0x40, 0xc, 0x7, 0xfe, 0x49, 0x24,
    0x92, 0x49, 0x24, 0x92, 0x49, 0x24, 0x92, 0x49,
    0x2f, 0xff, 0xff, 0xf0,

    /* U+8846 "衆" */
    0x2, 0x1, 0xff, 0x9, 0x28, 0x49, 0x4f, 0xff,
    0xff, 0xfc, 0x46, 0xd, 0xe6, 0xa, 0xe0, 0x54,
    0xc, 0x90, 0xc4, 0x60, 0x21, 0x0,

    /* U+884C "行" */
    0x10, 0x2, 0x7f, 0x40, 0x9, 0x0, 0x30, 0x2,
    0xff, 0x60, 0x4a, 0x4, 0x20, 0x42, 0x4, 0x20,
    0x42, 0x4, 0x21, 0xc0,

    /* U+8853 "術" */
    0x22, 0x1, 0x15, 0xd0, 0xa0, 0x3f, 0x2, 0x20,
    0x11, 0x3d, 0xaa, 0x55, 0x52, 0x2a, 0x91, 0x54,
    0x8c, 0x84, 0x44, 0x22, 0x27, 0x0,

    /* U+8857 "街" */
    0x12, 0x1, 0x11, 0xd3, 0xe0, 0x24, 0x3, 0x20,
    0x17, 0xfd, 0x88, 0x54, 0x42, 0x2f, 0x91, 0x10,
    0x88, 0x84, 0x5f, 0x22, 0x7, 0x0,

    /* U+8863 "衣" */
    0x2, 0x0, 0x10, 0x3f, 0xfe, 0xc, 0x0, 0x50,
    0xc, 0x98, 0xc5, 0x9a, 0x18, 0x10, 0x80, 0x82,
    0x4, 0x18, 0x3e, 0x66, 0x0, 0x80,

    /* U+888B "袋" */
    0x12, 0x61, 0x88, 0x1b, 0xff, 0xc2, 0x2, 0x8,
    0x10, 0x3c, 0x8, 0xdf, 0xff, 0xff, 0xf8, 0xc9,
    0xbc, 0x30, 0x20, 0x83, 0xe3, 0x80,

    /* U+88C5 "装" */
    0x10, 0x82, 0x84, 0x17, 0xfc, 0x21, 0x7, 0x8,
    0x4b, 0xf8, 0x8, 0x1f, 0xfe, 0x6, 0x0, 0xcb,
    0x3c, 0x20, 0x3c, 0xc3, 0x1, 0x0,

    /* U+897F "西" */
    0xff, 0xff, 0xff, 0x9, 0xf, 0xff, 0xc9, 0x3c,
    0x93, 0xc9, 0x7d, 0x1f, 0xc0, 0x3c, 0x3, 0xff,
    0xfc, 0x3,

    /* U+898B "見" */
    0x3f, 0xe1, 0x1, 0xf, 0xf8, 0x40, 0x43, 0xfe,
    0x10, 0x10, 0xff, 0x87, 0xfc, 0x9, 0x0, 0x88,
    0x4c, 0x43, 0x83, 0xf0,

    /* U+899A "覚" */
    0x22, 0x10, 0x99, 0x1f, 0xfe, 0x80, 0x15, 0xfe,
    0x88, 0x10, 0x7f, 0x82, 0x4, 0x1f, 0xe0, 0xff,
    0x3, 0x20, 0x31, 0x16, 0xf, 0x80,

    /* U+89AA "親" */
    0x10, 0x3, 0xef, 0x80, 0x44, 0x53, 0xe2, 0x91,
    0x2a, 0xf8, 0x44, 0x5f, 0xbe, 0x31, 0xf1, 0xc5,
    0x15, 0x4b, 0x22, 0x51, 0x23, 0x80,

    /* U+89B3 "観" */
    0x40, 0x3, 0xff, 0xa8, 0xc5, 0x47, 0xef, 0xf1,
    0x29, 0xfb, 0xfc, 0x4f, 0xfe, 0x53, 0xf2, 0x8d,
    0x1e, 0x4a, 0xfa, 0x57, 0xe3, 0x80,

    /* U+89D2 "角" */
    0x4, 0x0, 0x7e, 0x4, 0x20, 0x61, 0x7, 0xff,
    0x98, 0x8c, 0xff, 0xe6, 0x23, 0x31, 0x19, 0xff,
    0xc8, 0x6, 0xc0, 0x3c, 0x7, 0x0,

    /* U+89E6 "触" */
    0x20, 0x43, 0xc2, 0x12, 0x10, 0xa7, 0xef, 0xa5,
    0x6d, 0x2b, 0xe9, 0x5b, 0x7e, 0xf8, 0x46, 0x42,
    0xb2, 0x15, 0x13, 0xf9, 0xa0, 0x80,

    /* U+8A00 "言" */
    0x3f, 0xc0, 0x0, 0x3f, 0xfe, 0x0, 0x3, 0xfc,
    0x0, 0x0, 0xff, 0x0, 0x0, 0x3f, 0xc1, 0x2,
    0x8, 0x10, 0x7f, 0x80,

    /* U+8A08 "計" */
    0x0, 0x43, 0xc2, 0x0, 0x11, 0xf8, 0x80, 0x4,
    0x3d, 0xfd, 0xe1, 0x0, 0x8, 0x78, 0x42, 0x42,
    0x12, 0x10, 0xf0, 0x84, 0x4, 0x0,

    /* U+8A17 "託" */
    0x78, 0x77, 0xfc, 0x0, 0x20, 0xf1, 0x0, 0xb,
    0xbd, 0xf0, 0x2, 0xf, 0x10, 0x48, 0x82, 0x44,
    0x5e, 0x22, 0x81, 0xf0,

    /* U+8A18 "記" */
    0x7b, 0xf8, 0x0, 0xff, 0x6, 0x0, 0x37, 0x81,
    0x80, 0xfd, 0xe4, 0x6f, 0x20, 0x49, 0x2, 0x48,
    0x5e, 0x42, 0x83, 0xf0,

    /* U+8A2D "設" */
    0x7b, 0xe0, 0x13, 0x3f, 0x9a, 0xf8, 0xf0, 0x40,
    0x3f, 0xf8, 0x8, 0xcf, 0x44, 0x89, 0x64, 0x46,
    0x1e, 0xfd, 0xc, 0x70,

    /* U+8A66 "試" */
    0x0, 0x33, 0xc1, 0x40, 0xb, 0xf7, 0xf7, 0x82,
    0x0, 0x11, 0xee, 0x80, 0x24, 0x79, 0x22, 0x49,
    0x12, 0x7a, 0xfc, 0x34, 0x1, 0x80,

    /* U+8A69 "詩" */
    0x0, 0x43, 0xc2, 0x0, 0xff, 0xf0, 0x80, 0x4,
    0x19, 0xfc, 0x0, 0x4e, 0xfe, 0x79, 0x12, 0x48,
    0x92, 0x24, 0x90, 0x27, 0x87, 0x0,

    /* U+8A8C "誌" */
    0x0, 0x83, 0xc4, 0x0, 0x21, 0xff, 0xe0, 0x8,
    0x1b, 0xf9, 0xe0, 0x0, 0x18, 0x79, 0x42, 0x68,
    0x93, 0x4c, 0xfa, 0x54, 0x1e, 0x0,

    /* U+8A93 "誓" */
    0x23, 0xff, 0xa0, 0x7f, 0xfe, 0x24, 0x64, 0x43,
    0xfc, 0x0, 0xf, 0xff, 0x3f, 0xc3, 0xfc, 0x3f,
    0xc2, 0x4, 0x3f, 0xc0,

    /* U+8A9E "語" */
    0x7b, 0xf8, 0xc, 0x3e, 0xfc, 0xf2, 0x20, 0x11,
    0x3, 0xfd, 0xe0, 0xf, 0x7e, 0x4a, 0x12, 0x50,
    0x9e, 0xfc, 0x84, 0x20,

    /* U+8AA0 "誠" */
    0x0, 0x21, 0xe0, 0xa0, 0x2, 0x3f, 0xfe, 0x6,
    0x21, 0xf8, 0xa0, 0x7e, 0x9d, 0xbe, 0x7e, 0xf1,
    0x3a, 0xc4, 0xf3, 0x5f, 0x16, 0x44, 0xd8,

    /* U+8AAC "説" */
    0x0, 0x3, 0xd1, 0x80, 0x89, 0xfb, 0xa7, 0xc1,
    0x2, 0x9, 0xf0, 0x40, 0x7c, 0x79, 0x42, 0x52,
    0x12, 0x92, 0x94, 0x97, 0xc7, 0x80,

    /* U+8AAD "読" */
    0x0, 0xc3, 0xc6, 0x3e, 0xfc, 0x7, 0xf7, 0x80,
    0x3c, 0x0, 0x1f, 0xe6, 0xa5, 0x7d, 0x2a, 0x49,
    0x12, 0xca, 0xf4, 0x54, 0x43, 0x80,

    /* U+8AB2 "課" */
    0x7f, 0xf0, 0x24, 0xbf, 0xfc, 0xf9, 0x20, 0x7f,
    0x3c, 0x40, 0x1f, 0xcf, 0x38, 0x49, 0xe2, 0x55,
    0x9f, 0x24, 0x81, 0x0,

    /* U+8AFE "諾" */
    0x1, 0x23, 0xc9, 0x1, 0xff, 0xf2, 0x47, 0x88,
    0x3, 0xfd, 0xe4, 0x0, 0x20, 0x7b, 0xf2, 0x78,
    0x93, 0xc4, 0x96, 0x27, 0xbf, 0x0,

    /* U+8B1D "謝" */
    0x2, 0x13, 0xa0, 0x83, 0xe5, 0xf3, 0x20, 0xff,
    0xbc, 0xc8, 0x3f, 0x4d, 0x3a, 0x7f, 0xd4, 0x9c,
    0xa7, 0x64, 0xf3, 0x28, 0x37, 0x0,

    /* U+8B70 "議" */
    0x0, 0x1, 0xe4, 0x80, 0x3f, 0xbe, 0x20, 0x3,
    0xf1, 0xff, 0xe7, 0x9d, 0x0, 0xd2, 0x7f, 0xf9,
    0x25, 0x24, 0xfb, 0x1e, 0x5a, 0x43, 0x58,

    /* U+8B72 "譲" */
    0x0, 0x43, 0xff, 0xc0, 0x1, 0xf2, 0x67, 0xf2,
    0x81, 0xfd, 0xe4, 0x80, 0x7e, 0x7f, 0xfa, 0x4a,
    0x53, 0xcc, 0xf3, 0xa4, 0x30, 0x80,

    /* U+8C37 "谷" */
    0x8, 0x80, 0x82, 0x8, 0x8c, 0x8e, 0x20, 0xd8,
    0xc, 0x60, 0xc1, 0x8f, 0xff, 0x10, 0x40, 0x82,
    0x4, 0x10, 0x20, 0x81, 0xfc, 0x0,

    /* U+8C9D "貝" */
    0x3f, 0xe1, 0x1, 0xf, 0xf8, 0x40, 0x42, 0x2,
    0x1f, 0xf0, 0x80, 0x84, 0x4, 0x3f, 0xe0, 0x44,
    0x6, 0x30, 0xc0, 0x60, 0x0, 0x0,

    /* U+8CA1 "財" */
    0x0, 0x23, 0xe1, 0x11, 0x8, 0x88, 0x47, 0xff,
    0xa2, 0x31, 0xf1, 0x88, 0x94, 0x44, 0xa3, 0xe9,
    0xa, 0x88, 0x88, 0x4c, 0xe, 0x0,

    /* U+8CA8 "貨" */
    0x1a, 0x1, 0x9f, 0x14, 0x81, 0x27, 0xe1, 0x0,
    0x1f, 0xf0, 0x80, 0x87, 0xfc, 0x20, 0x21, 0xff,
    0xf, 0xf8, 0x11, 0xf, 0x7, 0x0,

    /* U+8CB7 "買" */
    0x7f, 0xf2, 0x48, 0x9f, 0xfc, 0x0, 0x3, 0xfe,
    0x1f, 0xf0, 0x80, 0x87, 0xfc, 0x20, 0x21, 0xff,
    0x6, 0x61, 0xc0, 0xe0,

    /* U+8CB8 "貸" */
    0xa, 0x40, 0x89, 0x1f, 0xfd, 0x21, 0x1, 0x7,
    0x1f, 0xf0, 0x80, 0x87, 0xfc, 0x20, 0x21, 0xff,
    0xf, 0xf8, 0x11, 0xf, 0x7, 0x0,

    /* U+8CDE "賞" */
    0x64, 0x62, 0x44, 0xff, 0xfb, 0xfd, 0x20, 0x41,
    0xf8, 0x7f, 0xe4, 0x2, 0x7f, 0xe7, 0xfe, 0x7f,
    0xe1, 0x1c, 0xe0, 0x30,

    /* U+8CEA "質" */
    0x3c, 0xf1, 0x4, 0x1f, 0xfe, 0xd2, 0x44, 0xa2,
    0xf, 0xf0, 0x80, 0x83, 0xfc, 0x20, 0x21, 0xff,
    0x7, 0xf8, 0x10, 0x87, 0x3, 0x80,

    /* U+8D08 "贈" */
    0x0, 0x13, 0xc8, 0x92, 0xfe, 0xf4, 0x94, 0xbf,
    0xa5, 0x25, 0xef, 0xe9, 0x0, 0x4b, 0xfb, 0xd8,
    0xca, 0xfe, 0x96, 0x34, 0xbf, 0x80,

    /* U+8D64 "赤" */
    0x2, 0x0, 0x10, 0xf, 0xfc, 0x4, 0x0, 0x20,
    0x3f, 0xfc, 0x12, 0x6, 0x96, 0x24, 0x92, 0x24,
    0x52, 0x22, 0x31, 0x3, 0x38, 0x0,

    /* U+8D70 "走" */
    0x2, 0x0, 0x10, 0xf, 0xfc, 0x4, 0x0, 0x20,
    0x7f, 0xfc, 0x8, 0x2, 0x40, 0x23, 0xf1, 0x90,
    0xe, 0x80, 0x9c, 0xc, 0x3f, 0x80,

    /* U+8DB3 "足" */
    0x3f, 0xf1, 0x0, 0x88, 0x4, 0x7f, 0xe3, 0xff,
    0x1, 0x0, 0x48, 0x4, 0x7e, 0x32, 0x1, 0xd0,
    0x13, 0x81, 0x87, 0xf0,

    /* U+8DE1 "跡" */
    0x0, 0x43, 0xe2, 0x11, 0x10, 0x8f, 0x77, 0xca,
    0x9, 0x58, 0x4a, 0xaa, 0x55, 0x5a, 0xaa, 0xa9,
    0x57, 0x49, 0xe4, 0x40, 0x46, 0x0,

    /* U+8EAB "身" */
    0x2, 0x1, 0xff, 0xc, 0x18, 0x7f, 0xc3, 0x6,
    0x9f, 0xf8, 0xc1, 0x9f, 0xfc, 0xc1, 0xe0, 0x33,
    0xe, 0x19, 0x83, 0xc0,

    /* U+8ECA "車" */
    0x2, 0x3, 0xff, 0x80, 0x80, 0x7f, 0xe2, 0x21,
    0x11, 0x8, 0xff, 0xc4, 0x42, 0x3f, 0xf0, 0x10,
    0x3f, 0xfe, 0x4, 0x0, 0x20, 0x0,

    /* U+8ECD "軍" */
    0x7f, 0xfa, 0x10, 0x5f, 0xfa, 0x4, 0x3, 0xff,
    0x11, 0x8, 0xff, 0xc4, 0x42, 0x1f, 0xe7, 0xff,
    0xc0, 0x80, 0x4, 0x0,

    /* U+8F9E "辞" */
    0x0, 0x8f, 0x88, 0xe7, 0xf2, 0x7f, 0xfa, 0x22,
    0x7f, 0x27, 0xf2, 0x8, 0xf8, 0x88, 0xff, 0x88,
    0x8f, 0x88, 0x80, 0x80,

    /* U+8FD1 "近" */
    0x0, 0x22, 0x7e, 0xb, 0x0, 0x18, 0x0, 0xff,
    0x87, 0xff, 0xb1, 0x5, 0x88, 0x28, 0x41, 0xc2,
    0xc, 0x10, 0xa0, 0x8, 0xff, 0x80,

    /* U+8FF0 "述" */
    0x0, 0xa2, 0x4, 0x88, 0x20, 0x1f, 0xf0, 0x8,
    0x1, 0x53, 0x92, 0x44, 0x92, 0x2c, 0x89, 0x4,
    0x8, 0x20, 0xa0, 0x8, 0xff, 0x80,

    /* U+9000 "退" */
    0xcf, 0xf1, 0x61, 0x83, 0xfc, 0x18, 0x60, 0xff,
    0x76, 0x48, 0xb2, 0xc5, 0x88, 0x2d, 0xf1, 0x70,
    0xd4, 0x1, 0x1f, 0xf0,

    /* U+9001 "送" */
    0x6, 0x33, 0x11, 0xc, 0x80, 0xf, 0xf0, 0x8,
    0x0, 0x43, 0xbf, 0xe4, 0x18, 0x21, 0x41, 0x19,
    0x89, 0x6, 0xa0, 0x8, 0xff, 0x80,

    /* U+901A "通" */
    0xcf, 0xf1, 0xb, 0x0, 0x30, 0x1f, 0xe0, 0xc9,
    0x77, 0xf8, 0xb2, 0x45, 0xfe, 0x2c, 0x91, 0x65,
    0x94, 0x1, 0x1f, 0xe0,

    /* U+901F "速" */
    0x0, 0x82, 0x4, 0xb, 0xfe, 0x41, 0x0, 0xff,
    0x4, 0x49, 0xbf, 0xc4, 0x38, 0x22, 0xe1, 0x65,
    0xca, 0x24, 0xa0, 0x8, 0xff, 0x80,

    /* U+9020 "造" */
    0x2, 0x82, 0x24, 0x9, 0xfc, 0x51, 0x0, 0x88,
    0x7, 0xff, 0x80, 0x4, 0xfe, 0x24, 0x11, 0x20,
    0x89, 0xfc, 0xa0, 0x8, 0xff, 0x80,

    /* U+9031 "週" */
    0x4f, 0xf9, 0x64, 0xcb, 0x7e, 0x19, 0x30, 0xff,
    0xb6, 0xec, 0xb5, 0x65, 0xab, 0x29, 0x99, 0x3,
    0x94, 0x1, 0x1f, 0xf0,

    /* U+9032 "進" */
    0x0, 0x6, 0x12, 0x19, 0x20, 0x5f, 0xe1, 0xc8,
    0xf, 0xfb, 0xb2, 0x5, 0xfe, 0x2c, 0x81, 0x7f,
    0x88, 0x0, 0xa0, 0x8, 0xff, 0x0,

    /* U+9053 "道" */
    0x0, 0x64, 0x24, 0x2f, 0xf0, 0x10, 0x7, 0xe0,
    0x42, 0xe7, 0xe2, 0x42, 0x27, 0xe2, 0x42, 0x27,
    0xe5, 0x0, 0x8f, 0xf0,

    /* U+9060 "遠" */
    0x0, 0x83, 0x3f, 0x88, 0x20, 0x5f, 0xf0, 0x0,
    0x3, 0xfb, 0x90, 0x44, 0xfe, 0x21, 0xd1, 0x77,
    0x8a, 0x26, 0xa1, 0x8, 0xff, 0x80,

    /* U+9078 "選" */
    0x4f, 0xf0, 0x84, 0x40, 0xf6, 0x3, 0xde, 0x2,
    0x43, 0xbf, 0xe2, 0x24, 0xf, 0xfe, 0x22, 0x0,
    0x90, 0xc5, 0x81, 0xa3, 0xfe,

    /* U+90E1 "郡" */
    0x7e, 0xf8, 0x94, 0xdf, 0xe4, 0x25, 0x47, 0xea,
    0x10, 0x48, 0x82, 0x2f, 0xd1, 0xe2, 0x89, 0x15,
    0x8f, 0xa0, 0x41, 0x0,

    /* U+9152 "酒" */
    0x40, 0x1, 0xbf, 0xe0, 0x14, 0x3, 0xff, 0x4f,
    0xfd, 0xb5, 0x30, 0xd4, 0xc3, 0x9f, 0x1c, 0xc,
    0xbf, 0xf2, 0xc0, 0xd3, 0xff, 0x4c, 0xc,

    /* U+91CD "重" */
    0x0, 0x1, 0xff, 0x0, 0x81, 0xff, 0xf0, 0x20,
    0x1f, 0xf8, 0xff, 0xc4, 0x42, 0x3f, 0xf0, 0x10,
    0x1f, 0xfc, 0x4, 0xf, 0xff, 0x80,

    /* U+91CE "野" */
    0xff, 0xfc, 0xa1, 0xbf, 0x79, 0x28, 0x89, 0x42,
    0x7e, 0xfc, 0x41, 0x5f, 0x8a, 0x10, 0x40, 0x82,
    0x3f, 0x90, 0x3, 0x80,

    /* U+91D1 "金" */
    0x2, 0x0, 0x38, 0x3, 0x60, 0x31, 0x83, 0x2,
    0x6f, 0xec, 0x8, 0xf, 0xfe, 0x2, 0x0, 0x92,
    0x2, 0xa0, 0xff, 0xf0,

    /* U+93E1 "鏡" */
    0x10, 0x40, 0xaf, 0xe2, 0x51, 0x10, 0x28, 0x3b,
    0x5c, 0x47, 0xe7, 0xe0, 0x84, 0x7e, 0x55, 0xf9,
    0x57, 0xe1, 0x8a, 0xf, 0x49, 0x46, 0x3c,

    /* U+9577 "長" */
    0x3f, 0xe2, 0x0, 0x3f, 0xc2, 0x0, 0x3f, 0xc2,
    0x0, 0xff, 0xff, 0xff, 0x26, 0x62, 0x28, 0x21,
    0x87, 0xee, 0x80, 0x30,

    /* U+9580 "門" */
    0xff, 0xfe, 0x78, 0xff, 0xff, 0x9e, 0x3f, 0xff,
    0xe0, 0xf, 0x0, 0x78, 0x3, 0xc0, 0x1e, 0x0,
    0xf0, 0x7, 0x80, 0xe0,

    /* U+9593 "間" */
    0xfb, 0xfe, 0x58, 0xfe, 0xff, 0x96, 0x3f, 0xbf,
    0xe0, 0xf, 0x7e, 0x7b, 0x13, 0xdf, 0x9e, 0xc4,
    0xf7, 0xe7, 0xb0, 0xe0,

    /* U+95A2 "関" */
    0xff, 0xfe, 0x78, 0xff, 0xff, 0xff, 0xfd, 0x19,
    0xe4, 0x8f, 0x7e, 0x78, 0x83, 0xff, 0xde, 0x30,
    0xf6, 0x67, 0x80, 0xe0,

    /* U+9664 "除" */
    0x1, 0xf, 0x28, 0xa4, 0x4a, 0x83, 0xa7, 0xda,
    0x10, 0x91, 0x9, 0xfe, 0x91, 0xb, 0x54, 0x89,
    0x29, 0x11, 0x83, 0x0,

    /* U+967D "陽" */
    0xf7, 0xe9, 0x42, 0xa7, 0xea, 0x42, 0xa3, 0xc9,
    0xff, 0x94, 0x9, 0x7f, 0xba, 0x58, 0x29, 0x85,
    0x28, 0x96,

    /* U+969B "際" */
    0x0, 0x7, 0x7b, 0xea, 0xa5, 0xad, 0x6c, 0xc6,
    0x62, 0x12, 0xff, 0x54, 0x0, 0xaf, 0xf5, 0x8,
    0x22, 0x49, 0x32, 0x28, 0x70, 0x0,

    /* U+969C "障" */
    0x1, 0xf, 0xff, 0xa4, 0x4a, 0xff, 0xa0, 0xa,
    0xfe, 0x98, 0x29, 0xfe, 0xff, 0xea, 0x10, 0x9f,
    0xf8, 0x10, 0x81, 0x0,

    /* U+96BB "隻" */
    0x9, 0x0, 0x44, 0x3, 0xff, 0x9f, 0xfc, 0xb1,
    0x0, 0xff, 0xc3, 0x10, 0xf, 0xfe, 0x0, 0x1,
    0xff, 0xc0, 0xc6, 0x0, 0xe0, 0x1e, 0xf1, 0x80,
    0x20,

    /* U+96E8 "雨" */
    0xff, 0xf8, 0x10, 0x0, 0x80, 0xff, 0xf4, 0x21,
    0xa9, 0x4d, 0x29, 0x68, 0x43, 0x5a, 0xda, 0x52,
    0xd0, 0x86, 0x84, 0xe0,

    /* U+96EA "雪" */
    0xff, 0xe0, 0x83, 0xff, 0xc2, 0x1b, 0x5e, 0xeb,
    0x81, 0x3, 0xfe, 0x0, 0x47, 0xf8, 0x1, 0x3f,
    0xe0,

    /* U+96F2 "雲" */
    0x3f, 0xf0, 0x10, 0x1f, 0xfe, 0x84, 0x15, 0xee,
    0x9f, 0x78, 0x8, 0x3, 0xbc, 0xff, 0xf8, 0x42,
    0x2, 0x8, 0xff, 0xe0, 0x0, 0x0,

    /* U+96FB "電" */
    0xff, 0xe0, 0x40, 0xff, 0xfb, 0x5d, 0x75, 0xc0,
    0x40, 0x7f, 0xe4, 0x46, 0x7f, 0xe7, 0xff, 0x44,
    0x10, 0x7f,

    /* U+971C "霜" */
    0x7f, 0xf3, 0xff, 0xd0, 0x82, 0xb5, 0x93, 0xae,
    0x8, 0xfd, 0xf4, 0x62, 0x3f, 0x39, 0x1b, 0xaf,
    0xf4, 0x46, 0x23, 0xf0,

    /* U+9752 "青" */
    0x2, 0x3, 0xff, 0x80, 0x80, 0x7f, 0xc0, 0x20,
    0x7f, 0xfc, 0xff, 0xc6, 0x6, 0x3f, 0xf1, 0x81,
    0x8f, 0xfc, 0x60, 0x63, 0xf, 0x0,

    /* U+9759 "静" */
    0x21, 0x3, 0xf7, 0x82, 0x32, 0x3e, 0x90, 0x23,
    0xfb, 0xf2, 0x60, 0x9, 0xbf, 0xfe, 0xfc, 0x9b,
    0x3f, 0xef, 0xc8, 0x33, 0x20, 0xdb, 0x80,

    /* U+97F3 "音" */
    0x6, 0x7, 0xff, 0x10, 0x1, 0x8, 0x10, 0x8f,
    0xff, 0x0, 0x3, 0xfc, 0x20, 0x43, 0xfc, 0x20,
    0x42, 0x4, 0x3f, 0xc0,

    /* U+982D "頭" */
    0xff, 0xf0, 0x2, 0x3f, 0x7d, 0xa, 0x28, 0x5f,
    0x7e, 0x89, 0x27, 0xc9, 0x22, 0x49, 0x12, 0x8f,
    0x8f, 0x9, 0x86, 0x20, 0x0, 0x0,

    /* U+984C "題" */
    0x7d, 0xfa, 0x22, 0x1f, 0x6c, 0xfb, 0xe0, 0x11,
    0x7f, 0xf9, 0x44, 0x4b, 0xbe, 0x50, 0xa3, 0x88,
    0xa4, 0x1, 0x1f, 0xf0,

    /* U+9854 "顔" */
    0x10, 0x0, 0x8f, 0xff, 0x10, 0x53, 0xf2, 0x90,
    0xbf, 0x85, 0x27, 0xea, 0xbf, 0x49, 0xa, 0x88,
    0x51, 0x7f, 0x99, 0x29, 0x19, 0x91, 0x4,

    /* U+9858 "願" */
    0x7f, 0xf9, 0x20, 0x85, 0xef, 0x98, 0xa2, 0x5e,
    0xf9, 0x8a, 0x25, 0xef, 0x97, 0xbe, 0x4a, 0x8b,
    0xab, 0xea, 0x8d, 0x26, 0x42,

    /* U+98A8 "風" */
    0x7f, 0xf3, 0x2, 0x9b, 0xe4, 0xc4, 0x26, 0xfd,
    0x35, 0x29, 0xa9, 0x4d, 0xfa, 0x62, 0x12, 0x12,
    0xd7, 0xff, 0x38, 0x50,

    /* U+98DF "食" */
    0x2, 0x0, 0x28, 0x2, 0x30, 0x64, 0xc7, 0xff,
    0xd8, 0x34, 0xff, 0x86, 0xc, 0x3f, 0xf1, 0x91,
    0xc, 0x70, 0x63, 0x87, 0xe3, 0x80,

    /* U+98FE "飾" */
    0x18, 0x80, 0xb2, 0x2, 0x6f, 0xd4, 0x48, 0x7d,
    0x21, 0x93, 0xf7, 0xd2, 0xd9, 0x4b, 0x7d, 0x2d,
    0xa4, 0xb6, 0x53, 0xdf, 0x8, 0x42, 0x20,

    /* U+9996 "首" */
    0x30, 0xc0, 0x84, 0x3f, 0xfe, 0x8, 0x7, 0xfe,
    0x20, 0x11, 0x0, 0x8f, 0xfc, 0x40, 0x23, 0xff,
    0x10, 0x8, 0xff, 0xc4, 0x2, 0x0,

    /* U+99AC "馬" */
    0x7f, 0xf3, 0x10, 0x1f, 0xf8, 0xc4, 0x7, 0xfe,
    0x31, 0x1, 0xff, 0xef, 0xff, 0x4a, 0x9a, 0x52,
    0xf2, 0x45, 0x0, 0xe0,

    /* U+9A12 "騒" */
    0x7d, 0xfa, 0x84, 0x9f, 0x38, 0xa1, 0xc7, 0xf5,
    0xa8, 0x21, 0xf7, 0xe0, 0xa9, 0x6d, 0xfb, 0xe2,
    0x29, 0x12, 0x3b, 0x50,

    /* U+9A13 "験" */
    0x0, 0x41, 0xf3, 0x85, 0x1b, 0x1f, 0xc7, 0x53,
    0xf1, 0xf1, 0x5, 0x1f, 0x9f, 0x92, 0x5, 0xf9,
    0xb1, 0x87, 0x4a, 0x21, 0x66, 0x1f, 0x8,

    /* U+9AD8 "高" */
    0x2, 0x7, 0xff, 0xbf, 0xfc, 0x3f, 0x82, 0x4,
    0xf, 0xe0, 0x0, 0xf, 0xff, 0x40, 0x1a, 0x7c,
    0xd2, 0x26, 0x9f, 0x34, 0x87, 0x0,

    /* U+9B5A "魚" */
    0xc, 0x0, 0x3f, 0x1, 0x18, 0x8, 0x40, 0x7f,
    0xf0, 0x88, 0x43, 0xff, 0x8, 0x84, 0x3f, 0xf0,
    0x0, 0x2, 0x49, 0x19, 0x12, 0xc4, 0x4c,

    /* U+9BAE "鮮" */
    0x21, 0x11, 0xc8, 0x92, 0x28, 0xa7, 0xff, 0xc4,
    0x2a, 0x21, 0xf7, 0xca, 0x88, 0x54, 0x41, 0x5f,
    0xd1, 0x10, 0xd4, 0x88, 0x4, 0x0,

    /* U+9CE5 "鳥" */
    0x2, 0x0, 0xff, 0xc3, 0x3, 0xf, 0xfc, 0x30,
    0x30, 0xff, 0xc3, 0x0, 0xf, 0xfe, 0x3f, 0xf8,
    0x0, 0x22, 0x84, 0x92, 0x42, 0x40, 0x70,

    /* U+9CF4 "鳴" */
    0x0, 0x87, 0xff, 0xf3, 0x87, 0x9f, 0xfc, 0xe1,
    0xe7, 0xff, 0x38, 0x19, 0xff, 0xff, 0xfe, 0x1,
    0x42, 0x6e, 0x12, 0x10, 0x3, 0x80,

    /* U+9EA6 "麦" */
    0x2, 0x3, 0xff, 0x80, 0x80, 0x7f, 0xc0, 0x20,
    0x7f, 0xfc, 0x30, 0x3, 0xfc, 0x38, 0xc2, 0x6c,
    0x1, 0xc0, 0x7b, 0xc4, 0x3, 0x80,

    /* U+9EC4 "黄" */
    0x11, 0xf, 0xfc, 0x44, 0x7f, 0xff, 0xfe, 0x8,
    0x1f, 0xfa, 0x21, 0x7f, 0xef, 0xfc, 0x0, 0x18,
    0xec, 0x2,

    /* U+9ED2 "黒" */
    0x7f, 0xc4, 0x44, 0x7f, 0xc4, 0x44, 0x7f, 0xc0,
    0x40, 0x7f, 0xe0, 0x40, 0xff, 0xf0, 0x0, 0x4a,
    0x68, 0x93, 0x80, 0x10
};

/*---------------------
 *  GLYPH DESCRIPTION
 *--------------------*/

static const lv_font_fmt_txt_glyph_dsc_t glyph_dsc[] = {
    {.bitmap_index = 0, .adv_w = 0, .box_w = 0, .box_h = 0, .ofs_x = 0, .ofs_y = 0} /* id = 0 reserved */,
    {.bitmap_index = 0, .adv_w = 224, .box_w = 9, .box_h = 10, .ofs_x = 2, .ofs_y = -1},
    {.bitmap_index = 12, .adv_w = 224, .box_w = 11, .box_h = 12, .ofs_x = 2, .ofs_y = -1},
    {.bitmap_index = 29, .adv_w = 224, .box_w = 9, .box_h = 8, .ofs_x = 3, .ofs_y = 0},
    {.bitmap_index = 38, .adv_w = 224, .box_w = 11, .box_h = 10, .ofs_x = 2, .ofs_y = 0},
    {.bitmap_index = 52, .adv_w = 224, .box_w = 7, .box_h = 10, .ofs_x = 4, .ofs_y = -1},
    {.bitmap_index = 61, .adv_w = 224, .box_w = 9, .box_h = 11, .ofs_x = 2, .ofs_y = 0},
    {.bitmap_index = 74, .adv_w = 224, .box_w = 9, .box_h = 10, .ofs_x = 3, .ofs_y = -1},
    {.bitmap_index = 86, .adv_w = 224, .box_w = 11, .box_h = 11, .ofs_x = 2, .ofs_y = 0},
    {.bitmap_index = 102, .adv_w = 224, .box_w = 10, .box_h = 9, .ofs_x = 2, .ofs_y = -1},
    {.bitmap_index = 114, .adv_w = 224, .box_w = 12, .box_h = 11, .ofs_x = 2, .ofs_y = 0},
    {.bitmap_index = 131, .adv_w = 224, .box_w = 12, .box_h = 11, .ofs_x = 1, .ofs_y = 0},
    {.bitmap_index = 148, .adv_w = 224, .box_w = 12, .box_h = 12, .ofs_x = 1, .ofs_y = 0},
    {.bitmap_index = 166, .adv_w = 224, .box_w = 9, .box_h = 12, .ofs_x = 3, .ofs_y = -1},
    {.bitmap_index = 180, .adv_w = 224, .box_w = 11, .box_h = 12, .ofs_x = 2, .ofs_y = -1},
    {.bitmap_index = 197, .adv_w = 224, .box_w = 7, .box_h = 12, .ofs_x = 3, .ofs_y = -1},
    {.bitmap_index = 208, .adv_w = 224, .box_w = 9, .box_h = 12, .ofs_x = 3, .ofs_y = -1},
    {.bitmap_index = 222, .adv_w = 224, .box_w = 11, .box_h = 12, .ofs_x = 2, .ofs_y = -1},
    {.bitmap_index = 239, .adv_w = 224, .box_w = 12, .box_h = 13, .ofs_x = 2, .ofs_y = -1},
    {.bitmap_index = 259, .adv_w = 224, .box_w = 9, .box_h = 10, .ofs_x = 2, .ofs_y = 0},
    {.bitmap_index = 271, .adv_w = 224, .box_w = 11, .box_h = 12, .ofs_x = 2, .ofs_y = 0},
    {.bitmap_index = 288, .adv_w = 224, .box_w = 9, .box_h = 13, .ofs_x = 3, .ofs_y = -1},
    {.bitmap_index = 303, .adv_w = 224, .box_w = 11, .box_h = 14, .ofs_x = 3, .ofs_y = -1},
    {.bitmap_index = 323, .adv_w = 224, .box_w = 9, .box_h = 12, .ofs_x = 3, .ofs_y = -1},
    {.bitmap_index = 337, .adv_w = 224, .box_w = 9, .box_h = 11, .ofs_x = 3, .ofs_y = -1},
    {.bitmap_index = 350, .adv_w = 224, .box_w = 11, .box_h = 12, .ofs_x = 1, .ofs_y = -1},
    {.bitmap_index = 367, .adv_w = 224, .box_w = 12, .box_h = 13, .ofs_x = 1, .ofs_y = -1},
    {.bitmap_index = 387, .adv_w = 224, .box_w = 12, .box_h = 11, .ofs_x = 1, .ofs_y = 0},
    {.bitmap_index = 404, .adv_w = 224, .box_w = 14, .box_h = 11, .ofs_x = 0, .ofs_y = 0},
    {.bitmap_index = 424, .adv_w = 224, .box_w = 11, .box_h = 11, .ofs_x = 1, .ofs_y = -1},
    {.bitmap_index = 440, .adv_w = 224, .box_w = 12, .box_h = 12, .ofs_x = 1, .ofs_y = -1},
    {.bitmap_index = 458, .adv_w = 224, .box_w = 12, .box_h = 11, .ofs_x = 1, .ofs_y = 0},
    {.bitmap_index = 475, .adv_w = 224, .box_w = 12, .box_h = 11, .ofs_x = 1, .ofs_y = 0},
    {.bitmap_index = 492, .adv_w = 224, .box_w = 10, .box_h = 12, .ofs_x = 2, .ofs_y = -1},
    {.bitmap_index = 507, .adv_w = 224, .box_w = 12, .box_h = 13, .ofs_x = 1, .ofs_y = -1},
    {.bitmap_index = 527, .adv_w = 224, .box_w = 10, .box_h = 7, .ofs_x = 2, .ofs_y = 0},
    {.bitmap_index = 536, .adv_w = 224, .box_w = 11, .box_h = 9, .ofs_x = 2, .ofs_y = 0},
    {.bitmap_index = 549, .adv_w = 224, .box_w = 12, .box_h = 12, .ofs_x = 1, .ofs_y = 0},
    {.bitmap_index = 567, .adv_w = 224, .box_w = 11, .box_h = 10, .ofs_x = 1, .ofs_y = 0},
    {.bitmap_index = 581, .adv_w = 224, .box_w = 12, .box_h = 10, .ofs_x = 1, .ofs_y = 0},
    {.bitmap_index = 596, .adv_w = 224, .box_w = 9, .box_h = 11, .ofs_x = 3, .ofs_y = 0},
    {.bitmap_index = 609, .adv_w = 224, .box_w = 11, .box_h = 12, .ofs_x = 3, .ofs_y = 0},
    {.bitmap_index = 626, .adv_w = 224, .box_w = 12, .box_h = 12, .ofs_x = 1, .ofs_y = -1},
    {.bitmap_index = 644, .adv_w = 224, .box_w = 11, .box_h = 11, .ofs_x = 2, .ofs_y = -1},
    {.bitmap_index = 660, .adv_w = 224, .box_w = 12, .box_h = 11, .ofs_x = 1, .ofs_y = 0},
    {.bitmap_index = 677, .adv_w = 224, .box_w = 13, .box_h = 11, .ofs_x = 0, .ofs_y = 0},
    {.bitmap_index = 695, .adv_w = 224, .box_w = 11, .box_h = 10, .ofs_x = 1, .ofs_y = 0},
    {.bitmap_index = 709, .adv_w = 224, .box_w = 12, .box_h = 11, .ofs_x = 2, .ofs_y = 0},
    {.bitmap_index = 726, .adv_w = 224, .box_w = 12, .box_h = 12, .ofs_x = 1, .ofs_y = -1},
    {.bitmap_index = 744, .adv_w = 224, .box_w = 13, .box_h = 13, .ofs_x = 1, .ofs_y = -1},
    {.bitmap_index = 766, .adv_w = 224, .box_w = 12, .box_h = 11, .ofs_x = 1, .ofs_y = -1},
    {.bitmap_index = 783, .adv_w = 224, .box_w = 13, .box_h = 12, .ofs_x = 1, .ofs_y = -1},
    {.bitmap_index = 803, .adv_w = 224, .box_w = 13, .box_h = 12, .ofs_x = 1, .ofs_y = -1},
    {.bitmap_index = 823, .adv_w = 224, .box_w = 12, .box_h = 11, .ofs_x = 1, .ofs_y = 0},
    {.bitmap_index = 840, .adv_w = 224, .box_w = 13, .box_h = 11, .ofs_x = 1, .ofs_y = 0},
    {.bitmap_index = 858, .adv_w = 224, .box_w = 12, .box_h = 11, .ofs_x = 1, .ofs_y = 0},
    {.bitmap_index = 875, .adv_w = 224, .box_w = 12, .box_h = 8, .ofs_x = 1, .ofs_y = 1},
    {.bitmap_index = 887, .adv_w = 224, .box_w = 12, .box_h = 10, .ofs_x = 1, .ofs_y = 0},
    {.bitmap_index = 902, .adv_w = 224, .box_w = 13, .box_h = 10, .ofs_x = 1, .ofs_y = 0},
    {.bitmap_index = 919, .adv_w = 224, .box_w = 12, .box_h = 11, .ofs_x = 2, .ofs_y = 0},
    {.bitmap_index = 936, .adv_w = 224, .box_w = 13, .box_h = 13, .ofs_x = 1, .ofs_y = -1},
    {.bitmap_index = 958, .adv_w = 224, .box_w = 13, .box_h = 13, .ofs_x = 1, .ofs_y = -1},
    {.bitmap_index = 980, .adv_w = 224, .box_w = 9, .box_h = 12, .ofs_x = 3, .ofs_y = -1},
    {.bitmap_index = 994, .adv_w = 224, .box_w = 12, .box_h = 10, .ofs_x = 1, .ofs_y = 0},
    {.bitmap_index = 1009, .adv_w = 224, .box_w = 11, .box_h = 12, .ofs_x = 1, .ofs_y = -1},
    {.bitmap_index = 1026, .adv_w = 224, .box_w = 11, .box_h = 12, .ofs_x = 1, .ofs_y = -1},
    {.bitmap_index = 1043, .adv_w = 224, .box_w = 11, .box_h = 12, .ofs_x = 1, .ofs_y = -1},
    {.bitmap_index = 1060, .adv_w = 224, .box_w = 10, .box_h = 10, .ofs_x = 2, .ofs_y = -1},
    {.bitmap_index = 1073, .adv_w = 224, .box_w = 12, .box_h = 11, .ofs_x = 1, .ofs_y = 0},
    {.bitmap_index = 1090, .adv_w = 224, .box_w = 9, .box_h = 9, .ofs_x = 3, .ofs_y = -1},
    {.bitmap_index = 1101, .adv_w = 224, .box_w = 11, .box_h = 12, .ofs_x = 2, .ofs_y = -1},
    {.bitmap_index = 1118, .adv_w = 224, .box_w = 9, .box_h = 10, .ofs_x = 3, .ofs_y = -1},
    {.bitmap_index = 1130, .adv_w = 224, .box_w = 10, .box_h = 12, .ofs_x = 2, .ofs_y = -1},
    {.bitmap_index = 1145, .adv_w = 224, .box_w = 9, .box_h = 12, .ofs_x = 3, .ofs_y = -1},
    {.bitmap_index = 1159, .adv_w = 224, .box_w = 8, .box_h = 12, .ofs_x = 3, .ofs_y = -1},
    {.bitmap_index = 1171, .adv_w = 224, .box_w = 11, .box_h = 11, .ofs_x = 1, .ofs_y = -1},
    {.bitmap_index = 1187, .adv_w = 224, .box_w = 14, .box_h = 11, .ofs_x = 0, .ofs_y = 0},
    {.bitmap_index = 1207, .adv_w = 224, .box_w = 10, .box_h = 11, .ofs_x = 2, .ofs_y = -1},
    {.bitmap_index = 1221, .adv_w = 224, .box_w = 10, .box_h = 9, .ofs_x = 2, .ofs_y = 0},
    {.bitmap_index = 1233, .adv_w = 224, .box_w = 13, .box_h = 11, .ofs_x = 0, .ofs_y = 0},
    {.bitmap_index = 1251, .adv_w = 224, .box_w = 11, .box_h = 12, .ofs_x = 1, .ofs_y = -1},
    {.bitmap_index = 1268, .adv_w = 224, .box_w = 12, .box_h = 12, .ofs_x = 1, .ofs_y = -1},
    {.bitmap_index = 1286, .adv_w = 224, .box_w = 11, .box_h = 12, .ofs_x = 1, .ofs_y = -1},
    {.bitmap_index = 1303, .adv_w = 224, .box_w = 12, .box_h = 11, .ofs_x = 1, .ofs_y = 0},
    {.bitmap_index = 1320, .adv_w = 224, .box_w = 12, .box_h = 11, .ofs_x = 2, .ofs_y = 0},
    {.bitmap_index = 1337, .adv_w = 224, .box_w = 11, .box_h = 10, .ofs_x = 2, .ofs_y = -1},
    {.bitmap_index = 1351, .adv_w = 224, .box_w = 10, .box_h = 9, .ofs_x = 3, .ofs_y = -1},
    {.bitmap_index = 1363, .adv_w = 0, .box_w = 4, .box_h = 3, .ofs_x = -4, .ofs_y = 9},
    {.bitmap_index = 1365, .adv_w = 0, .box_w = 4, .box_h = 3, .ofs_x = -3, .ofs_y = 9},
    {.bitmap_index = 1367, .adv_w = 224, .box_w = 4, .box_h = 4, .ofs_x = 0, .ofs_y = 8},
    {.bitmap_index = 1369, .adv_w = 224, .box_w = 4, .box_h = 4, .ofs_x = 0, .ofs_y = 8},
    {.bitmap_index = 1371, .adv_w = 224, .box_w = 6, .box_h = 8, .ofs_x = 5, .ofs_y = 1},
    {.bitmap_index = 1377, .adv_w = 224, .box_w = 7, .box_h = 9, .ofs_x = 4, .ofs_y = 1},
    {.bitmap_index = 1385, .adv_w = 224, .box_w = 11, .box_h = 13, .ofs_x = 1, .ofs_y = -1},
    {.bitmap_index = 1403, .adv_w = 224, .box_w = 6, .box_h = 3, .ofs_x = 4, .ofs_y = 4},
    {.bitmap_index = 1406, .adv_w = 224, .box_w = 10, .box_h = 9, .ofs_x = 2, .ofs_y = -1},
    {.bitmap_index = 1418, .adv_w = 224, .box_w = 12, .box_h = 10, .ofs_x = 1, .ofs_y = 0},
    {.bitmap_index = 1433, .adv_w = 224, .box_w = 9, .box_h = 10, .ofs_x = 2, .ofs_y = -1},
    {.bitmap_index = 1445, .adv_w = 224, .box_w = 11, .box_h = 11, .ofs_x = 1, .ofs_y = 0},
    {.bitmap_index = 1461, .adv_w = 224, .box_w = 9, .box_h = 10, .ofs_x = 3, .ofs_y = -1},
    {.bitmap_index = 1473, .adv_w = 224, .box_w = 10, .box_h = 12, .ofs_x = 2, .ofs_y = -1},
    {.bitmap_index = 1488, .adv_w = 224, .box_w = 9, .box_h = 9, .ofs_x = 2, .ofs_y = -1},
    {.bitmap_index = 1499, .adv_w = 224, .box_w = 11, .box_h = 10, .ofs_x = 1, .ofs_y = 0},
    {.bitmap_index = 1513, .adv_w = 224, .box_w = 11, .box_h = 10, .ofs_x = 2, .ofs_y = -1},
    {.bitmap_index = 1527, .adv_w = 224, .box_w = 12, .box_h = 11, .ofs_x = 1, .ofs_y = 0},
    {.bitmap_index = 1544, .adv_w = 224, .box_w = 10, .box_h = 11, .ofs_x = 2, .ofs_y = 0},
    {.bitmap_index = 1558, .adv_w = 224, .box_w = 12, .box_h = 12, .ofs_x = 2, .ofs_y = 0},
    {.bitmap_index = 1576, .adv_w = 224, .box_w = 12, .box_h = 12, .ofs_x = 1, .ofs_y = -1},
    {.bitmap_index = 1594, .adv_w = 224, .box_w = 12, .box_h = 13, .ofs_x = 1, .ofs_y = -1},
    {.bitmap_index = 1614, .adv_w = 224, .box_w = 11, .box_h = 12, .ofs_x = 1, .ofs_y = -1},
    {.bitmap_index = 1631, .adv_w = 224, .box_w = 12, .box_h = 13, .ofs_x = 1, .ofs_y = -1},
    {.bitmap_index = 1651, .adv_w = 224, .box_w = 12, .box_h = 12, .ofs_x = 1, .ofs_y = -1},
    {.bitmap_index = 1669, .adv_w = 224, .box_w = 12, .box_h = 13, .ofs_x = 1, .ofs_y = -1},
    {.bitmap_index = 1689, .adv_w = 224, .box_w = 10, .box_h = 9, .ofs_x = 2, .ofs_y = 0},
    {.bitmap_index = 1701, .adv_w = 224, .box_w = 11, .box_h = 13, .ofs_x = 2, .ofs_y = -1},
    {.bitmap_index = 1719, .adv_w = 224, .box_w = 12, .box_h = 12, .ofs_x = 1, .ofs_y = -1},
    {.bitmap_index = 1737, .adv_w = 224, .box_w = 13, .box_h = 12, .ofs_x = 1, .ofs_y = -1},
    {.bitmap_index = 1757, .adv_w = 224, .box_w = 12, .box_h = 11, .ofs_x = 1, .ofs_y = 0},
    {.bitmap_index = 1774, .adv_w = 224, .box_w = 12, .box_h = 11, .ofs_x = 1, .ofs_y = 0},
    {.bitmap_index = 1791, .adv_w = 224, .box_w = 12, .box_h = 10, .ofs_x = 1, .ofs_y = 0},
    {.bitmap_index = 1806, .adv_w = 224, .box_w = 12, .box_h = 12, .ofs_x = 1, .ofs_y = 0},
    {.bitmap_index = 1824, .adv_w = 224, .box_w = 11, .box_h = 11, .ofs_x = 1, .ofs_y = 0},
    {.bitmap_index = 1840, .adv_w = 224, .box_w = 12, .box_h = 12, .ofs_x = 1, .ofs_y = 0},
    {.bitmap_index = 1858, .adv_w = 224, .box_w = 10, .box_h = 10, .ofs_x = 2, .ofs_y = 0},
    {.bitmap_index = 1871, .adv_w = 224, .box_w = 11, .box_h = 13, .ofs_x = 2, .ofs_y = -1},
    {.bitmap_index = 1889, .adv_w = 224, .box_w = 11, .box_h = 12, .ofs_x = 1, .ofs_y = -1},
    {.bitmap_index = 1906, .adv_w = 224, .box_w = 12, .box_h = 13, .ofs_x = 1, .ofs_y = -1},
    {.bitmap_index = 1926, .adv_w = 224, .box_w = 11, .box_h = 12, .ofs_x = 2, .ofs_y = -1},
    {.bitmap_index = 1943, .adv_w = 224, .box_w = 12, .box_h = 12, .ofs_x = 1, .ofs_y = -1},
    {.bitmap_index = 1961, .adv_w = 224, .box_w = 10, .box_h = 9, .ofs_x = 2, .ofs_y = -1},
    {.bitmap_index = 1973, .adv_w = 224, .box_w = 12, .box_h = 11, .ofs_x = 1, .ofs_y = 0},
    {.bitmap_index = 1990, .adv_w = 224, .box_w = 12, .box_h = 13, .ofs_x = 1, .ofs_y = -1},
    {.bitmap_index = 2010, .adv_w = 224, .box_w = 12, .box_h = 11, .ofs_x = 1, .ofs_y = -1},
    {.bitmap_index = 2027, .adv_w = 224, .box_w = 13, .box_h = 13, .ofs_x = 1, .ofs_y = -1},
    {.bitmap_index = 2049, .adv_w = 224, .box_w = 8, .box_h = 11, .ofs_x = 4, .ofs_y = 0},
    {.bitmap_index = 2060, .adv_w = 224, .box_w = 9, .box_h = 11, .ofs_x = 4, .ofs_y = 0},
    {.bitmap_index = 2073, .adv_w = 224, .box_w = 11, .box_h = 11, .ofs_x = 2, .ofs_y = 0},
    {.bitmap_index = 2089, .adv_w = 224, .box_w = 11, .box_h = 8, .ofs_x = 1, .ofs_y = 1},
    {.bitmap_index = 2100, .adv_w = 224, .box_w = 10, .box_h = 10, .ofs_x = 2, .ofs_y = 0},
    {.bitmap_index = 2113, .adv_w = 224, .box_w = 11, .box_h = 12, .ofs_x = 2, .ofs_y = -1},
    {.bitmap_index = 2130, .adv_w = 224, .box_w = 9, .box_h = 10, .ofs_x = 2, .ofs_y = 0},
    {.bitmap_index = 2142, .adv_w = 224, .box_w = 12, .box_h = 10, .ofs_x = 1, .ofs_y = 0},
    {.bitmap_index = 2157, .adv_w = 224, .box_w = 12, .box_h = 11, .ofs_x = 1, .ofs_y = 0},
    {.bitmap_index = 2174, .adv_w = 224, .box_w = 12, .box_h = 11, .ofs_x = 1, .ofs_y = 0},
    {.bitmap_index = 2191, .adv_w = 224, .box_w = 10, .box_h = 11, .ofs_x = 3, .ofs_y = 0},
    {.bitmap_index = 2205, .adv_w = 224, .box_w = 11, .box_h = 12, .ofs_x = 2, .ofs_y = 0},
    {.bitmap_index = 2222, .adv_w = 224, .box_w = 11, .box_h = 11, .ofs_x = 2, .ofs_y = 0},
    {.bitmap_index = 2238, .adv_w = 224, .box_w = 10, .box_h = 10, .ofs_x = 2, .ofs_y = 0},
    {.bitmap_index = 2251, .adv_w = 224, .box_w = 12, .box_h = 12, .ofs_x = 2, .ofs_y = 0},
    {.bitmap_index = 2269, .adv_w = 224, .box_w = 12, .box_h = 12, .ofs_x = 2, .ofs_y = 0},
    {.bitmap_index = 2287, .adv_w = 224, .box_w = 12, .box_h = 8, .ofs_x = 1, .ofs_y = 1},
    {.bitmap_index = 2299, .adv_w = 224, .box_w = 12, .box_h = 10, .ofs_x = 1, .ofs_y = 0},
    {.bitmap_index = 2314, .adv_w = 224, .box_w = 13, .box_h = 9, .ofs_x = 1, .ofs_y = 1},
    {.bitmap_index = 2329, .adv_w = 224, .box_w = 12, .box_h = 11, .ofs_x = 1, .ofs_y = 0},
    {.bitmap_index = 2346, .adv_w = 224, .box_w = 13, .box_h = 12, .ofs_x = 0, .ofs_y = -1},
    {.bitmap_index = 2366, .adv_w = 224, .box_w = 13, .box_h = 13, .ofs_x = 0, .ofs_y = -1},
    {.bitmap_index = 2388, .adv_w = 224, .box_w = 12, .box_h = 10, .ofs_x = 1, .ofs_y = -1},
    {.bitmap_index = 2403, .adv_w = 224, .box_w = 9, .box_h = 11, .ofs_x = 2, .ofs_y = 0},
    {.bitmap_index = 2416, .adv_w = 224, .box_w = 12, .box_h = 11, .ofs_x = 1, .ofs_y = 0},
    {.bitmap_index = 2433, .adv_w = 224, .box_w = 10, .box_h = 11, .ofs_x = 2, .ofs_y = 0},
    {.bitmap_index = 2447, .adv_w = 224, .box_w = 11, .box_h = 11, .ofs_x = 2, .ofs_y = 0},
    {.bitmap_index = 2463, .adv_w = 224, .box_w = 10, .box_h = 10, .ofs_x = 2, .ofs_y = -1},
    {.bitmap_index = 2476, .adv_w = 224, .box_w = 12, .box_h = 12, .ofs_x = 1, .ofs_y = -1},
    {.bitmap_index = 2494, .adv_w = 224, .box_w = 10, .box_h = 7, .ofs_x = 2, .ofs_y = 0},
    {.bitmap_index = 2503, .adv_w = 224, .box_w = 12, .box_h = 9, .ofs_x = 1, .ofs_y = 0},
    {.bitmap_index = 2517, .adv_w = 224, .box_w = 9, .box_h = 9, .ofs_x = 3, .ofs_y = -1},
    {.bitmap_index = 2528, .adv_w = 224, .box_w = 10, .box_h = 11, .ofs_x = 2, .ofs_y = -1},
    {.bitmap_index = 2542, .adv_w = 224, .box_w = 10, .box_h = 11, .ofs_x = 2, .ofs_y = -1},
    {.bitmap_index = 2556, .adv_w = 224, .box_w = 7, .box_h = 11, .ofs_x = 3, .ofs_y = 0},
    {.bitmap_index = 2566, .adv_w = 224, .box_w = 13, .box_h = 10, .ofs_x = 1, .ofs_y = 0},
    {.bitmap_index = 2583, .adv_w = 224, .box_w = 9, .box_h = 10, .ofs_x = 3, .ofs_y = 0},
    {.bitmap_index = 2595, .adv_w = 224, .box_w = 11, .box_h = 10, .ofs_x = 1, .ofs_y = 0},
    {.bitmap_index = 2609, .adv_w = 224, .box_w = 9, .box_h = 9, .ofs_x = 3, .ofs_y = -2},
    {.bitmap_index = 2620, .adv_w = 224, .box_w = 10, .box_h = 10, .ofs_x = 2, .ofs_y = 0},
    {.bitmap_index = 2633, .adv_w = 224, .box_w = 11, .box_h = 12, .ofs_x = 1, .ofs_y = -1},
    {.bitmap_index = 2650, .adv_w = 224, .box_w = 12, .box_h = 10, .ofs_x = 1, .ofs_y = 0},
    {.bitmap_index = 2665, .adv_w = 224, .box_w = 10, .box_h = 11, .ofs_x = 2, .ofs_y = -1},
    {.bitmap_index = 2679, .adv_w = 224, .box_w = 11, .box_h = 10, .ofs_x = 2, .ofs_y = 0},
    {.bitmap_index = 2693, .adv_w = 224, .box_w = 11, .box_h = 13, .ofs_x = 2, .ofs_y = -1},
    {.bitmap_index = 2711, .adv_w = 224, .box_w = 9, .box_h = 10, .ofs_x = 2, .ofs_y = -1},
    {.bitmap_index = 2723, .adv_w = 224, .box_w = 10, .box_h = 10, .ofs_x = 2, .ofs_y = -1},
    {.bitmap_index = 2736, .adv_w = 224, .box_w = 11, .box_h = 13, .ofs_x = 2, .ofs_y = -1},
    {.bitmap_index = 2754, .adv_w = 224, .box_w = 12, .box_h = 13, .ofs_x = 1, .ofs_y = -1},
    {.bitmap_index = 2774, .adv_w = 224, .box_w = 12, .box_h = 12, .ofs_x = 1, .ofs_y = 0},
    {.bitmap_index = 2792, .adv_w = 224, .box_w = 11, .box_h = 13, .ofs_x = 2, .ofs_y = -1},
    {.bitmap_index = 2810, .adv_w = 224, .box_w = 3, .box_h = 3, .ofs_x = 6, .ofs_y = 4},
    {.bitmap_index = 2812, .adv_w = 224, .box_w = 11, .box_h = 1, .ofs_x = 1, .ofs_y = 5},
    {.bitmap_index = 2814, .adv_w = 224, .box_w = 6, .box_h = 7, .ofs_x = 4, .ofs_y = 1},
    {.bitmap_index = 2820, .adv_w = 224, .box_w = 7, .box_h = 9, .ofs_x = 4, .ofs_y = 1},
    {.bitmap_index = 2828, .adv_w = 224, .box_w = 8, .box_h = 12, .ofs_x = 3, .ofs_y = -1},
    {.bitmap_index = 2840, .adv_w = 224, .box_w = 13, .box_h = 1, .ofs_x = 1, .ofs_y = 5},
    {.bitmap_index = 2842, .adv_w = 224, .box_w = 13, .box_h = 13, .ofs_x = 1, .ofs_y = -1},
    {.bitmap_index = 2864, .adv_w = 224, .box_w = 12, .box_h = 12, .ofs_x = 1, .ofs_y = -1},
    {.bitmap_index = 2882, .adv_w = 224, .box_w = 12, .box_h = 10, .ofs_x = 1, .ofs_y = 0},
    {.bitmap_index = 2897, .adv_w = 224, .box_w = 13, .box_h = 13, .ofs_x = 0, .ofs_y = -1},
    {.bitmap_index = 2919, .adv_w = 224, .box_w = 12, .box_h = 12, .ofs_x = 1, .ofs_y = -1},
    {.bitmap_index = 2937, .adv_w = 224, .box_w = 14, .box_h = 13, .ofs_x = 0, .ofs_y = -1},
    {.bitmap_index = 2960, .adv_w = 224, .box_w = 12, .box_h = 13, .ofs_x = 1, .ofs_y = -1},
    {.bitmap_index = 2980, .adv_w = 224, .box_w = 13, .box_h = 13, .ofs_x = 0, .ofs_y = -1},
    {.bitmap_index = 3002, .adv_w = 224, .box_w = 13, .box_h = 13, .ofs_x = 0, .ofs_y = 0},
    {.bitmap_index = 3024, .adv_w = 224, .box_w = 13, .box_h = 13, .ofs_x = 0, .ofs_y = -1},
    {.bitmap_index = 3046, .adv_w = 224, .box_w = 13, .box_h = 13, .ofs_x = 1, .ofs_y = -1},
    {.bitmap_index = 3068, .adv_w = 224, .box_w = 13, .box_h = 13, .ofs_x = 0, .ofs_y = -1},
    {.bitmap_index = 3090, .adv_w = 224, .box_w = 12, .box_h = 10, .ofs_x = 1, .ofs_y = 0},
    {.bitmap_index = 3105, .adv_w = 224, .box_w = 13, .box_h = 13, .ofs_x = 0, .ofs_y = -1},
    {.bitmap_index = 3127, .adv_w = 224, .box_w = 13, .box_h = 13, .ofs_x = 1, .ofs_y = -1},
    {.bitmap_index = 3149, .adv_w = 224, .box_w = 13, .box_h = 12, .ofs_x = 0, .ofs_y = -1},
    {.bitmap_index = 3169, .adv_w = 224, .box_w = 13, .box_h = 13, .ofs_x = 0, .ofs_y = -1},
    {.bitmap_index = 3191, .adv_w = 224, .box_w = 13, .box_h = 13, .ofs_x = 1, .ofs_y = -1},
    {.bitmap_index = 3213, .adv_w = 224, .box_w = 13, .box_h = 12, .ofs_x = 0, .ofs_y = -1},
    {.bitmap_index = 3233, .adv_w = 224, .box_w = 13, .box_h = 13, .ofs_x = 0, .ofs_y = -1},
    {.bitmap_index = 3255, .adv_w = 224, .box_w = 13, .box_h = 13, .ofs_x = 1, .ofs_y = -1},
    {.bitmap_index = 3277, .adv_w = 224, .box_w = 14, .box_h = 13, .ofs_x = 0, .ofs_y = -1},
    {.bitmap_index = 3300, .adv_w = 224, .box_w = 14, .box_h = 13, .ofs_x = 0, .ofs_y = -1},
    {.bitmap_index = 3323, .adv_w = 224, .box_w = 13, .box_h = 13, .ofs_x = 0, .ofs_y = -1},
    {.bitmap_index = 3345, .adv_w = 224, .box_w = 13, .box_h = 13, .ofs_x = 0, .ofs_y = -1},
    {.bitmap_index = 3367, .adv_w = 224, .box_w = 13, .box_h = 13, .ofs_x = 0, .ofs_y = -1},
    {.bitmap_index = 3389, .adv_w = 224, .box_w = 13, .box_h = 13, .ofs_x = 0, .ofs_y = -1},
    {.bitmap_index = 3411, .adv_w = 224, .box_w = 13, .box_h = 13, .ofs_x = 1, .ofs_y = -1},
    {.bitmap_index = 3433, .adv_w = 224, .box_w = 13, .box_h = 13, .ofs_x = 0, .ofs_y = -1},
    {.bitmap_index = 3455, .adv_w = 224, .box_w = 13, .box_h = 13, .ofs_x = 0, .ofs_y = -1},
    {.bitmap_index = 3477, .adv_w = 224, .box_w = 14, .box_h = 13, .ofs_x = 0, .ofs_y = -1},
    {.bitmap_index = 3500, .adv_w = 224, .box_w = 13, .box_h = 13, .ofs_x = 0, .ofs_y = -1},
    {.bitmap_index = 3522, .adv_w = 224, .box_w = 14, .box_h = 13, .ofs_x = 0, .ofs_y = -1},
    {.bitmap_index = 3545, .adv_w = 224, .box_w = 13, .box_h = 13, .ofs_x = 0, .ofs_y = -1},
    {.bitmap_index = 3567, .adv_w = 224, .box_w = 13, .box_h = 13, .ofs_x = 0, .ofs_y = -1},
    {.bitmap_index = 3589, .adv_w = 224, .box_w = 14, .box_h = 13, .ofs_x = 0, .ofs_y = -1},
    {.bitmap_index = 3612, .adv_w = 224, .box_w = 13, .box_h = 13, .ofs_x = 0, .ofs_y = -1},
    {.bitmap_index = 3634, .adv_w = 224, .box_w = 12, .box_h = 12, .ofs_x = 1, .ofs_y = -1},
    {.bitmap_index = 3652, .adv_w = 224, .box_w = 14, .box_h = 12, .ofs_x = 0, .ofs_y = -1},
    {.bitmap_index = 3673, .adv_w = 224, .box_w = 13, .box_h = 13, .ofs_x = 1, .ofs_y = -1},
    {.bitmap_index = 3695, .adv_w = 224, .box_w = 13, .box_h = 13, .ofs_x = 1, .ofs_y = -1},
    {.bitmap_index = 3717, .adv_w = 224, .box_w = 13, .box_h = 12, .ofs_x = 0, .ofs_y = -1},
    {.bitmap_index = 3737, .adv_w = 224, .box_w = 13, .box_h = 12, .ofs_x = 0, .ofs_y = -1},
    {.bitmap_index = 3757, .adv_w = 224, .box_w = 13, .box_h = 13, .ofs_x = 0, .ofs_y = -1},
    {.bitmap_index = 3779, .adv_w = 224, .box_w = 13, .box_h = 12, .ofs_x = 0, .ofs_y = -1},
    {.bitmap_index = 3799, .adv_w = 224, .box_w = 12, .box_h = 13, .ofs_x = 1, .ofs_y = -1},
    {.bitmap_index = 3819, .adv_w = 224, .box_w = 13, .box_h = 13, .ofs_x = 0, .ofs_y = -1},
    {.bitmap_index = 3841, .adv_w = 224, .box_w = 12, .box_h = 13, .ofs_x = 1, .ofs_y = -1},
    {.bitmap_index = 3861, .adv_w = 224, .box_w = 12, .box_h = 13, .ofs_x = 1, .ofs_y = -1},
    {.bitmap_index = 3881, .adv_w = 224, .box_w = 13, .box_h = 13, .ofs_x = 1, .ofs_y = -1},
    {.bitmap_index = 3903, .adv_w = 224, .box_w = 13, .box_h = 12, .ofs_x = 1, .ofs_y = -1},
    {.bitmap_index = 3923, .adv_w = 224, .box_w = 14, .box_h = 13, .ofs_x = 0, .ofs_y = -2},
    {.bitmap_index = 3946, .adv_w = 224, .box_w = 12, .box_h = 13, .ofs_x = 1, .ofs_y = -1},
    {.bitmap_index = 3966, .adv_w = 224, .box_w = 13, .box_h = 11, .ofs_x = 1, .ofs_y = -1},
    {.bitmap_index = 3984, .adv_w = 224, .box_w = 14, .box_h = 12, .ofs_x = 0, .ofs_y = -1},
    {.bitmap_index = 4005, .adv_w = 224, .box_w = 14, .box_h = 12, .ofs_x = 0, .ofs_y = -1},
    {.bitmap_index = 4026, .adv_w = 224, .box_w = 13, .box_h = 13, .ofs_x = 0, .ofs_y = -1},
    {.bitmap_index = 4048, .adv_w = 224, .box_w = 12, .box_h = 13, .ofs_x = 0, .ofs_y = -1},
    {.bitmap_index = 4068, .adv_w = 224, .box_w = 13, .box_h = 13, .ofs_x = 0, .ofs_y = -1},
    {.bitmap_index = 4090, .adv_w = 224, .box_w = 13, .box_h = 13, .ofs_x = 0, .ofs_y = -1},
    {.bitmap_index = 4112, .adv_w = 224, .box_w = 13, .box_h = 13, .ofs_x = 1, .ofs_y = -1},
    {.bitmap_index = 4134, .adv_w = 224, .box_w = 13, .box_h = 13, .ofs_x = 1, .ofs_y = -1},
    {.bitmap_index = 4156, .adv_w = 224, .box_w = 13, .box_h = 13, .ofs_x = 1, .ofs_y = -1},
    {.bitmap_index = 4178, .adv_w = 224, .box_w = 13, .box_h = 13, .ofs_x = 0, .ofs_y = -1},
    {.bitmap_index = 4200, .adv_w = 224, .box_w = 13, .box_h = 12, .ofs_x = 1, .ofs_y = -1},
    {.bitmap_index = 4220, .adv_w = 224, .box_w = 13, .box_h = 13, .ofs_x = 1, .ofs_y = -1},
    {.bitmap_index = 4242, .adv_w = 224, .box_w = 13, .box_h = 12, .ofs_x = 0, .ofs_y = -1},
    {.bitmap_index = 4262, .adv_w = 224, .box_w = 13, .box_h = 13, .ofs_x = 1, .ofs_y = -1},
    {.bitmap_index = 4284, .adv_w = 224, .box_w = 13, .box_h = 13, .ofs_x = 0, .ofs_y = -1},
    {.bitmap_index = 4306, .adv_w = 224, .box_w = 13, .box_h = 13, .ofs_x = 0, .ofs_y = -1},
    {.bitmap_index = 4328, .adv_w = 224, .box_w = 14, .box_h = 13, .ofs_x = 0, .ofs_y = -1},
    {.bitmap_index = 4351, .adv_w = 224, .box_w = 13, .box_h = 13, .ofs_x = 1, .ofs_y = -1},
    {.bitmap_index = 4373, .adv_w = 224, .box_w = 12, .box_h = 13, .ofs_x = 1, .ofs_y = -1},
    {.bitmap_index = 4393, .adv_w = 224, .box_w = 14, .box_h = 12, .ofs_x = 0, .ofs_y = -1},
    {.bitmap_index = 4414, .adv_w = 224, .box_w = 13, .box_h = 13, .ofs_x = 1, .ofs_y = -2},
    {.bitmap_index = 4436, .adv_w = 224, .box_w = 12, .box_h = 13, .ofs_x = 1, .ofs_y = -1},
    {.bitmap_index = 4456, .adv_w = 224, .box_w = 13, .box_h = 13, .ofs_x = 1, .ofs_y = -1},
    {.bitmap_index = 4478, .adv_w = 224, .box_w = 14, .box_h = 12, .ofs_x = 0, .ofs_y = -1},
    {.bitmap_index = 4499, .adv_w = 224, .box_w = 13, .box_h = 13, .ofs_x = 1, .ofs_y = -1},
    {.bitmap_index = 4521, .adv_w = 224, .box_w = 10, .box_h = 11, .ofs_x = 2, .ofs_y = -1},
    {.bitmap_index = 4535, .adv_w = 224, .box_w = 13, .box_h = 13, .ofs_x = 1, .ofs_y = -1},
    {.bitmap_index = 4557, .adv_w = 224, .box_w = 12, .box_h = 13, .ofs_x = 1, .ofs_y = -1},
    {.bitmap_index = 4577, .adv_w = 224, .box_w = 13, .box_h = 13, .ofs_x = 1, .ofs_y = -1},
    {.bitmap_index = 4599, .adv_w = 224, .box_w = 12, .box_h = 13, .ofs_x = 1, .ofs_y = -1},
    {.bitmap_index = 4619, .adv_w = 224, .box_w = 12, .box_h = 12, .ofs_x = 2, .ofs_y = -1},
    {.bitmap_index = 4637, .adv_w = 224, .box_w = 14, .box_h = 13, .ofs_x = 0, .ofs_y = -1},
    {.bitmap_index = 4660, .adv_w = 224, .box_w = 14, .box_h = 13, .ofs_x = 0, .ofs_y = -1},
    {.bitmap_index = 4683, .adv_w = 224, .box_w = 11, .box_h = 12, .ofs_x = 1, .ofs_y = -1},
    {.bitmap_index = 4700, .adv_w = 224, .box_w = 13, .box_h = 12, .ofs_x = 0, .ofs_y = -1},
    {.bitmap_index = 4720, .adv_w = 224, .box_w = 14, .box_h = 12, .ofs_x = 0, .ofs_y = -1},
    {.bitmap_index = 4741, .adv_w = 224, .box_w = 12, .box_h = 13, .ofs_x = 1, .ofs_y = -1},
    {.bitmap_index = 4761, .adv_w = 224, .box_w = 13, .box_h = 12, .ofs_x = 0, .ofs_y = -1},
    {.bitmap_index = 4781, .adv_w = 224, .box_w = 13, .box_h = 12, .ofs_x = 0, .ofs_y = -1},
    {.bitmap_index = 4801, .adv_w = 224, .box_w = 12, .box_h = 13, .ofs_x = 0, .ofs_y = -1},
    {.bitmap_index = 4821, .adv_w = 224, .box_w = 13, .box_h = 13, .ofs_x = 0, .ofs_y = -1},
    {.bitmap_index = 4843, .adv_w = 224, .box_w = 12, .box_h = 13, .ofs_x = 1, .ofs_y = -1},
    {.bitmap_index = 4863, .adv_w = 224, .box_w = 13, .box_h = 13, .ofs_x = 0, .ofs_y = -1},
    {.bitmap_index = 4885, .adv_w = 224, .box_w = 12, .box_h = 12, .ofs_x = 0, .ofs_y = -1},
    {.bitmap_index = 4903, .adv_w = 224, .box_w = 13, .box_h = 12, .ofs_x = 0, .ofs_y = -1},
    {.bitmap_index = 4923, .adv_w = 224, .box_w = 12, .box_h = 12, .ofs_x = 1, .ofs_y = -1},
    {.bitmap_index = 4941, .adv_w = 224, .box_w = 12, .box_h = 12, .ofs_x = 0, .ofs_y = -1},
    {.bitmap_index = 4959, .adv_w = 224, .box_w = 13, .box_h = 12, .ofs_x = 0, .ofs_y = -1},
    {.bitmap_index = 4979, .adv_w = 224, .box_w = 13, .box_h = 12, .ofs_x = 1, .ofs_y = -1},
    {.bitmap_index = 4999, .adv_w = 224, .box_w = 13, .box_h = 12, .ofs_x = 1, .ofs_y = -1},
    {.bitmap_index = 5019, .adv_w = 224, .box_w = 13, .box_h = 12, .ofs_x = 1, .ofs_y = -1},
    {.bitmap_index = 5039, .adv_w = 224, .box_w = 12, .box_h = 12, .ofs_x = 0, .ofs_y = -1},
    {.bitmap_index = 5057, .adv_w = 224, .box_w = 13, .box_h = 12, .ofs_x = 0, .ofs_y = 0},
    {.bitmap_index = 5077, .adv_w = 224, .box_w = 12, .box_h = 13, .ofs_x = 1, .ofs_y = -1},
    {.bitmap_index = 5097, .adv_w = 224, .box_w = 13, .box_h = 13, .ofs_x = 0, .ofs_y = -1},
    {.bitmap_index = 5119, .adv_w = 224, .box_w = 14, .box_h = 13, .ofs_x = 0, .ofs_y = -1},
    {.bitmap_index = 5142, .adv_w = 224, .box_w = 12, .box_h = 12, .ofs_x = 1, .ofs_y = 0},
    {.bitmap_index = 5160, .adv_w = 224, .box_w = 13, .box_h = 13, .ofs_x = 0, .ofs_y = -1},
    {.bitmap_index = 5182, .adv_w = 224, .box_w = 14, .box_h = 13, .ofs_x = 0, .ofs_y = -1},
    {.bitmap_index = 5205, .adv_w = 224, .box_w = 13, .box_h = 13, .ofs_x = 0, .ofs_y = -1},
    {.bitmap_index = 5227, .adv_w = 224, .box_w = 13, .box_h = 12, .ofs_x = 0, .ofs_y = 0},
    {.bitmap_index = 5247, .adv_w = 224, .box_w = 13, .box_h = 13, .ofs_x = 0, .ofs_y = -1},
    {.bitmap_index = 5269, .adv_w = 224, .box_w = 14, .box_h = 12, .ofs_x = 0, .ofs_y = -1},
    {.bitmap_index = 5290, .adv_w = 224, .box_w = 13, .box_h = 13, .ofs_x = 0, .ofs_y = -1},
    {.bitmap_index = 5312, .adv_w = 224, .box_w = 13, .box_h = 13, .ofs_x = 1, .ofs_y = -1},
    {.bitmap_index = 5334, .adv_w = 224, .box_w = 13, .box_h = 13, .ofs_x = 1, .ofs_y = -1},
    {.bitmap_index = 5356, .adv_w = 224, .box_w = 12, .box_h = 13, .ofs_x = 1, .ofs_y = -1},
    {.bitmap_index = 5376, .adv_w = 224, .box_w = 13, .box_h = 12, .ofs_x = 0, .ofs_y = -1},
    {.bitmap_index = 5396, .adv_w = 224, .box_w = 12, .box_h = 13, .ofs_x = 1, .ofs_y = -1},
    {.bitmap_index = 5416, .adv_w = 224, .box_w = 13, .box_h = 13, .ofs_x = 1, .ofs_y = -2},
    {.bitmap_index = 5438, .adv_w = 224, .box_w = 14, .box_h = 13, .ofs_x = 0, .ofs_y = -1},
    {.bitmap_index = 5461, .adv_w = 224, .box_w = 13, .box_h = 12, .ofs_x = 1, .ofs_y = -1},
    {.bitmap_index = 5481, .adv_w = 224, .box_w = 12, .box_h = 13, .ofs_x = 1, .ofs_y = -1},
    {.bitmap_index = 5501, .adv_w = 224, .box_w = 12, .box_h = 13, .ofs_x = 1, .ofs_y = -1},
    {.bitmap_index = 5521, .adv_w = 224, .box_w = 13, .box_h = 13, .ofs_x = 1, .ofs_y = -1},
    {.bitmap_index = 5543, .adv_w = 224, .box_w = 13, .box_h = 12, .ofs_x = 0, .ofs_y = -1},
    {.bitmap_index = 5563, .adv_w = 224, .box_w = 12, .box_h = 13, .ofs_x = 1, .ofs_y = -1},
    {.bitmap_index = 5583, .adv_w = 224, .box_w = 13, .box_h = 13, .ofs_x = 0, .ofs_y = -1},
    {.bitmap_index = 5605, .adv_w = 224, .box_w = 13, .box_h = 13, .ofs_x = 0, .ofs_y = -1},
    {.bitmap_index = 5627, .adv_w = 224, .box_w = 12, .box_h = 13, .ofs_x = 1, .ofs_y = -1},
    {.bitmap_index = 5647, .adv_w = 224, .box_w = 12, .box_h = 13, .ofs_x = 1, .ofs_y = -1},
    {.bitmap_index = 5667, .adv_w = 224, .box_w = 12, .box_h = 13, .ofs_x = 1, .ofs_y = -1},
    {.bitmap_index = 5687, .adv_w = 224, .box_w = 12, .box_h = 13, .ofs_x = 1, .ofs_y = -1},
    {.bitmap_index = 5707, .adv_w = 224, .box_w = 13, .box_h = 13, .ofs_x = 0, .ofs_y = -1},
    {.bitmap_index = 5729, .adv_w = 224, .box_w = 13, .box_h = 13, .ofs_x = 0, .ofs_y = -1},
    {.bitmap_index = 5751, .adv_w = 224, .box_w = 12, .box_h = 13, .ofs_x = 1, .ofs_y = -1},
    {.bitmap_index = 5771, .adv_w = 224, .box_w = 12, .box_h = 13, .ofs_x = 1, .ofs_y = -1},
    {.bitmap_index = 5791, .adv_w = 224, .box_w = 13, .box_h = 13, .ofs_x = 0, .ofs_y = -1},
    {.bitmap_index = 5813, .adv_w = 224, .box_w = 13, .box_h = 13, .ofs_x = 1, .ofs_y = -1},
    {.bitmap_index = 5835, .adv_w = 224, .box_w = 12, .box_h = 13, .ofs_x = 1, .ofs_y = -1},
    {.bitmap_index = 5855, .adv_w = 224, .box_w = 13, .box_h = 13, .ofs_x = 1, .ofs_y = -1},
    {.bitmap_index = 5877, .adv_w = 224, .box_w = 13, .box_h = 13, .ofs_x = 0, .ofs_y = -1},
    {.bitmap_index = 5899, .adv_w = 224, .box_w = 13, .box_h = 13, .ofs_x = 0, .ofs_y = -1},
    {.bitmap_index = 5921, .adv_w = 224, .box_w = 13, .box_h = 12, .ofs_x = 0, .ofs_y = -1},
    {.bitmap_index = 5941, .adv_w = 224, .box_w = 12, .box_h = 12, .ofs_x = 0, .ofs_y = -1},
    {.bitmap_index = 5959, .adv_w = 224, .box_w = 12, .box_h = 13, .ofs_x = 1, .ofs_y = -1},
    {.bitmap_index = 5979, .adv_w = 224, .box_w = 13, .box_h = 13, .ofs_x = 1, .ofs_y = -1},
    {.bitmap_index = 6001, .adv_w = 224, .box_w = 12, .box_h = 12, .ofs_x = 0, .ofs_y = -1},
    {.bitmap_index = 6019, .adv_w = 224, .box_w = 13, .box_h = 12, .ofs_x = 0, .ofs_y = -1},
    {.bitmap_index = 6039, .adv_w = 224, .box_w = 13, .box_h = 13, .ofs_x = 0, .ofs_y = -1},
    {.bitmap_index = 6061, .adv_w = 224, .box_w = 13, .box_h = 13, .ofs_x = 0, .ofs_y = -1},
    {.bitmap_index = 6083, .adv_w = 224, .box_w = 13, .box_h = 13, .ofs_x = 0, .ofs_y = -1},
    {.bitmap_index = 6105, .adv_w = 224, .box_w = 12, .box_h = 13, .ofs_x = 1, .ofs_y = -1},
    {.bitmap_index = 6125, .adv_w = 224, .box_w = 13, .box_h = 13, .ofs_x = 0, .ofs_y = -1},
    {.bitmap_index = 6147, .adv_w = 224, .box_w = 12, .box_h = 13, .ofs_x = 1, .ofs_y = -1},
    {.bitmap_index = 6167, .adv_w = 224, .box_w = 12, .box_h = 13, .ofs_x = 1, .ofs_y = -1},
    {.bitmap_index = 6187, .adv_w = 224, .box_w = 14, .box_h = 13, .ofs_x = 0, .ofs_y = -1},
    {.bitmap_index = 6210, .adv_w = 224, .box_w = 13, .box_h = 13, .ofs_x = 0, .ofs_y = -1},
    {.bitmap_index = 6232, .adv_w = 224, .box_w = 13, .box_h = 13, .ofs_x = 0, .ofs_y = -1},
    {.bitmap_index = 6254, .adv_w = 224, .box_w = 13, .box_h = 13, .ofs_x = 0, .ofs_y = -1},
    {.bitmap_index = 6276, .adv_w = 224, .box_w = 13, .box_h = 13, .ofs_x = 0, .ofs_y = -1},
    {.bitmap_index = 6298, .adv_w = 224, .box_w = 11, .box_h = 12, .ofs_x = 2, .ofs_y = -1},
    {.bitmap_index = 6315, .adv_w = 224, .box_w = 11, .box_h = 13, .ofs_x = 1, .ofs_y = -1},
    {.bitmap_index = 6333, .adv_w = 224, .box_w = 13, .box_h = 13, .ofs_x = 1, .ofs_y = -1},
    {.bitmap_index = 6355, .adv_w = 224, .box_w = 12, .box_h = 12, .ofs_x = 0, .ofs_y = -1},
    {.bitmap_index = 6373, .adv_w = 224, .box_w = 13, .box_h = 13, .ofs_x = 1, .ofs_y = -1},
    {.bitmap_index = 6395, .adv_w = 224, .box_w = 11, .box_h = 13, .ofs_x = 1, .ofs_y = -1},
    {.bitmap_index = 6413, .adv_w = 224, .box_w = 13, .box_h = 13, .ofs_x = 0, .ofs_y = -1},
    {.bitmap_index = 6435, .adv_w = 224, .box_w = 13, .box_h = 13, .ofs_x = 1, .ofs_y = -1},
    {.bitmap_index = 6457, .adv_w = 224, .box_w = 12, .box_h = 13, .ofs_x = 1, .ofs_y = -1},
    {.bitmap_index = 6477, .adv_w = 224, .box_w = 13, .box_h = 13, .ofs_x = 0, .ofs_y = -1},
    {.bitmap_index = 6499, .adv_w = 224, .box_w = 13, .box_h = 13, .ofs_x = 0, .ofs_y = -1},
    {.bitmap_index = 6521, .adv_w = 224, .box_w = 14, .box_h = 13, .ofs_x = 0, .ofs_y = -1},
    {.bitmap_index = 6544, .adv_w = 224, .box_w = 12, .box_h = 12, .ofs_x = 1, .ofs_y = -1},
    {.bitmap_index = 6562, .adv_w = 224, .box_w = 13, .box_h = 13, .ofs_x = 0, .ofs_y = -1},
    {.bitmap_index = 6584, .adv_w = 224, .box_w = 13, .box_h = 13, .ofs_x = 0, .ofs_y = -1},
    {.bitmap_index = 6606, .adv_w = 224, .box_w = 12, .box_h = 13, .ofs_x = 1, .ofs_y = -1},
    {.bitmap_index = 6626, .adv_w = 224, .box_w = 14, .box_h = 13, .ofs_x = 0, .ofs_y = -1},
    {.bitmap_index = 6649, .adv_w = 224, .box_w = 13, .box_h = 13, .ofs_x = 1, .ofs_y = -1},
    {.bitmap_index = 6671, .adv_w = 224, .box_w = 12, .box_h = 13, .ofs_x = 1, .ofs_y = -2},
    {.bitmap_index = 6691, .adv_w = 224, .box_w = 13, .box_h = 13, .ofs_x = 1, .ofs_y = -1},
    {.bitmap_index = 6713, .adv_w = 224, .box_w = 12, .box_h = 13, .ofs_x = 1, .ofs_y = -1},
    {.bitmap_index = 6733, .adv_w = 224, .box_w = 12, .box_h = 13, .ofs_x = 1, .ofs_y = -1},
    {.bitmap_index = 6753, .adv_w = 224, .box_w = 13, .box_h = 13, .ofs_x = 1, .ofs_y = -1},
    {.bitmap_index = 6775, .adv_w = 224, .box_w = 13, .box_h = 13, .ofs_x = 1, .ofs_y = -1},
    {.bitmap_index = 6797, .adv_w = 224, .box_w = 13, .box_h = 13, .ofs_x = 0, .ofs_y = -1},
    {.bitmap_index = 6819, .adv_w = 224, .box_w = 13, .box_h = 13, .ofs_x = 1, .ofs_y = -1},
    {.bitmap_index = 6841, .adv_w = 224, .box_w = 12, .box_h = 13, .ofs_x = 1, .ofs_y = -1},
    {.bitmap_index = 6861, .adv_w = 224, .box_w = 13, .box_h = 13, .ofs_x = 1, .ofs_y = -1},
    {.bitmap_index = 6883, .adv_w = 224, .box_w = 13, .box_h = 13, .ofs_x = 1, .ofs_y = -1},
    {.bitmap_index = 6905, .adv_w = 224, .box_w = 13, .box_h = 13, .ofs_x = 0, .ofs_y = -1},
    {.bitmap_index = 6927, .adv_w = 224, .box_w = 14, .box_h = 13, .ofs_x = 0, .ofs_y = -1},
    {.bitmap_index = 6950, .adv_w = 224, .box_w = 13, .box_h = 13, .ofs_x = 1, .ofs_y = -1},
    {.bitmap_index = 6972, .adv_w = 224, .box_w = 13, .box_h = 13, .ofs_x = 1, .ofs_y = -1},
    {.bitmap_index = 6994, .adv_w = 224, .box_w = 13, .box_h = 13, .ofs_x = 1, .ofs_y = -1},
    {.bitmap_index = 7016, .adv_w = 224, .box_w = 14, .box_h = 13, .ofs_x = 0, .ofs_y = -1},
    {.bitmap_index = 7039, .adv_w = 224, .box_w = 13, .box_h = 13, .ofs_x = 0, .ofs_y = -1},
    {.bitmap_index = 7061, .adv_w = 224, .box_w = 13, .box_h = 13, .ofs_x = 1, .ofs_y = -1},
    {.bitmap_index = 7083, .adv_w = 224, .box_w = 13, .box_h = 13, .ofs_x = 0, .ofs_y = -1},
    {.bitmap_index = 7105, .adv_w = 224, .box_w = 13, .box_h = 13, .ofs_x = 1, .ofs_y = -1},
    {.bitmap_index = 7127, .adv_w = 224, .box_w = 13, .box_h = 14, .ofs_x = 0, .ofs_y = -2},
    {.bitmap_index = 7150, .adv_w = 224, .box_w = 14, .box_h = 13, .ofs_x = 0, .ofs_y = -1},
    {.bitmap_index = 7173, .adv_w = 224, .box_w = 13, .box_h = 13, .ofs_x = 0, .ofs_y = -1},
    {.bitmap_index = 7195, .adv_w = 224, .box_w = 13, .box_h = 13, .ofs_x = 0, .ofs_y = -1},
    {.bitmap_index = 7217, .adv_w = 224, .box_w = 13, .box_h = 13, .ofs_x = 0, .ofs_y = -1},
    {.bitmap_index = 7239, .adv_w = 224, .box_w = 13, .box_h = 13, .ofs_x = 0, .ofs_y = -1},
    {.bitmap_index = 7261, .adv_w = 224, .box_w = 12, .box_h = 13, .ofs_x = 1, .ofs_y = -1},
    {.bitmap_index = 7281, .adv_w = 224, .box_w = 13, .box_h = 13, .ofs_x = 0, .ofs_y = -1},
    {.bitmap_index = 7303, .adv_w = 224, .box_w = 13, .box_h = 13, .ofs_x = 0, .ofs_y = -1},
    {.bitmap_index = 7325, .adv_w = 224, .box_w = 14, .box_h = 13, .ofs_x = 0, .ofs_y = -1},
    {.bitmap_index = 7348, .adv_w = 224, .box_w = 10, .box_h = 12, .ofs_x = 2, .ofs_y = -1},
    {.bitmap_index = 7363, .adv_w = 224, .box_w = 13, .box_h = 12, .ofs_x = 0, .ofs_y = -1},
    {.bitmap_index = 7383, .adv_w = 224, .box_w = 13, .box_h = 12, .ofs_x = 0, .ofs_y = -1},
    {.bitmap_index = 7403, .adv_w = 224, .box_w = 13, .box_h = 12, .ofs_x = 0, .ofs_y = -1},
    {.bitmap_index = 7423, .adv_w = 224, .box_w = 13, .box_h = 13, .ofs_x = 0, .ofs_y = -1},
    {.bitmap_index = 7445, .adv_w = 224, .box_w = 13, .box_h = 13, .ofs_x = 0, .ofs_y = -1},
    {.bitmap_index = 7467, .adv_w = 224, .box_w = 14, .box_h = 12, .ofs_x = 0, .ofs_y = -1},
    {.bitmap_index = 7488, .adv_w = 224, .box_w = 14, .box_h = 13, .ofs_x = 0, .ofs_y = -1},
    {.bitmap_index = 7511, .adv_w = 224, .box_w = 13, .box_h = 12, .ofs_x = 0, .ofs_y = -1},
    {.bitmap_index = 7531, .adv_w = 224, .box_w = 14, .box_h = 13, .ofs_x = 0, .ofs_y = -1},
    {.bitmap_index = 7554, .adv_w = 224, .box_w = 12, .box_h = 12, .ofs_x = 1, .ofs_y = -1},
    {.bitmap_index = 7572, .adv_w = 224, .box_w = 13, .box_h = 13, .ofs_x = 1, .ofs_y = -1},
    {.bitmap_index = 7594, .adv_w = 224, .box_w = 13, .box_h = 12, .ofs_x = 0, .ofs_y = -1},
    {.bitmap_index = 7614, .adv_w = 224, .box_w = 12, .box_h = 12, .ofs_x = 0, .ofs_y = -1},
    {.bitmap_index = 7632, .adv_w = 224, .box_w = 12, .box_h = 13, .ofs_x = 0, .ofs_y = -1},
    {.bitmap_index = 7652, .adv_w = 224, .box_w = 13, .box_h = 13, .ofs_x = 0, .ofs_y = -1},
    {.bitmap_index = 7674, .adv_w = 224, .box_w = 13, .box_h = 13, .ofs_x = 0, .ofs_y = -1},
    {.bitmap_index = 7696, .adv_w = 224, .box_w = 13, .box_h = 13, .ofs_x = 0, .ofs_y = -1},
    {.bitmap_index = 7718, .adv_w = 224, .box_w = 14, .box_h = 13, .ofs_x = 0, .ofs_y = -1},
    {.bitmap_index = 7741, .adv_w = 224, .box_w = 13, .box_h = 13, .ofs_x = 0, .ofs_y = -1},
    {.bitmap_index = 7763, .adv_w = 224, .box_w = 13, .box_h = 13, .ofs_x = 0, .ofs_y = -1},
    {.bitmap_index = 7785, .adv_w = 224, .box_w = 13, .box_h = 12, .ofs_x = 0, .ofs_y = -1},
    {.bitmap_index = 7805, .adv_w = 224, .box_w = 13, .box_h = 13, .ofs_x = 1, .ofs_y = -1},
    {.bitmap_index = 7827, .adv_w = 224, .box_w = 14, .box_h = 13, .ofs_x = 0, .ofs_y = -1},
    {.bitmap_index = 7850, .adv_w = 224, .box_w = 13, .box_h = 13, .ofs_x = 1, .ofs_y = -1},
    {.bitmap_index = 7872, .adv_w = 224, .box_w = 14, .box_h = 13, .ofs_x = 0, .ofs_y = -1},
    {.bitmap_index = 7895, .adv_w = 224, .box_w = 13, .box_h = 13, .ofs_x = 0, .ofs_y = -1},
    {.bitmap_index = 7917, .adv_w = 224, .box_w = 13, .box_h = 13, .ofs_x = 0, .ofs_y = -1},
    {.bitmap_index = 7939, .adv_w = 224, .box_w = 13, .box_h = 13, .ofs_x = 1, .ofs_y = -1},
    {.bitmap_index = 7961, .adv_w = 224, .box_w = 13, .box_h = 13, .ofs_x = 0, .ofs_y = -1},
    {.bitmap_index = 7983, .adv_w = 224, .box_w = 13, .box_h = 12, .ofs_x = 0, .ofs_y = -1},
    {.bitmap_index = 8003, .adv_w = 224, .box_w = 13, .box_h = 13, .ofs_x = 1, .ofs_y = -1},
    {.bitmap_index = 8025, .adv_w = 224, .box_w = 13, .box_h = 13, .ofs_x = 0, .ofs_y = -1},
    {.bitmap_index = 8047, .adv_w = 224, .box_w = 13, .box_h = 13, .ofs_x = 0, .ofs_y = -1},
    {.bitmap_index = 8069, .adv_w = 224, .box_w = 13, .box_h = 13, .ofs_x = 0, .ofs_y = -1},
    {.bitmap_index = 8091, .adv_w = 224, .box_w = 13, .box_h = 13, .ofs_x = 1, .ofs_y = -1},
    {.bitmap_index = 8113, .adv_w = 224, .box_w = 14, .box_h = 13, .ofs_x = 0, .ofs_y = -1},
    {.bitmap_index = 8136, .adv_w = 224, .box_w = 13, .box_h = 13, .ofs_x = 1, .ofs_y = -1},
    {.bitmap_index = 8158, .adv_w = 224, .box_w = 12, .box_h = 12, .ofs_x = 1, .ofs_y = -1},
    {.bitmap_index = 8176, .adv_w = 224, .box_w = 12, .box_h = 13, .ofs_x = 1, .ofs_y = -1},
    {.bitmap_index = 8196, .adv_w = 224, .box_w = 12, .box_h = 13, .ofs_x = 1, .ofs_y = -1},
    {.bitmap_index = 8216, .adv_w = 224, .box_w = 14, .box_h = 13, .ofs_x = 0, .ofs_y = -1},
    {.bitmap_index = 8239, .adv_w = 224, .box_w = 12, .box_h = 12, .ofs_x = 1, .ofs_y = -1},
    {.bitmap_index = 8257, .adv_w = 224, .box_w = 13, .box_h = 12, .ofs_x = 1, .ofs_y = -1},
    {.bitmap_index = 8277, .adv_w = 224, .box_w = 13, .box_h = 12, .ofs_x = 1, .ofs_y = -1},
    {.bitmap_index = 8297, .adv_w = 224, .box_w = 12, .box_h = 13, .ofs_x = 1, .ofs_y = -1},
    {.bitmap_index = 8317, .adv_w = 224, .box_w = 13, .box_h = 13, .ofs_x = 0, .ofs_y = -1},
    {.bitmap_index = 8339, .adv_w = 224, .box_w = 13, .box_h = 13, .ofs_x = 0, .ofs_y = -1},
    {.bitmap_index = 8361, .adv_w = 224, .box_w = 13, .box_h = 13, .ofs_x = 1, .ofs_y = -1},
    {.bitmap_index = 8383, .adv_w = 224, .box_w = 13, .box_h = 13, .ofs_x = 0, .ofs_y = -1},
    {.bitmap_index = 8405, .adv_w = 224, .box_w = 12, .box_h = 13, .ofs_x = 1, .ofs_y = -1},
    {.bitmap_index = 8425, .adv_w = 224, .box_w = 13, .box_h = 13, .ofs_x = 1, .ofs_y = -1},
    {.bitmap_index = 8447, .adv_w = 224, .box_w = 13, .box_h = 13, .ofs_x = 0, .ofs_y = -1},
    {.bitmap_index = 8469, .adv_w = 224, .box_w = 13, .box_h = 13, .ofs_x = 1, .ofs_y = -1},
    {.bitmap_index = 8491, .adv_w = 224, .box_w = 13, .box_h = 13, .ofs_x = 1, .ofs_y = -1},
    {.bitmap_index = 8513, .adv_w = 224, .box_w = 13, .box_h = 13, .ofs_x = 1, .ofs_y = -1},
    {.bitmap_index = 8535, .adv_w = 224, .box_w = 13, .box_h = 13, .ofs_x = 1, .ofs_y = -1},
    {.bitmap_index = 8557, .adv_w = 224, .box_w = 13, .box_h = 13, .ofs_x = 1, .ofs_y = -1},
    {.bitmap_index = 8579, .adv_w = 224, .box_w = 13, .box_h = 13, .ofs_x = 0, .ofs_y = -1},
    {.bitmap_index = 8601, .adv_w = 224, .box_w = 13, .box_h = 13, .ofs_x = 1, .ofs_y = -1},
    {.bitmap_index = 8623, .adv_w = 224, .box_w = 13, .box_h = 12, .ofs_x = 1, .ofs_y = -1},
    {.bitmap_index = 8643, .adv_w = 224, .box_w = 13, .box_h = 13, .ofs_x = 0, .ofs_y = -1},
    {.bitmap_index = 8665, .adv_w = 224, .box_w = 12, .box_h = 12, .ofs_x = 1, .ofs_y = -1},
    {.bitmap_index = 8683, .adv_w = 224, .box_w = 12, .box_h = 13, .ofs_x = 1, .ofs_y = -1},
    {.bitmap_index = 8703, .adv_w = 224, .box_w = 12, .box_h = 13, .ofs_x = 1, .ofs_y = -1},
    {.bitmap_index = 8723, .adv_w = 224, .box_w = 14, .box_h = 13, .ofs_x = 0, .ofs_y = -1},
    {.bitmap_index = 8746, .adv_w = 224, .box_w = 13, .box_h = 12, .ofs_x = 1, .ofs_y = -1},
    {.bitmap_index = 8766, .adv_w = 224, .box_w = 13, .box_h = 13, .ofs_x = 1, .ofs_y = -1},
    {.bitmap_index = 8788, .adv_w = 224, .box_w = 13, .box_h = 13, .ofs_x = 0, .ofs_y = -1},
    {.bitmap_index = 8810, .adv_w = 224, .box_w = 13, .box_h = 13, .ofs_x = 0, .ofs_y = -1},
    {.bitmap_index = 8832, .adv_w = 224, .box_w = 13, .box_h = 13, .ofs_x = 0, .ofs_y = -1},
    {.bitmap_index = 8854, .adv_w = 224, .box_w = 13, .box_h = 13, .ofs_x = 0, .ofs_y = -1},
    {.bitmap_index = 8876, .adv_w = 224, .box_w = 13, .box_h = 12, .ofs_x = 1, .ofs_y = -1},
    {.bitmap_index = 8896, .adv_w = 224, .box_w = 13, .box_h = 13, .ofs_x = 0, .ofs_y = -1},
    {.bitmap_index = 8918, .adv_w = 224, .box_w = 14, .box_h = 13, .ofs_x = 0, .ofs_y = -1},
    {.bitmap_index = 8941, .adv_w = 224, .box_w = 14, .box_h = 13, .ofs_x = 0, .ofs_y = -1},
    {.bitmap_index = 8964, .adv_w = 224, .box_w = 13, .box_h = 13, .ofs_x = 1, .ofs_y = -1},
    {.bitmap_index = 8986, .adv_w = 224, .box_w = 13, .box_h = 13, .ofs_x = 0, .ofs_y = -1},
    {.bitmap_index = 9008, .adv_w = 224, .box_w = 13, .box_h = 13, .ofs_x = 0, .ofs_y = -1},
    {.bitmap_index = 9030, .adv_w = 224, .box_w = 13, .box_h = 11, .ofs_x = 0, .ofs_y = 0},
    {.bitmap_index = 9048, .adv_w = 224, .box_w = 13, .box_h = 13, .ofs_x = 1, .ofs_y = -1},
    {.bitmap_index = 9070, .adv_w = 224, .box_w = 13, .box_h = 13, .ofs_x = 0, .ofs_y = -1},
    {.bitmap_index = 9092, .adv_w = 224, .box_w = 13, .box_h = 12, .ofs_x = 0, .ofs_y = -1},
    {.bitmap_index = 9112, .adv_w = 224, .box_w = 13, .box_h = 12, .ofs_x = 1, .ofs_y = -1},
    {.bitmap_index = 9132, .adv_w = 224, .box_w = 13, .box_h = 12, .ofs_x = 0, .ofs_y = -1},
    {.bitmap_index = 9152, .adv_w = 224, .box_w = 13, .box_h = 12, .ofs_x = 1, .ofs_y = -1},
    {.bitmap_index = 9172, .adv_w = 224, .box_w = 13, .box_h = 13, .ofs_x = 1, .ofs_y = -1},
    {.bitmap_index = 9194, .adv_w = 224, .box_w = 14, .box_h = 12, .ofs_x = 0, .ofs_y = -1},
    {.bitmap_index = 9215, .adv_w = 224, .box_w = 11, .box_h = 12, .ofs_x = 1, .ofs_y = -1},
    {.bitmap_index = 9232, .adv_w = 224, .box_w = 13, .box_h = 13, .ofs_x = 1, .ofs_y = -1},
    {.bitmap_index = 9254, .adv_w = 224, .box_w = 11, .box_h = 12, .ofs_x = 2, .ofs_y = -1},
    {.bitmap_index = 9271, .adv_w = 224, .box_w = 12, .box_h = 13, .ofs_x = 1, .ofs_y = -1},
    {.bitmap_index = 9291, .adv_w = 224, .box_w = 14, .box_h = 13, .ofs_x = 0, .ofs_y = -1},
    {.bitmap_index = 9314, .adv_w = 224, .box_w = 12, .box_h = 14, .ofs_x = 1, .ofs_y = -2},
    {.bitmap_index = 9335, .adv_w = 224, .box_w = 12, .box_h = 13, .ofs_x = 1, .ofs_y = -1},
    {.bitmap_index = 9355, .adv_w = 224, .box_w = 13, .box_h = 12, .ofs_x = 0, .ofs_y = -1},
    {.bitmap_index = 9375, .adv_w = 224, .box_w = 13, .box_h = 13, .ofs_x = 0, .ofs_y = -1},
    {.bitmap_index = 9397, .adv_w = 224, .box_w = 14, .box_h = 13, .ofs_x = 0, .ofs_y = -2},
    {.bitmap_index = 9420, .adv_w = 224, .box_w = 14, .box_h = 13, .ofs_x = 0, .ofs_y = -1},
    {.bitmap_index = 9443, .adv_w = 224, .box_w = 13, .box_h = 13, .ofs_x = 0, .ofs_y = -1},
    {.bitmap_index = 9465, .adv_w = 224, .box_w = 13, .box_h = 13, .ofs_x = 0, .ofs_y = -1},
    {.bitmap_index = 9487, .adv_w = 224, .box_w = 14, .box_h = 13, .ofs_x = 0, .ofs_y = -1},
    {.bitmap_index = 9510, .adv_w = 224, .box_w = 12, .box_h = 13, .ofs_x = 1, .ofs_y = -1},
    {.bitmap_index = 9530, .adv_w = 224, .box_w = 14, .box_h = 13, .ofs_x = 0, .ofs_y = -1},
    {.bitmap_index = 9553, .adv_w = 224, .box_w = 14, .box_h = 13, .ofs_x = 0, .ofs_y = -1},
    {.bitmap_index = 9576, .adv_w = 224, .box_w = 14, .box_h = 13, .ofs_x = 0, .ofs_y = -1},
    {.bitmap_index = 9599, .adv_w = 224, .box_w = 14, .box_h = 13, .ofs_x = 0, .ofs_y = -1},
    {.bitmap_index = 9622, .adv_w = 224, .box_w = 14, .box_h = 13, .ofs_x = 0, .ofs_y = -1},
    {.bitmap_index = 9645, .adv_w = 224, .box_w = 13, .box_h = 13, .ofs_x = 0, .ofs_y = -1},
    {.bitmap_index = 9667, .adv_w = 224, .box_w = 14, .box_h = 13, .ofs_x = 0, .ofs_y = -1},
    {.bitmap_index = 9690, .adv_w = 224, .box_w = 13, .box_h = 12, .ofs_x = 0, .ofs_y = 0},
    {.bitmap_index = 9710, .adv_w = 224, .box_w = 13, .box_h = 13, .ofs_x = 1, .ofs_y = -1},
    {.bitmap_index = 9732, .adv_w = 224, .box_w = 13, .box_h = 13, .ofs_x = 0, .ofs_y = -1},
    {.bitmap_index = 9754, .adv_w = 224, .box_w = 13, .box_h = 13, .ofs_x = 0, .ofs_y = -1},
    {.bitmap_index = 9776, .adv_w = 224, .box_w = 13, .box_h = 13, .ofs_x = 1, .ofs_y = -1},
    {.bitmap_index = 9798, .adv_w = 224, .box_w = 13, .box_h = 13, .ofs_x = 1, .ofs_y = -1},
    {.bitmap_index = 9820, .adv_w = 224, .box_w = 13, .box_h = 13, .ofs_x = 0, .ofs_y = -1},
    {.bitmap_index = 9842, .adv_w = 224, .box_w = 13, .box_h = 13, .ofs_x = 0, .ofs_y = -1},
    {.bitmap_index = 9864, .adv_w = 224, .box_w = 14, .box_h = 13, .ofs_x = 0, .ofs_y = -1},
    {.bitmap_index = 9887, .adv_w = 224, .box_w = 13, .box_h = 13, .ofs_x = 0, .ofs_y = -1},
    {.bitmap_index = 9909, .adv_w = 224, .box_w = 13, .box_h = 13, .ofs_x = 0, .ofs_y = -1},
    {.bitmap_index = 9931, .adv_w = 224, .box_w = 13, .box_h = 13, .ofs_x = 0, .ofs_y = -1},
    {.bitmap_index = 9953, .adv_w = 224, .box_w = 13, .box_h = 13, .ofs_x = 1, .ofs_y = -1},
    {.bitmap_index = 9975, .adv_w = 224, .box_w = 14, .box_h = 13, .ofs_x = 0, .ofs_y = -1},
    {.bitmap_index = 9998, .adv_w = 224, .box_w = 14, .box_h = 13, .ofs_x = 0, .ofs_y = -1},
    {.bitmap_index = 10021, .adv_w = 224, .box_w = 14, .box_h = 13, .ofs_x = 1, .ofs_y = -1},
    {.bitmap_index = 10044, .adv_w = 224, .box_w = 12, .box_h = 13, .ofs_x = 1, .ofs_y = -1},
    {.bitmap_index = 10064, .adv_w = 224, .box_w = 13, .box_h = 13, .ofs_x = 1, .ofs_y = -1},
    {.bitmap_index = 10086, .adv_w = 224, .box_w = 13, .box_h = 13, .ofs_x = 1, .ofs_y = -1},
    {.bitmap_index = 10108, .adv_w = 224, .box_w = 13, .box_h = 12, .ofs_x = 1, .ofs_y = -1},
    {.bitmap_index = 10128, .adv_w = 224, .box_w = 13, .box_h = 12, .ofs_x = 0, .ofs_y = -1},
    {.bitmap_index = 10148, .adv_w = 224, .box_w = 13, .box_h = 13, .ofs_x = 0, .ofs_y = -1},
    {.bitmap_index = 10170, .adv_w = 224, .box_w = 13, .box_h = 12, .ofs_x = 0, .ofs_y = -1},
    {.bitmap_index = 10190, .adv_w = 224, .box_w = 12, .box_h = 13, .ofs_x = 1, .ofs_y = -1},
    {.bitmap_index = 10210, .adv_w = 224, .box_w = 13, .box_h = 12, .ofs_x = 0, .ofs_y = -1},
    {.bitmap_index = 10230, .adv_w = 224, .box_w = 13, .box_h = 12, .ofs_x = 1, .ofs_y = -1},
    {.bitmap_index = 10250, .adv_w = 224, .box_w = 12, .box_h = 13, .ofs_x = 1, .ofs_y = -1},
    {.bitmap_index = 10270, .adv_w = 224, .box_w = 11, .box_h = 12, .ofs_x = 2, .ofs_y = -1},
    {.bitmap_index = 10287, .adv_w = 224, .box_w = 13, .box_h = 13, .ofs_x = 1, .ofs_y = -1},
    {.bitmap_index = 10309, .adv_w = 224, .box_w = 11, .box_h = 13, .ofs_x = 2, .ofs_y = -1},
    {.bitmap_index = 10327, .adv_w = 224, .box_w = 13, .box_h = 13, .ofs_x = 1, .ofs_y = -1},
    {.bitmap_index = 10349, .adv_w = 224, .box_w = 13, .box_h = 13, .ofs_x = 0, .ofs_y = -1},
    {.bitmap_index = 10371, .adv_w = 224, .box_w = 13, .box_h = 13, .ofs_x = 1, .ofs_y = -1},
    {.bitmap_index = 10393, .adv_w = 224, .box_w = 13, .box_h = 13, .ofs_x = 1, .ofs_y = -1},
    {.bitmap_index = 10415, .adv_w = 224, .box_w = 13, .box_h = 13, .ofs_x = 1, .ofs_y = -1},
    {.bitmap_index = 10437, .adv_w = 224, .box_w = 13, .box_h = 13, .ofs_x = 0, .ofs_y = -1},
    {.bitmap_index = 10459, .adv_w = 224, .box_w = 13, .box_h = 14, .ofs_x = 0, .ofs_y = -2},
    {.bitmap_index = 10482, .adv_w = 224, .box_w = 12, .box_h = 13, .ofs_x = 1, .ofs_y = -1},
    {.bitmap_index = 10502, .adv_w = 224, .box_w = 13, .box_h = 13, .ofs_x = 0, .ofs_y = -1},
    {.bitmap_index = 10524, .adv_w = 224, .box_w = 14, .box_h = 14, .ofs_x = 0, .ofs_y = -2},
    {.bitmap_index = 10549, .adv_w = 224, .box_w = 13, .box_h = 13, .ofs_x = 1, .ofs_y = -1},
    {.bitmap_index = 10571, .adv_w = 224, .box_w = 13, .box_h = 13, .ofs_x = 0, .ofs_y = -1},
    {.bitmap_index = 10593, .adv_w = 224, .box_w = 13, .box_h = 13, .ofs_x = 1, .ofs_y = -1},
    {.bitmap_index = 10615, .adv_w = 224, .box_w = 13, .box_h = 13, .ofs_x = 1, .ofs_y = -1},
    {.bitmap_index = 10637, .adv_w = 224, .box_w = 14, .box_h = 13, .ofs_x = 0, .ofs_y = -1},
    {.bitmap_index = 10660, .adv_w = 224, .box_w = 14, .box_h = 14, .ofs_x = 0, .ofs_y = -2},
    {.bitmap_index = 10685, .adv_w = 224, .box_w = 12, .box_h = 13, .ofs_x = 1, .ofs_y = -1},
    {.bitmap_index = 10705, .adv_w = 224, .box_w = 13, .box_h = 13, .ofs_x = 0, .ofs_y = -1},
    {.bitmap_index = 10727, .adv_w = 224, .box_w = 12, .box_h = 13, .ofs_x = 1, .ofs_y = -1},
    {.bitmap_index = 10747, .adv_w = 224, .box_w = 13, .box_h = 13, .ofs_x = 0, .ofs_y = -1},
    {.bitmap_index = 10769, .adv_w = 224, .box_w = 13, .box_h = 13, .ofs_x = 0, .ofs_y = -1},
    {.bitmap_index = 10791, .adv_w = 224, .box_w = 13, .box_h = 13, .ofs_x = 1, .ofs_y = -1},
    {.bitmap_index = 10813, .adv_w = 224, .box_w = 13, .box_h = 13, .ofs_x = 1, .ofs_y = -1},
    {.bitmap_index = 10835, .adv_w = 224, .box_w = 13, .box_h = 13, .ofs_x = 1, .ofs_y = -1},
    {.bitmap_index = 10857, .adv_w = 224, .box_w = 12, .box_h = 12, .ofs_x = 1, .ofs_y = -1},
    {.bitmap_index = 10875, .adv_w = 224, .box_w = 13, .box_h = 12, .ofs_x = 1, .ofs_y = -1},
    {.bitmap_index = 10895, .adv_w = 224, .box_w = 13, .box_h = 13, .ofs_x = 0, .ofs_y = -1},
    {.bitmap_index = 10917, .adv_w = 224, .box_w = 13, .box_h = 13, .ofs_x = 0, .ofs_y = -1},
    {.bitmap_index = 10939, .adv_w = 224, .box_w = 13, .box_h = 13, .ofs_x = 1, .ofs_y = -1},
    {.bitmap_index = 10961, .adv_w = 224, .box_w = 13, .box_h = 13, .ofs_x = 0, .ofs_y = -1},
    {.bitmap_index = 10983, .adv_w = 224, .box_w = 13, .box_h = 13, .ofs_x = 1, .ofs_y = -1},
    {.bitmap_index = 11005, .adv_w = 224, .box_w = 13, .box_h = 12, .ofs_x = 1, .ofs_y = -1},
    {.bitmap_index = 11025, .adv_w = 224, .box_w = 13, .box_h = 13, .ofs_x = 0, .ofs_y = -1},
    {.bitmap_index = 11047, .adv_w = 224, .box_w = 13, .box_h = 12, .ofs_x = 0, .ofs_y = -1},
    {.bitmap_index = 11067, .adv_w = 224, .box_w = 13, .box_h = 12, .ofs_x = 0, .ofs_y = -1},
    {.bitmap_index = 11087, .adv_w = 224, .box_w = 13, .box_h = 12, .ofs_x = 1, .ofs_y = -1},
    {.bitmap_index = 11107, .adv_w = 224, .box_w = 13, .box_h = 13, .ofs_x = 1, .ofs_y = -1},
    {.bitmap_index = 11129, .adv_w = 224, .box_w = 13, .box_h = 13, .ofs_x = 1, .ofs_y = -1},
    {.bitmap_index = 11151, .adv_w = 224, .box_w = 13, .box_h = 13, .ofs_x = 1, .ofs_y = -1},
    {.bitmap_index = 11173, .adv_w = 224, .box_w = 12, .box_h = 13, .ofs_x = 1, .ofs_y = -1},
    {.bitmap_index = 11193, .adv_w = 224, .box_w = 13, .box_h = 12, .ofs_x = 1, .ofs_y = -1},
    {.bitmap_index = 11213, .adv_w = 224, .box_w = 14, .box_h = 13, .ofs_x = 0, .ofs_y = -1},
    {.bitmap_index = 11236, .adv_w = 224, .box_w = 13, .box_h = 13, .ofs_x = 1, .ofs_y = -1},
    {.bitmap_index = 11258, .adv_w = 224, .box_w = 13, .box_h = 13, .ofs_x = 0, .ofs_y = -1},
    {.bitmap_index = 11280, .adv_w = 224, .box_w = 13, .box_h = 12, .ofs_x = 1, .ofs_y = -1},
    {.bitmap_index = 11300, .adv_w = 224, .box_w = 13, .box_h = 13, .ofs_x = 1, .ofs_y = -1},
    {.bitmap_index = 11322, .adv_w = 224, .box_w = 13, .box_h = 13, .ofs_x = 1, .ofs_y = -1},
    {.bitmap_index = 11344, .adv_w = 224, .box_w = 14, .box_h = 13, .ofs_x = 0, .ofs_y = -1},
    {.bitmap_index = 11367, .adv_w = 224, .box_w = 13, .box_h = 13, .ofs_x = 0, .ofs_y = -1},
    {.bitmap_index = 11389, .adv_w = 224, .box_w = 13, .box_h = 13, .ofs_x = 0, .ofs_y = -1},
    {.bitmap_index = 11411, .adv_w = 224, .box_w = 13, .box_h = 13, .ofs_x = 1, .ofs_y = -2},
    {.bitmap_index = 11433, .adv_w = 224, .box_w = 13, .box_h = 13, .ofs_x = 0, .ofs_y = -1},
    {.bitmap_index = 11455, .adv_w = 224, .box_w = 13, .box_h = 13, .ofs_x = 1, .ofs_y = -1},
    {.bitmap_index = 11477, .adv_w = 224, .box_w = 13, .box_h = 12, .ofs_x = 1, .ofs_y = -1},
    {.bitmap_index = 11497, .adv_w = 224, .box_w = 13, .box_h = 13, .ofs_x = 1, .ofs_y = -1},
    {.bitmap_index = 11519, .adv_w = 224, .box_w = 12, .box_h = 13, .ofs_x = 1, .ofs_y = -1},
    {.bitmap_index = 11539, .adv_w = 224, .box_w = 13, .box_h = 13, .ofs_x = 0, .ofs_y = -1},
    {.bitmap_index = 11561, .adv_w = 224, .box_w = 13, .box_h = 13, .ofs_x = 0, .ofs_y = -1},
    {.bitmap_index = 11583, .adv_w = 224, .box_w = 13, .box_h = 13, .ofs_x = 0, .ofs_y = -1},
    {.bitmap_index = 11605, .adv_w = 224, .box_w = 13, .box_h = 13, .ofs_x = 0, .ofs_y = -1},
    {.bitmap_index = 11627, .adv_w = 224, .box_w = 13, .box_h = 12, .ofs_x = 0, .ofs_y = -1},
    {.bitmap_index = 11647, .adv_w = 224, .box_w = 13, .box_h = 13, .ofs_x = 0, .ofs_y = -1},
    {.bitmap_index = 11669, .adv_w = 224, .box_w = 13, .box_h = 12, .ofs_x = 0, .ofs_y = -1},
    {.bitmap_index = 11689, .adv_w = 224, .box_w = 13, .box_h = 13, .ofs_x = 0, .ofs_y = -1},
    {.bitmap_index = 11711, .adv_w = 224, .box_w = 13, .box_h = 12, .ofs_x = 0, .ofs_y = -1},
    {.bitmap_index = 11731, .adv_w = 224, .box_w = 12, .box_h = 13, .ofs_x = 1, .ofs_y = -1},
    {.bitmap_index = 11751, .adv_w = 224, .box_w = 13, .box_h = 13, .ofs_x = 1, .ofs_y = -1},
    {.bitmap_index = 11773, .adv_w = 224, .box_w = 13, .box_h = 13, .ofs_x = 1, .ofs_y = -1},
    {.bitmap_index = 11795, .adv_w = 224, .box_w = 13, .box_h = 12, .ofs_x = 1, .ofs_y = -1},
    {.bitmap_index = 11815, .adv_w = 224, .box_w = 13, .box_h = 13, .ofs_x = 1, .ofs_y = -1},
    {.bitmap_index = 11837, .adv_w = 224, .box_w = 13, .box_h = 12, .ofs_x = 1, .ofs_y = -1},
    {.bitmap_index = 11857, .adv_w = 224, .box_w = 13, .box_h = 13, .ofs_x = 1, .ofs_y = -1},
    {.bitmap_index = 11879, .adv_w = 224, .box_w = 13, .box_h = 13, .ofs_x = 1, .ofs_y = -1},
    {.bitmap_index = 11901, .adv_w = 224, .box_w = 13, .box_h = 12, .ofs_x = 0, .ofs_y = -1},
    {.bitmap_index = 11921, .adv_w = 224, .box_w = 13, .box_h = 13, .ofs_x = 0, .ofs_y = -1},
    {.bitmap_index = 11943, .adv_w = 224, .box_w = 12, .box_h = 13, .ofs_x = 1, .ofs_y = -1},
    {.bitmap_index = 11963, .adv_w = 224, .box_w = 13, .box_h = 13, .ofs_x = 0, .ofs_y = -1},
    {.bitmap_index = 11985, .adv_w = 224, .box_w = 14, .box_h = 12, .ofs_x = 0, .ofs_y = -1},
    {.bitmap_index = 12006, .adv_w = 224, .box_w = 13, .box_h = 12, .ofs_x = 0, .ofs_y = -1},
    {.bitmap_index = 12026, .adv_w = 224, .box_w = 14, .box_h = 13, .ofs_x = 0, .ofs_y = -1},
    {.bitmap_index = 12049, .adv_w = 224, .box_w = 13, .box_h = 13, .ofs_x = 0, .ofs_y = -1},
    {.bitmap_index = 12071, .adv_w = 224, .box_w = 13, .box_h = 12, .ofs_x = 1, .ofs_y = -1},
    {.bitmap_index = 12091, .adv_w = 224, .box_w = 13, .box_h = 12, .ofs_x = 0, .ofs_y = 0},
    {.bitmap_index = 12111, .adv_w = 224, .box_w = 14, .box_h = 13, .ofs_x = 0, .ofs_y = -1},
    {.bitmap_index = 12134, .adv_w = 224, .box_w = 12, .box_h = 13, .ofs_x = 1, .ofs_y = -2},
    {.bitmap_index = 12154, .adv_w = 224, .box_w = 13, .box_h = 12, .ofs_x = 1, .ofs_y = -1},
    {.bitmap_index = 12174, .adv_w = 224, .box_w = 13, .box_h = 12, .ofs_x = 1, .ofs_y = -1},
    {.bitmap_index = 12194, .adv_w = 224, .box_w = 13, .box_h = 12, .ofs_x = 1, .ofs_y = -1},
    {.bitmap_index = 12214, .adv_w = 224, .box_w = 12, .box_h = 13, .ofs_x = 1, .ofs_y = -1},
    {.bitmap_index = 12234, .adv_w = 224, .box_w = 12, .box_h = 12, .ofs_x = 1, .ofs_y = -1},
    {.bitmap_index = 12252, .adv_w = 224, .box_w = 13, .box_h = 13, .ofs_x = 1, .ofs_y = -1},
    {.bitmap_index = 12274, .adv_w = 224, .box_w = 12, .box_h = 13, .ofs_x = 1, .ofs_y = -1},
    {.bitmap_index = 12294, .adv_w = 224, .box_w = 14, .box_h = 14, .ofs_x = 0, .ofs_y = -2},
    {.bitmap_index = 12319, .adv_w = 224, .box_w = 13, .box_h = 12, .ofs_x = 0, .ofs_y = -1},
    {.bitmap_index = 12339, .adv_w = 224, .box_w = 11, .box_h = 12, .ofs_x = 1, .ofs_y = -1},
    {.bitmap_index = 12356, .adv_w = 224, .box_w = 13, .box_h = 13, .ofs_x = 0, .ofs_y = -2},
    {.bitmap_index = 12378, .adv_w = 224, .box_w = 12, .box_h = 12, .ofs_x = 1, .ofs_y = -1},
    {.bitmap_index = 12396, .adv_w = 224, .box_w = 13, .box_h = 12, .ofs_x = 0, .ofs_y = -1},
    {.bitmap_index = 12416, .adv_w = 224, .box_w = 13, .box_h = 13, .ofs_x = 0, .ofs_y = -1},
    {.bitmap_index = 12438, .adv_w = 224, .box_w = 14, .box_h = 13, .ofs_x = 1, .ofs_y = -1},
    {.bitmap_index = 12461, .adv_w = 224, .box_w = 12, .box_h = 13, .ofs_x = 1, .ofs_y = -1},
    {.bitmap_index = 12481, .adv_w = 224, .box_w = 13, .box_h = 13, .ofs_x = 0, .ofs_y = -2},
    {.bitmap_index = 12503, .adv_w = 224, .box_w = 13, .box_h = 12, .ofs_x = 0, .ofs_y = -1},
    {.bitmap_index = 12523, .adv_w = 224, .box_w = 13, .box_h = 14, .ofs_x = 0, .ofs_y = -2},
    {.bitmap_index = 12546, .adv_w = 224, .box_w = 14, .box_h = 12, .ofs_x = 0, .ofs_y = -1},
    {.bitmap_index = 12567, .adv_w = 224, .box_w = 13, .box_h = 12, .ofs_x = 0, .ofs_y = -1},
    {.bitmap_index = 12587, .adv_w = 224, .box_w = 13, .box_h = 13, .ofs_x = 0, .ofs_y = -1},
    {.bitmap_index = 12609, .adv_w = 224, .box_w = 14, .box_h = 13, .ofs_x = 0, .ofs_y = -1},
    {.bitmap_index = 12632, .adv_w = 224, .box_w = 13, .box_h = 13, .ofs_x = 1, .ofs_y = -1},
    {.bitmap_index = 12654, .adv_w = 224, .box_w = 13, .box_h = 12, .ofs_x = 1, .ofs_y = -1},
    {.bitmap_index = 12674, .adv_w = 224, .box_w = 13, .box_h = 12, .ofs_x = 0, .ofs_y = -1},
    {.bitmap_index = 12694, .adv_w = 224, .box_w = 14, .box_h = 13, .ofs_x = 0, .ofs_y = -1},
    {.bitmap_index = 12717, .adv_w = 224, .box_w = 13, .box_h = 13, .ofs_x = 1, .ofs_y = -1},
    {.bitmap_index = 12739, .adv_w = 224, .box_w = 14, .box_h = 13, .ofs_x = 0, .ofs_y = -1},
    {.bitmap_index = 12762, .adv_w = 224, .box_w = 13, .box_h = 13, .ofs_x = 0, .ofs_y = -1},
    {.bitmap_index = 12784, .adv_w = 224, .box_w = 14, .box_h = 13, .ofs_x = 0, .ofs_y = -1},
    {.bitmap_index = 12807, .adv_w = 224, .box_w = 13, .box_h = 13, .ofs_x = 0, .ofs_y = -1},
    {.bitmap_index = 12829, .adv_w = 224, .box_w = 13, .box_h = 13, .ofs_x = 0, .ofs_y = -1},
    {.bitmap_index = 12851, .adv_w = 224, .box_w = 11, .box_h = 13, .ofs_x = 1, .ofs_y = -1},
    {.bitmap_index = 12869, .adv_w = 224, .box_w = 12, .box_h = 13, .ofs_x = 1, .ofs_y = -2}
};

/*---------------------
 *  CHARACTER MAPPING
 *--------------------*/

static const uint16_t unicode_list_2[] = {
    0x0, 0x3, 0x7, 0x9, 0xa, 0xb, 0x16, 0x2d,
    0x38, 0x3b, 0x57, 0x5d, 0x8b, 0x8c, 0xa4, 0xac,
    0xba, 0xca, 0xe3, 0xe5, 0xf6, 0x111, 0x11a, 0x13c,
    0x14d, 0x14f, 0x153, 0x155, 0x15c, 0x1c3, 0x20b, 0x219,
    0x21f, 0x265, 0x274, 0x2b7, 0x2cf, 0x304, 0x343, 0x344,
    0x348, 0x349, 0x350, 0x365, 0x368, 0x36b, 0x36c, 0x36d,
    0x371, 0x385, 0x386, 0x399, 0x3ac, 0x3fa, 0x400, 0x406,
    0x407, 0x437, 0x447, 0x44d, 0x475, 0x49b, 0x4a0, 0x4dd,
    0x517, 0x53a, 0x541, 0x543, 0x548, 0x54a, 0x553, 0x554,
    0x557, 0x570, 0x59f, 0x5c2, 0x5cb, 0x5ce, 0x5d6, 0x5d7,
    0x5e3, 0x5e4, 0x5f0, 0x5f2, 0x5f3, 0x5f8, 0x604, 0x608,
    0x60c, 0x60d, 0x638, 0x64a, 0x668, 0x67c, 0x68c, 0x6b2,
    0x746, 0x79c, 0x831, 0x868, 0x8db, 0x8de, 0x8f2, 0x8f3,
    0x8fa, 0x8fd, 0x912, 0x91f, 0x928, 0x930, 0x942, 0x98b,
    0xa34, 0xa69, 0xa97, 0xaeb, 0xaf2, 0xb0f, 0xb16, 0xb1a,
    0xb1c, 0xb27, 0xb29, 0xb2a, 0xb73, 0xbb9, 0xd50, 0xd57,
    0xd58, 0xd63, 0xd66, 0xd85, 0xd88, 0xd8c, 0xd97, 0xd98,
    0xd9f, 0xda3, 0xda4, 0xdb0, 0xdb3, 0xdb6, 0xdbf, 0xddf,
    0xe02, 0xe0f, 0xe11, 0xe31, 0xe3a, 0xe64, 0xe71, 0xea9,
    0xfdd, 0xfe5, 0xfe6, 0xfee, 0x1002, 0x100c, 0x102d, 0x1030,
    0x1074, 0x1083, 0x108f, 0x1097, 0x10ab, 0x10b7, 0x1113, 0x1115,
    0x111f, 0x1131, 0x1137, 0x1153, 0x1162, 0x1184, 0x1185, 0x118c,
    0x1193, 0x11c3, 0x121d, 0x12dc, 0x12f3, 0x131b, 0x1410, 0x1426,
    0x1438, 0x144b, 0x144d, 0x1498, 0x149e, 0x14d3, 0x1501, 0x1507,
    0x1519, 0x155c, 0x1568, 0x1583, 0x1588, 0x15a5, 0x160d, 0x1642,
    0x16cd, 0x1739, 0x1751, 0x1759, 0x1763, 0x1770, 0x1774, 0x1787,
    0x1789, 0x17a5, 0x17b0, 0x17b9, 0x17c5, 0x17cf, 0x17d7, 0x17e5,
    0x17e9, 0x180e, 0x181f, 0x1825, 0x1828, 0x183c, 0x1842, 0x186f,
    0x1874, 0x18dc, 0x18f8, 0x1900, 0x1908, 0x191d, 0x192c, 0x192d,
    0x1950, 0x1951, 0x1971, 0x1997, 0x199c, 0x19d3, 0x1a04, 0x1a21,
    0x1a48, 0x1ab0, 0x1aee, 0x1b0d, 0x1b75, 0x1b7d, 0x1bd8, 0x1c39,
    0x1c5f, 0x1d20, 0x1d21, 0x1d4c, 0x1d62, 0x1d63, 0x1d69, 0x1d8b,
    0x1dba, 0x1dcd, 0x1dce, 0x1e0f, 0x1e17, 0x1e34, 0x1e42, 0x1e60,
    0x1e7a, 0x1e7d, 0x1ebb, 0x1ec9, 0x1ee3, 0x1f17, 0x1f3b, 0x1f41,
    0x1f44, 0x1f45, 0x1f77, 0x1ff1, 0x2005, 0x2056, 0x2096, 0x20dd,
    0x2101, 0x21c1, 0x222c, 0x226b, 0x22b9, 0x2336, 0x233c, 0x2367,
    0x236e, 0x23e5, 0x2436, 0x245b, 0x24ac, 0x24b6, 0x258b, 0x271f,
    0x2723, 0x2728, 0x2730, 0x273a, 0x273b, 0x276a, 0x2773, 0x287d,
    0x28db, 0x28ee, 0x28f4, 0x28f8, 0x291f, 0x29e5, 0x29f3, 0x2a26,
    0x2ac1, 0x2b0e, 0x2b3c, 0x2b3e, 0x2b5d, 0x2b5e, 0x2b6d, 0x2bcb,
    0x2bd1, 0x2c0e, 0x2c2e, 0x2c7a, 0x2c93, 0x2ccb, 0x2cf6, 0x2cf9,
    0x2d2c, 0x2d54, 0x2d56, 0x2d97, 0x2da1, 0x2dc0, 0x2e73, 0x2ef8,
    0x2f00, 0x2f30, 0x2f44, 0x2f50, 0x2f66, 0x2f75, 0x2f76, 0x2fcf,
    0x2fda, 0x316a, 0x318a, 0x31bd, 0x3203, 0x3233, 0x325e, 0x3289,
    0x32c3, 0x33b3, 0x33ea, 0x340c, 0x340e, 0x342a, 0x3439, 0x3472,
    0x34b1, 0x34b8, 0x34bd, 0x34e5, 0x34f1, 0x3536, 0x3549, 0x363d,
    0x3649, 0x3735, 0x386b, 0x3a40, 0x3a46, 0x3a4c, 0x3a53, 0x3a57,
    0x3a63, 0x3a8b, 0x3ac5, 0x3b7f, 0x3b8b, 0x3b9a, 0x3baa, 0x3bb3,
    0x3bd2, 0x3be6, 0x3c00, 0x3c08, 0x3c17, 0x3c18, 0x3c2d, 0x3c66,
    0x3c69, 0x3c8c, 0x3c93, 0x3c9e, 0x3ca0, 0x3cac, 0x3cad, 0x3cb2,
    0x3cfe, 0x3d1d, 0x3d70, 0x3d72, 0x3e37, 0x3e9d, 0x3ea1, 0x3ea8,
    0x3eb7, 0x3eb8, 0x3ede, 0x3eea, 0x3f08, 0x3f64, 0x3f70, 0x3fb3,
    0x3fe1, 0x40ab, 0x40ca, 0x40cd, 0x419e, 0x41d1, 0x41f0, 0x4200,
    0x4201, 0x421a, 0x421f, 0x4220, 0x4231, 0x4232, 0x4253, 0x4260,
    0x4278, 0x42e1, 0x4352, 0x43cd, 0x43ce, 0x43d1, 0x45e1, 0x4777,
    0x4780, 0x4793, 0x47a2, 0x4864, 0x487d, 0x489b, 0x489c, 0x48bb,
    0x48e8, 0x48ea, 0x48f2, 0x48fb, 0x491c, 0x4952, 0x4959, 0x49f3,
    0x4a2d, 0x4a4c, 0x4a54, 0x4a58, 0x4aa8, 0x4adf, 0x4afe, 0x4b96,
    0x4bac, 0x4c12, 0x4c13, 0x4cd8, 0x4d5a, 0x4dae, 0x4ee5, 0x4ef4,
    0x50a6, 0x50c4, 0x50d2
};

/*Collect the unicode lists and glyph_id offsets*/
static const lv_font_fmt_txt_cmap_t cmaps[] =
{
    {
        .range_start = 12353, .range_length = 86, .glyph_id_start = 1,
        .unicode_list = NULL, .glyph_id_ofs_list = NULL, .list_length = 0, .type = LV_FONT_FMT_TXT_CMAP_FORMAT0_TINY
    },
    {
        .range_start = 12441, .range_length = 103, .glyph_id_start = 87,
        .unicode_list = NULL, .glyph_id_ofs_list = NULL, .list_length = 0, .type = LV_FONT_FMT_TXT_CMAP_FORMAT0_TINY
    },
    {
        .range_start = 19968, .range_length = 20691, .glyph_id_start = 190,
        .unicode_list = unicode_list_2, .glyph_id_ofs_list = NULL, .list_length = 475, .type = LV_FONT_FMT_TXT_CMAP_SPARSE_TINY
    }
};

/*-----------------
 *    KERNING
 *----------------*/

/*Pair left and right glyphs for kerning*/
static const uint16_t kern_pair_glyph_ids[] =
{
    2, 38,
    2, 39,
    2, 123,
    2, 124,
    2, 147,
    3, 38,
    3, 39,
    4, 38,
    4, 39,
    4, 72,
    6, 147,
    6, 148,
    6, 149,
    8, 13,
    8, 14,
    8, 15,
    8, 16,
    8, 36,
    8, 37,
    8, 38,
    8, 39,
    8, 56,
    8, 57,
    8, 58,
    8, 75,
    8, 115,
    8, 147,
    8, 148,
    8, 150,
    8, 151,
    8, 152,
    11, 47,
    11, 72,
    12, 72,
    13, 3,
    13, 5,
    13, 6,
    13, 7,
    13, 9,
    13, 35,
    13, 75,
    14, 3,
    14, 5,
    14, 7,
    14, 9,
    14, 15,
    14, 16,
    14, 35,
    14, 67,
    14, 69,
    14, 71,
    15, 6,
    15, 38,
    15, 39,
    15, 63,
    15, 75,
    16, 6,
    16, 38,
    16, 39,
    16, 63,
    16, 75,
    19, 25,
    19, 26,
    19, 35,
    20, 25,
    20, 26,
    20, 38,
    20, 39,
    22, 72,
    23, 25,
    23, 26,
    23, 36,
    23, 37,
    23, 38,
    23, 39,
    23, 68,
    23, 115,
    25, 3,
    25, 5,
    25, 7,
    25, 9,
    25, 35,
    25, 38,
    25, 39,
    25, 53,
    25, 54,
    25, 55,
    25, 56,
    25, 57,
    25, 58,
    25, 67,
    25, 109,
    25, 140,
    25, 150,
    25, 151,
    25, 152,
    26, 32,
    26, 56,
    26, 57,
    26, 58,
    26, 140,
    26, 150,
    26, 151,
    26, 152,
    28, 25,
    28, 26,
    28, 38,
    28, 39,
    28, 56,
    28, 57,
    28, 58,
    31, 62,
    31, 77,
    32, 62,
    32, 77,
    35, 38,
    35, 46,
    38, 2,
    38, 10,
    38, 13,
    38, 14,
    38, 15,
    38, 16,
    38, 29,
    38, 30,
    38, 35,
    38, 36,
    38, 37,
    38, 47,
    38, 48,
    38, 49,
    38, 62,
    38, 66,
    38, 82,
    39, 2,
    39, 16,
    40, 15,
    40, 25,
    40, 26,
    40, 29,
    40, 30,
    40, 35,
    40, 36,
    40, 37,
    40, 38,
    40, 39,
    40, 42,
    40, 46,
    40, 56,
    40, 57,
    40, 58,
    41, 13,
    41, 14,
    41, 15,
    41, 16,
    41, 19,
    41, 20,
    41, 21,
    41, 22,
    41, 29,
    41, 30,
    41, 36,
    41, 37,
    41, 38,
    41, 39,
    41, 42,
    41, 56,
    41, 57,
    41, 58,
    41, 63,
    43, 12,
    43, 15,
    43, 16,
    43, 19,
    43, 20,
    43, 21,
    43, 22,
    43, 25,
    43, 26,
    43, 29,
    43, 30,
    44, 13,
    44, 14,
    44, 33,
    44, 50,
    44, 51,
    44, 52,
    46, 13,
    47, 31,
    47, 32,
    48, 11,
    49, 11,
    50, 40,
    50, 41,
    53, 33,
    53, 34,
    54, 33,
    54, 34,
    55, 33,
    55, 34,
    56, 38,
    56, 39,
    56, 40,
    56, 41,
    57, 38,
    57, 39,
    57, 41,
    58, 38,
    58, 39,
    58, 40,
    58, 41,
    61, 55,
    62, 27,
    62, 28,
    62, 35,
    66, 4,
    66, 6,
    66, 29,
    66, 30,
    66, 36,
    66, 38,
    66, 39,
    66, 40,
    66, 41,
    70, 53,
    70, 54,
    70, 55,
    72, 5,
    72, 35,
    72, 74,
    72, 75,
    73, 25,
    73, 26,
    73, 27,
    73, 28,
    73, 38,
    73, 39,
    74, 36,
    75, 36,
    75, 37,
    75, 130,
    75, 131,
    75, 156,
    76, 36,
    76, 37,
    76, 38,
    76, 39,
    76, 53,
    76, 54,
    76, 55,
    79, 76,
    83, 25,
    83, 38,
    83, 39,
    83, 41,
    96, 40,
    96, 41,
    96, 53,
    96, 54,
    96, 55,
    96, 98,
    96, 109,
    96, 110,
    96, 117,
    96, 118,
    96, 121,
    96, 122,
    96, 127,
    96, 136,
    96, 137,
    96, 140,
    96, 141,
    96, 142,
    96, 143,
    96, 150,
    96, 151,
    96, 152,
    96, 157,
    96, 158,
    96, 159,
    96, 169,
    96, 177,
    96, 186,
    98, 53,
    98, 54,
    98, 55,
    98, 102,
    98, 109,
    98, 110,
    98, 119,
    98, 120,
    98, 125,
    98, 126,
    98, 132,
    98, 136,
    98, 141,
    98, 142,
    98, 143,
    98, 158,
    98, 162,
    98, 164,
    104, 109,
    104, 110,
    104, 158,
    107, 119,
    107, 140,
    107, 177,
    108, 140,
    109, 101,
    109, 109,
    109, 110,
    109, 119,
    109, 120,
    109, 125,
    109, 126,
    109, 140,
    109, 141,
    109, 142,
    109, 143,
    109, 158,
    109, 159,
    109, 169,
    109, 185,
    110, 109,
    110, 110,
    110, 124,
    110, 140,
    110, 158,
    111, 98,
    111, 132,
    111, 133,
    111, 140,
    111, 141,
    111, 142,
    111, 143,
    111, 150,
    111, 151,
    111, 152,
    111, 157,
    111, 158,
    111, 159,
    111, 170,
    111, 177,
    112, 97,
    112, 98,
    112, 101,
    112, 140,
    112, 141,
    112, 142,
    112, 143,
    112, 157,
    112, 158,
    112, 159,
    113, 100,
    114, 119,
    114, 120,
    115, 119,
    115, 140,
    115, 141,
    115, 142,
    115, 143,
    115, 158,
    116, 119,
    116, 140,
    116, 158,
    117, 141,
    117, 142,
    117, 143,
    118, 125,
    118, 126,
    118, 140,
    118, 141,
    118, 142,
    118, 143,
    118, 161,
    118, 163,
    119, 150,
    119, 151,
    119, 152,
    119, 156,
    121, 150,
    121, 159,
    122, 140,
    122, 150,
    123, 140,
    123, 158,
    124, 140,
    125, 140,
    125, 159,
    126, 117,
    126, 118,
    126, 140,
    126, 159,
    127, 140,
    127, 158,
    127, 161,
    128, 101,
    128, 140,
    130, 158,
    131, 140,
    131, 158,
    132, 97,
    132, 140,
    132, 141,
    132, 158,
    133, 97,
    133, 158,
    135, 140,
    136, 140,
    136, 158,
    138, 140,
    139, 113,
    139, 114,
    140, 95,
    140, 97,
    140, 99,
    140, 101,
    140, 103,
    140, 125,
    140, 129,
    140, 163,
    141, 98,
    141, 134,
    142, 134,
    142, 135,
    142, 177,
    143, 134,
    143, 135,
    143, 177,
    145, 97,
    147, 97,
    147, 112,
    147, 158,
    147, 177,
    148, 97,
    149, 97,
    149, 163,
    151, 119,
    151, 120,
    156, 140,
    158, 147,
    158, 148,
    158, 149,
    158, 167,
    162, 98,
    162, 140,
    162, 141,
    162, 142,
    162, 143,
    162, 158,
    162, 159,
    163, 96,
    163, 170,
    166, 53,
    166, 54,
    166, 55,
    167, 117,
    167, 118,
    167, 119,
    167, 120,
    167, 140,
    167, 141,
    167, 142,
    167, 143,
    167, 158,
    167, 159,
    169, 105,
    169, 106,
    169, 113,
    169, 114,
    169, 158,
    169, 177,
    170, 158,
    173, 97,
    173, 140,
    173, 141,
    173, 142,
    173, 143,
    174, 140,
    177, 119,
    177, 120,
    177, 139,
    177, 140,
    177, 147,
    177, 148,
    177, 149,
    177, 158,
    177, 159,
    184, 54,
    186, 38,
    186, 39,
    186, 53,
    186, 54,
    186, 55,
    186, 96,
    186, 97,
    186, 115,
    186, 116,
    186, 117,
    186, 118,
    186, 119,
    186, 120,
    186, 130,
    186, 131,
    186, 140,
    186, 141,
    186, 142,
    186, 143,
    186, 147,
    186, 148,
    186, 149,
    186, 158,
    186, 159,
    186, 177
};

/* Kerning between the respective left and right glyphs
 * 4.4 format which needs to scaled with `kern_scale`*/
static const int8_t kern_pair_values[] =
{
    -4, -4, -2, -2, -4, -4, -4, -7,
    -7, -4, -4, -4, -4, -7, -7, -7,
    -7, -7, -7, -11, -7, -16, -16, -16,
    -7, -7, -4, -4, -4, -4, -4, -9,
    -11, -11, -9, -9, -4, -7, -7, -9,
    -4, -4, -7, -4, -9, 4, 4, -9,
    -4, -7, -11, -4, -7, -7, 9, -4,
    -4, 2, 2, 7, -4, -4, -4, -16,
    2, 2, 2, 2, -9, -4, -4, -13,
    -13, -7, -7, -2, -4, -4, -7, -9,
    -4, -9, 2, 2, -4, -4, -4, -16,
    -16, -16, -4, -7, -13, -20, -16, -20,
    -2, -11, -11, -11, -16, -16, -16, -16,
    4, 4, 7, 7, -11, -11, -11, -7,
    -13, -4, -13, -11, 7, -7, -7, -7,
    -7, -7, -7, -7, -7, -13, -4, -4,
    -4, -4, -4, -11, -11, -4, -2, 4,
    -7, -7, -7, -7, -7, -7, -9, -9,
    -7, -7, -7, -2, -11, -11, -11, -7,
    -7, -7, -7, -7, -7, -7, -7, -7,
    -7, -7, -7, -4, -4, -4, -11, -11,
    -11, -7, -4, -4, -4, -4, -4, -4,
    -4, 2, 2, -4, -4, -4, -4, -7,
    -4, -4, -4, -7, -4, -4, 4, 4,
    -7, -7, -7, -7, 2, 2, 2, 2,
    -16, -16, -11, -11, -9, -9, -9, -9,
    -9, -9, -9, 2, -7, -7, -9, -4,
    -7, -4, -4, -9, -9, -9, -4, -4,
    -4, -7, -7, -9, -7, -4, -7, -4,
    -4, -4, -4, -7, -7, 2, -9, -9,
    -4, -4, -9, -4, -4, -7, -7, 2,
    2, 2, -11, -4, -11, -11, -7, -4,
    -7, -7, -4, -4, -11, -11, -11, -9,
    -9, -4, -4, -4, -4, -4, -20, -9,
    -9, -4, -4, -4, -4, -4, -16, -11,
    -2, -9, -13, -2, -2, -2, -2, -4,
    -4, -7, -7, -9, -9, -4, -4, -4,
    -4, -4, -4, -7, -4, -4, -4, -7,
    -7, -16, -7, -9, -2, -9, -9, -7,
    -4, -9, -9, -13, -11, -11, -11, -18,
    -9, -7, -4, -4, -4, 2, -4, -4,
    -4, -4, -4, -13, -9, -9, -9, -7,
    -7, -7, -7, -16, -7, -4, -7, -7,
    -4, -4, -7, -4, -4, -4, -2, -11,
    -7, -9, 4, 4, -4, -4, -9, -9,
    -9, -4, -2, -4, -4, -7, -7, -7,
    -4, -4, -4, -13, -13, -13, -11, -16,
    -16, -16, -16, -7, -4, -4, -7, -2,
    -7, -4, -7, -7, -7, 4, 4, -7,
    -7, -7, -4, -2, -4, -7, -4, -7,
    -4, -13, -7, -4, -7, -16, -4, -4,
    -11, -7, -4, -4, -4, -4, -9, -4,
    -4, -7, -4, -4, -4, -4, 7, 7,
    7, 11, 7, 7, 11, -4, -4, -2,
    -7, 4, -7, -7, -4, 4, 4, -7,
    -13, -13, -13, -11, -4, -18, -4, -4,
    -4, -7, -4, -4, -4, -4, -4, -4,
    -4, -4, -4, -4, -4, -2, -2, -2,
    -7, -7, -7, -7, -4, -4, -4, -4,
    -4, -7, -11, -2, -4, -4, -11, -4,
    -4, -4, -11, -7, -7, -7, -4, -7,
    -4, -13, -13, -9, -9, -9, -9, -9,
    -4, -4, -4, -4, -11, -11, -4, -4,
    -13, -4, -2, -2, -13, -13, -13, -7,
    -9, -11
};

/*Collect the kern pair's data in one place*/
static const lv_font_fmt_txt_kern_pair_t kern_pairs =
{
    .glyph_ids = kern_pair_glyph_ids,
    .values = kern_pair_values,
    .pair_cnt = 514,
    .glyph_ids_size = 1
};

/*--------------------
 *  ALL CUSTOM DATA
 *--------------------*/

#if LVGL_VERSION_MAJOR == 8
/*Store all the custom data of the font*/
static  lv_font_fmt_txt_glyph_cache_t cache;
#endif

#if LVGL_VERSION_MAJOR >= 8
static const lv_font_fmt_txt_dsc_t font_dsc = {
#else
static lv_font_fmt_txt_dsc_t font_dsc = {
#endif
    .glyph_bitmap = glyph_bitmap,
    .glyph_dsc = glyph_dsc,
    .cmaps = cmaps,
    .kern_dsc = &kern_pairs,
    .kern_scale = 16,
    .cmap_num = 3,
    .bpp = 1,
    .kern_classes = 0,
    .bitmap_format = 0,
#if LVGL_VERSION_MAJOR == 8
    .cache = &cache
#endif
};

/*-----------------
 *  PUBLIC FONT
 *----------------*/

/*Initialize a public general font descriptor*/
#if LVGL_VERSION_MAJOR >= 8
const lv_font_t ui_font_font_jp_14 = {
#else
lv_font_t ui_font_font_jp_14 = {
#endif
    .get_glyph_dsc = lv_font_get_glyph_dsc_fmt_txt,    /*Function pointer to get glyph's data*/
    .get_glyph_bitmap = lv_font_get_bitmap_fmt_txt,    /*Function pointer to get glyph's bitmap*/
    .line_height = 15,          /*The maximum line height required by the font*/
    .base_line = 2,             /*Baseline measured from the bottom of the line*/
#if !(LVGL_VERSION_MAJOR == 6 && LVGL_VERSION_MINOR == 0)
    .subpx = LV_FONT_SUBPX_NONE,
#endif
#if LV_VERSION_CHECK(7, 4, 0) || LVGL_VERSION_MAJOR >= 8
    .underline_position = -2,
    .underline_thickness = 1,
#endif
    .dsc = &font_dsc,          /*The custom font data. Will be accessed by `get_glyph_bitmap/dsc` */
#if LV_VERSION_CHECK(8, 2, 0) || LVGL_VERSION_MAJOR >= 9
    .fallback = NULL,
#endif
    .user_data = NULL,
};

#endif /*#if UI_FONT_FONT_JP_14*/